class,graph_file,structure_id,representative_graph,representative_structure_id,class_size,provisional_class
class_1,PTP1B_9_final.txt,PTP1B_9,PTP1B_9_final.txt,PTP1B_9,7,class_1
class_1,PTP1B_41_final.txt,PTP1B_41,PTP1B_9_final.txt,PTP1B_9,7,class_1
class_1,PTP1B_109_final.txt,PTP1B_109,PTP1B_9_final.txt,PTP1B_9,7,class_1
class_1,PTP1B_120_final.txt,PTP1B_120,PTP1B_9_final.txt,PTP1B_9,7,class_1
class_1,PTP1B_129_final.txt,PTP1B_129,PTP1B_9_final.txt,PTP1B_9,7,class_1
class_1,PTP1B_168_final.txt,PTP1B_168,PTP1B_9_final.txt,PTP1B_9,7,class_1
class_1,PTP1B_186_final.txt,PTP1B_186,PTP1B_9_final.txt,PTP1B_9,7,class_1
class_2,PTP1B_78_final.txt,PTP1B_78,PTP1B_78_final.txt,PTP1B_78,1,class_2
class_3,PTP1B_80_final.txt,PTP1B_80,PTP1B_80_final.txt,PTP1B_80,1,class_3
class_4,PTP1B_152_final.txt,PTP1B_152,PTP1B_152_final.txt,PTP1B_152,1,class_4
class_5,PTP1B_18_final.txt,PTP1B_18,PTP1B_18_final.txt,PTP1B_18,4,class_5
class_5,PTP1B_68_final.txt,PTP1B_68,PTP1B_18_final.txt,PTP1B_18,4,class_5
class_5,PTP1B_191_final.txt,PTP1B_191,PTP1B_18_final.txt,PTP1B_18,4,class_5
class_5,PTP1B_207_final.txt,PTP1B_207,PTP1B_18_final.txt,PTP1B_18,4,class_5
class_6,PTP1B_19_final.txt,PTP1B_19,PTP1B_19_final.txt,PTP1B_19,1,class_6
class_7,PTP1B_27_final.txt,PTP1B_27,PTP1B_27_final.txt,PTP1B_27,12,class_7
class_7,PTP1B_39_final.txt,PTP1B_39,PTP1B_27_final.txt,PTP1B_27,12,class_7
class_7,PTP1B_30_final.txt,PTP1B_30,PTP1B_27_final.txt,PTP1B_27,12,class_7
class_7,PTP1B_81_final.txt,PTP1B_81,PTP1B_27_final.txt,PTP1B_27,12,class_7
class_7,PTP1B_103_final.txt,PTP1B_103,PTP1B_27_final.txt,PTP1B_27,12,class_7
class_7,PTP1B_131_final.txt,PTP1B_131,PTP1B_27_final.txt,PTP1B_27,12,class_7
class_7,PTP1B_136_final.txt,PTP1B_136,PTP1B_27_final.txt,PTP1B_27,12,class_7
class_7,PTP1B_162_final.txt,PTP1B_162,PTP1B_27_final.txt,PTP1B_27,12,class_7
class_7,PTP1B_214_final.txt,PTP1B_214,PTP1B_27_final.txt,PTP1B_27,12,class_7
class_7,PTP1B_223_final.txt,PTP1B_223,PTP1B_27_final.txt,PTP1B_27,12,class_7
class_7,PTP1B_215_final.txt,PTP1B_215,PTP1B_27_final.txt,PTP1B_27,12,class_7
class_7,PTP1B_226_final.txt,PTP1B_226,PTP1B_27_final.txt,PTP1B_27,12,class_7
class_8,PTP1B_43_final.txt,PTP1B_43,PTP1B_43_final.txt,PTP1B_43,3,class_8
class_8,PTP1B_102_final.txt,PTP1B_102,PTP1B_43_final.txt,PTP1B_43,3,class_8
class_8,PTP1B_107_final.txt,PTP1B_107,PTP1B_43_final.txt,PTP1B_43,3,class_8
class_9,PTP1B_73_final.txt,PTP1B_73,PTP1B_73_final.txt,PTP1B_73,1,class_9
class_10,PTP1B_126_final.txt,PTP1B_126,PTP1B_126_final.txt,PTP1B_126,1,class_10
class_11,PTP1B_153_final.txt,PTP1B_153,PTP1B_153_final.txt,PTP1B_153,1,class_11
class_12,PTP1B_181_final.txt,PTP1B_181,PTP1B_181_final.txt,PTP1B_181,2,class_12
class_12,PTP1B_290_final.txt,PTP1B_290,PTP1B_181_final.txt,PTP1B_181,2,class_12
class_13,PTP1B_208_final.txt,PTP1B_208,PTP1B_208_final.txt,PTP1B_208,1,class_13
class_14,PTP1B_231_final.txt,PTP1B_231,PTP1B_231_final.txt,PTP1B_231,2,class_14
class_14,PTP1B_281_final.txt,PTP1B_281,PTP1B_231_final.txt,PTP1B_231,2,class_14
class_15,PTP1B_286_final.txt,PTP1B_286,PTP1B_286_final.txt,PTP1B_286,1,class_15
class_16,PTP1B_314_final.txt,PTP1B_314,PTP1B_314_final.txt,PTP1B_314,1,class_16
class_17,PTP1B_3_final.txt,PTP1B_3,PTP1B_3_final.txt,PTP1B_3,1,class_17
class_18,PTP1B_6_final.txt,PTP1B_6,PTP1B_6_final.txt,PTP1B_6,3,class_18
class_18,PTP1B_64_final.txt,PTP1B_64,PTP1B_6_final.txt,PTP1B_6,3,class_18
class_18,PTP1B_77_final.txt,PTP1B_77,PTP1B_6_final.txt,PTP1B_6,3,class_18
class_19,PTP1B_7_final.txt,PTP1B_7,PTP1B_7_final.txt,PTP1B_7,10,class_19
class_19,PTP1B_14_final.txt,PTP1B_14,PTP1B_7_final.txt,PTP1B_7,10,class_19
class_19,PTP1B_11_final.txt,PTP1B_11,PTP1B_7_final.txt,PTP1B_7,10,class_19
class_19,PTP1B_100_final.txt,PTP1B_100,PTP1B_7_final.txt,PTP1B_7,10,class_19
class_19,PTP1B_108_final.txt,PTP1B_108,PTP1B_7_final.txt,PTP1B_7,10,class_19
class_19,PTP1B_155_final.txt,PTP1B_155,PTP1B_7_final.txt,PTP1B_7,10,class_19
class_19,PTP1B_163_final.txt,PTP1B_163,PTP1B_7_final.txt,PTP1B_7,10,class_19
class_19,PTP1B_171_final.txt,PTP1B_171,PTP1B_7_final.txt,PTP1B_7,10,class_19
class_19,PTP1B_192_final.txt,PTP1B_192,PTP1B_7_final.txt,PTP1B_7,10,class_19
class_19,PTP1B_213_final.txt,PTP1B_213,PTP1B_7_final.txt,PTP1B_7,10,class_19
class_20,PTP1B_21_final.txt,PTP1B_21,PTP1B_21_final.txt,PTP1B_21,6,class_20
class_20,PTP1B_59_final.txt,PTP1B_59,PTP1B_21_final.txt,PTP1B_21,6,class_20
class_20,PTP1B_62_final.txt,PTP1B_62,PTP1B_21_final.txt,PTP1B_21,6,class_20
class_20,PTP1B_115_final.txt,PTP1B_115,PTP1B_21_final.txt,PTP1B_21,6,class_20
class_20,PTP1B_187_final.txt,PTP1B_187,PTP1B_21_final.txt,PTP1B_21,6,class_20
class_20,PTP1B_222_final.txt,PTP1B_222,PTP1B_21_final.txt,PTP1B_21,6,class_20
class_21,PTP1B_28_final.txt,PTP1B_28,PTP1B_28_final.txt,PTP1B_28,2,class_21
class_21,PTP1B_72_final.txt,PTP1B_72,PTP1B_28_final.txt,PTP1B_28,2,class_21
class_22,PTP1B_37_final.txt,PTP1B_37,PTP1B_37_final.txt,PTP1B_37,3,class_22
class_22,PTP1B_157_final.txt,PTP1B_157,PTP1B_37_final.txt,PTP1B_37,3,class_22
class_22,PTP1B_249_final.txt,PTP1B_249,PTP1B_37_final.txt,PTP1B_37,3,class_22
class_23,PTP1B_38_final.txt,PTP1B_38,PTP1B_38_final.txt,PTP1B_38,4,class_23
class_23,PTP1B_63_final.txt,PTP1B_63,PTP1B_38_final.txt,PTP1B_38,4,class_23
class_23,PTP1B_124_final.txt,PTP1B_124,PTP1B_38_final.txt,PTP1B_38,4,class_23
class_23,PTP1B_167_final.txt,PTP1B_167,PTP1B_38_final.txt,PTP1B_38,4,class_23
class_24,PTP1B_51_final.txt,PTP1B_51,PTP1B_51_final.txt,PTP1B_51,2,class_24
class_24,PTP1B_86_final.txt,PTP1B_86,PTP1B_51_final.txt,PTP1B_51,2,class_24
class_25,PTP1B_53_final.txt,PTP1B_53,PTP1B_53_final.txt,PTP1B_53,2,class_25
class_25,PTP1B_166_final.txt,PTP1B_166,PTP1B_53_final.txt,PTP1B_53,2,class_25
class_26,PTP1B_85_final.txt,PTP1B_85,PTP1B_85_final.txt,PTP1B_85,1,class_26
class_27,PTP1B_118_final.txt,PTP1B_118,PTP1B_118_final.txt,PTP1B_118,3,class_27
class_27,PTP1B_205_final.txt,PTP1B_205,PTP1B_118_final.txt,PTP1B_118,3,class_27
class_27,PTP1B_273_final.txt,PTP1B_273,PTP1B_118_final.txt,PTP1B_118,3,class_27
class_28,PTP1B_144_final.txt,PTP1B_144,PTP1B_144_final.txt,PTP1B_144,1,class_28
class_29,PTP1B_160_final.txt,PTP1B_160,PTP1B_160_final.txt,PTP1B_160,4,class_29
class_29,PTP1B_253_final.txt,PTP1B_253,PTP1B_160_final.txt,PTP1B_160,4,class_29
class_29,PTP1B_269_final.txt,PTP1B_269,PTP1B_160_final.txt,PTP1B_160,4,class_29
class_29,PTP1B_292_final.txt,PTP1B_292,PTP1B_160_final.txt,PTP1B_160,4,class_29
class_30,PTP1B_210_final.txt,PTP1B_210,PTP1B_210_final.txt,PTP1B_210,1,class_30
class_31,PTP1B_217_final.txt,PTP1B_217,PTP1B_217_final.txt,PTP1B_217,1,class_31
class_32,PTP1B_248_final.txt,PTP1B_248,PTP1B_248_final.txt,PTP1B_248,1,class_32
class_33,PTP1B_275_final.txt,PTP1B_275,PTP1B_275_final.txt,PTP1B_275,1,class_33
class_34,PTP1B_298_final.txt,PTP1B_298,PTP1B_298_final.txt,PTP1B_298,1,class_34
class_35,PTP1B_4_final.txt,PTP1B_4,PTP1B_4_final.txt,PTP1B_4,9,class_35
class_35,PTP1B_32_final.txt,PTP1B_32,PTP1B_4_final.txt,PTP1B_4,9,class_35
class_35,PTP1B_52_final.txt,PTP1B_52,PTP1B_4_final.txt,PTP1B_4,9,class_35
class_35,PTP1B_54_final.txt,PTP1B_54,PTP1B_4_final.txt,PTP1B_4,9,class_35
class_35,PTP1B_56_final.txt,PTP1B_56,PTP1B_4_final.txt,PTP1B_4,9,class_35
class_35,PTP1B_67_final.txt,PTP1B_67,PTP1B_4_final.txt,PTP1B_4,9,class_35
class_35,PTP1B_79_final.txt,PTP1B_79,PTP1B_4_final.txt,PTP1B_4,9,class_35
class_35,PTP1B_83_final.txt,PTP1B_83,PTP1B_4_final.txt,PTP1B_4,9,class_35
class_35,PTP1B_242_final.txt,PTP1B_242,PTP1B_4_final.txt,PTP1B_4,9,class_35
class_36,PTP1B_5_final.txt,PTP1B_5,PTP1B_5_final.txt,PTP1B_5,1,class_36
class_37,PTP1B_8_final.txt,PTP1B_8,PTP1B_8_final.txt,PTP1B_8,20,class_37
class_37,PTP1B_22_final.txt,PTP1B_22,PTP1B_8_final.txt,PTP1B_8,20,class_37
class_37,PTP1B_50_final.txt,PTP1B_50,PTP1B_8_final.txt,PTP1B_8,20,class_37
class_37,PTP1B_57_final.txt,PTP1B_57,PTP1B_8_final.txt,PTP1B_8,20,class_37
class_37,PTP1B_58_final.txt,PTP1B_58,PTP1B_8_final.txt,PTP1B_8,20,class_37
class_37,PTP1B_66_final.txt,PTP1B_66,PTP1B_8_final.txt,PTP1B_8,20,class_37
class_37,PTP1B_69_final.txt,PTP1B_69,PTP1B_8_final.txt,PTP1B_8,20,class_37
class_37,PTP1B_91_final.txt,PTP1B_91,PTP1B_8_final.txt,PTP1B_8,20,class_37
class_37,PTP1B_98_final.txt,PTP1B_98,PTP1B_8_final.txt,PTP1B_8,20,class_37
class_37,PTP1B_116_final.txt,PTP1B_116,PTP1B_8_final.txt,PTP1B_8,20,class_37
class_37,PTP1B_122_final.txt,PTP1B_122,PTP1B_8_final.txt,PTP1B_8,20,class_37
class_37,PTP1B_123_final.txt,PTP1B_123,PTP1B_8_final.txt,PTP1B_8,20,class_37
class_37,PTP1B_135_final.txt,PTP1B_135,PTP1B_8_final.txt,PTP1B_8,20,class_37
class_37,PTP1B_140_final.txt,PTP1B_140,PTP1B_8_final.txt,PTP1B_8,20,class_37
class_37,PTP1B_146_final.txt,PTP1B_146,PTP1B_8_final.txt,PTP1B_8,20,class_37
class_37,PTP1B_150_final.txt,PTP1B_150,PTP1B_8_final.txt,PTP1B_8,20,class_37
class_37,PTP1B_176_final.txt,PTP1B_176,PTP1B_8_final.txt,PTP1B_8,20,class_37
class_37,PTP1B_232_final.txt,PTP1B_232,PTP1B_8_final.txt,PTP1B_8,20,class_37
class_37,PTP1B_236_final.txt,PTP1B_236,PTP1B_8_final.txt,PTP1B_8,20,class_37
class_37,PTP1B_238_final.txt,PTP1B_238,PTP1B_8_final.txt,PTP1B_8,20,class_37
class_38,PTP1B_13_final.txt,PTP1B_13,PTP1B_13_final.txt,PTP1B_13,1,class_38
class_39,PTP1B_16_final.txt,PTP1B_16,PTP1B_16_final.txt,PTP1B_16,1,class_39
class_40,PTP1B_24_final.txt,PTP1B_24,PTP1B_24_final.txt,PTP1B_24,8,class_40
class_40,PTP1B_31_final.txt,PTP1B_31,PTP1B_24_final.txt,PTP1B_24,8,class_40
class_40,PTP1B_74_final.txt,PTP1B_74,PTP1B_24_final.txt,PTP1B_24,8,class_40
class_40,PTP1B_93_final.txt,PTP1B_93,PTP1B_24_final.txt,PTP1B_24,8,class_40
class_40,PTP1B_106_final.txt,PTP1B_106,PTP1B_24_final.txt,PTP1B_24,8,class_40
class_40,PTP1B_127_final.txt,PTP1B_127,PTP1B_24_final.txt,PTP1B_24,8,class_40
class_40,PTP1B_206_final.txt,PTP1B_206,PTP1B_24_final.txt,PTP1B_24,8,class_40
class_40,PTP1B_244_final.txt,PTP1B_244,PTP1B_24_final.txt,PTP1B_24,8,class_40
class_41,PTP1B_35_final.txt,PTP1B_35,PTP1B_35_final.txt,PTP1B_35,1,class_41
class_42,PTP1B_44_final.txt,PTP1B_44,PTP1B_44_final.txt,PTP1B_44,1,class_42
class_43,PTP1B_55_final.txt,PTP1B_55,PTP1B_55_final.txt,PTP1B_55,1,class_43
class_44,PTP1B_87_final.txt,PTP1B_87,PTP1B_87_final.txt,PTP1B_87,4,class_44
class_44,PTP1B_117_final.txt,PTP1B_117,PTP1B_87_final.txt,PTP1B_87,4,class_44
class_44,PTP1B_227_final.txt,PTP1B_227,PTP1B_87_final.txt,PTP1B_87,4,class_44
class_44,PTP1B_255_final.txt,PTP1B_255,PTP1B_87_final.txt,PTP1B_87,4,class_44
class_45,PTP1B_88_final.txt,PTP1B_88,PTP1B_88_final.txt,PTP1B_88,1,class_45
class_46,PTP1B_95_final.txt,PTP1B_95,PTP1B_95_final.txt,PTP1B_95,7,class_46
class_46,PTP1B_145_final.txt,PTP1B_145,PTP1B_95_final.txt,PTP1B_95,7,class_46
class_46,PTP1B_182_final.txt,PTP1B_182,PTP1B_95_final.txt,PTP1B_95,7,class_46
class_46,PTP1B_193_final.txt,PTP1B_193,PTP1B_95_final.txt,PTP1B_95,7,class_46
class_46,PTP1B_211_final.txt,PTP1B_211,PTP1B_95_final.txt,PTP1B_95,7,class_46
class_46,PTP1B_230_final.txt,PTP1B_230,PTP1B_95_final.txt,PTP1B_95,7,class_46
class_46,PTP1B_263_final.txt,PTP1B_263,PTP1B_95_final.txt,PTP1B_95,7,class_46
class_47,PTP1B_101_final.txt,PTP1B_101,PTP1B_101_final.txt,PTP1B_101,1,class_47
class_48,PTP1B_114_final.txt,PTP1B_114,PTP1B_114_final.txt,PTP1B_114,2,class_48
class_48,PTP1B_237_final.txt,PTP1B_237,PTP1B_114_final.txt,PTP1B_114,2,class_48
class_49,PTP1B_134_final.txt,PTP1B_134,PTP1B_134_final.txt,PTP1B_134,2,class_49
class_49,PTP1B_156_final.txt,PTP1B_156,PTP1B_134_final.txt,PTP1B_134,2,class_49
class_50,PTP1B_143_final.txt,PTP1B_143,PTP1B_143_final.txt,PTP1B_143,1,class_50
class_51,PTP1B_169_final.txt,PTP1B_169,PTP1B_169_final.txt,PTP1B_169,5,class_51
class_51,PTP1B_259_final.txt,PTP1B_259,PTP1B_169_final.txt,PTP1B_169,5,class_51
class_51,PTP1B_258_final.txt,PTP1B_258,PTP1B_169_final.txt,PTP1B_169,5,class_51
class_51,PTP1B_289_final.txt,PTP1B_289,PTP1B_169_final.txt,PTP1B_169,5,class_51
class_51,PTP1B_305_final.txt,PTP1B_305,PTP1B_169_final.txt,PTP1B_169,5,class_51
class_52,PTP1B_175_final.txt,PTP1B_175,PTP1B_175_final.txt,PTP1B_175,1,class_52
class_53,PTP1B_189_final.txt,PTP1B_189,PTP1B_189_final.txt,PTP1B_189,1,class_53
class_54,PTP1B_216_final.txt,PTP1B_216,PTP1B_216_final.txt,PTP1B_216,1,class_54
class_55,PTP1B_224_final.txt,PTP1B_224,PTP1B_224_final.txt,PTP1B_224,1,class_55
class_56,PTP1B_225_final.txt,PTP1B_225,PTP1B_225_final.txt,PTP1B_225,1,class_56
class_57,PTP1B_234_final.txt,PTP1B_234,PTP1B_234_final.txt,PTP1B_234,1,class_57
class_58,PTP1B_241_final.txt,PTP1B_241,PTP1B_241_final.txt,PTP1B_241,2,class_58
class_58,PTP1B_312_final.txt,PTP1B_312,PTP1B_241_final.txt,PTP1B_241,2,class_58
class_59,PTP1B_251_final.txt,PTP1B_251,PTP1B_251_final.txt,PTP1B_251,1,class_59
class_60,PTP1B_262_final.txt,PTP1B_262,PTP1B_262_final.txt,PTP1B_262,1,class_60
class_61,PTP1B_268_final.txt,PTP1B_268,PTP1B_268_final.txt,PTP1B_268,1,class_61
class_62,PTP1B_271_final.txt,PTP1B_271,PTP1B_271_final.txt,PTP1B_271,1,class_62
class_63,PTP1B_276_final.txt,PTP1B_276,PTP1B_276_final.txt,PTP1B_276,1,class_63
class_64,PTP1B_294_final.txt,PTP1B_294,PTP1B_294_final.txt,PTP1B_294,1,class_64
class_65,PTP1B_299_final.txt,PTP1B_299,PTP1B_299_final.txt,PTP1B_299,2,class_65
class_65,PTP1B_304_final.txt,PTP1B_304,PTP1B_299_final.txt,PTP1B_299,2,class_65
class_66,PTP1B_301_final.txt,PTP1B_301,PTP1B_301_final.txt,PTP1B_301,1,class_66
class_67,PTP1B_1_final.txt,PTP1B_1,PTP1B_1_final.txt,PTP1B_1,2,class_67
class_67,PTP1B_61_final.txt,PTP1B_61,PTP1B_1_final.txt,PTP1B_1,2,class_67
class_68,PTP1B_10_final.txt,PTP1B_10,PTP1B_10_final.txt,PTP1B_10,41,class_68
class_68,PTP1B_15_final.txt,PTP1B_15,PTP1B_10_final.txt,PTP1B_10,41,class_68
class_68,PTP1B_12_final.txt,PTP1B_12,PTP1B_10_final.txt,PTP1B_10,41,class_68
class_68,PTP1B_17_final.txt,PTP1B_17,PTP1B_10_final.txt,PTP1B_10,41,class_68
class_68,PTP1B_20_final.txt,PTP1B_20,PTP1B_10_final.txt,PTP1B_10,41,class_68
class_68,PTP1B_25_final.txt,PTP1B_25,PTP1B_10_final.txt,PTP1B_10,41,class_68
class_68,PTP1B_33_final.txt,PTP1B_33,PTP1B_10_final.txt,PTP1B_10,41,class_68
class_68,PTP1B_34_final.txt,PTP1B_34,PTP1B_10_final.txt,PTP1B_10,41,class_68
class_68,PTP1B_40_final.txt,PTP1B_40,PTP1B_10_final.txt,PTP1B_10,41,class_68
class_68,PTP1B_42_final.txt,PTP1B_42,PTP1B_10_final.txt,PTP1B_10,41,class_68
class_68,PTP1B_45_final.txt,PTP1B_45,PTP1B_10_final.txt,PTP1B_10,41,class_68
class_68,PTP1B_46_final.txt,PTP1B_46,PTP1B_10_final.txt,PTP1B_10,41,class_68
class_68,PTP1B_47_final.txt,PTP1B_47,PTP1B_10_final.txt,PTP1B_10,41,class_68
class_68,PTP1B_49_final.txt,PTP1B_49,PTP1B_10_final.txt,PTP1B_10,41,class_68
class_68,PTP1B_65_final.txt,PTP1B_65,PTP1B_10_final.txt,PTP1B_10,41,class_68
class_68,PTP1B_71_final.txt,PTP1B_71,PTP1B_10_final.txt,PTP1B_10,41,class_68
class_68,PTP1B_76_final.txt,PTP1B_76,PTP1B_10_final.txt,PTP1B_10,41,class_68
class_68,PTP1B_92_final.txt,PTP1B_92,PTP1B_10_final.txt,PTP1B_10,41,class_68
class_68,PTP1B_94_final.txt,PTP1B_94,PTP1B_10_final.txt,PTP1B_10,41,class_68
class_68,PTP1B_96_final.txt,PTP1B_96,PTP1B_10_final.txt,PTP1B_10,41,class_68
class_68,PTP1B_110_final.txt,PTP1B_110,PTP1B_10_final.txt,PTP1B_10,41,class_68
class_68,PTP1B_111_final.txt,PTP1B_111,PTP1B_10_final.txt,PTP1B_10,41,class_68
class_68,PTP1B_121_final.txt,PTP1B_121,PTP1B_10_final.txt,PTP1B_10,41,class_68
class_68,PTP1B_132_final.txt,PTP1B_132,PTP1B_10_final.txt,PTP1B_10,41,class_68
class_68,PTP1B_137_final.txt,PTP1B_137,PTP1B_10_final.txt,PTP1B_10,41,class_68
class_68,PTP1B_139_final.txt,PTP1B_139,PTP1B_10_final.txt,PTP1B_10,41,class_68
class_68,PTP1B_141_final.txt,PTP1B_141,PTP1B_10_final.txt,PTP1B_10,41,class_68
class_68,PTP1B_142_final.txt,PTP1B_142,PTP1B_10_final.txt,PTP1B_10,41,class_68
class_68,PTP1B_147_final.txt,PTP1B_147,PTP1B_10_final.txt,PTP1B_10,41,class_68
class_68,PTP1B_159_final.txt,PTP1B_159,PTP1B_10_final.txt,PTP1B_10,41,class_68
class_68,PTP1B_161_final.txt,PTP1B_161,PTP1B_10_final.txt,PTP1B_10,41,class_68
class_68,PTP1B_164_final.txt,PTP1B_164,PTP1B_10_final.txt,PTP1B_10,41,class_68
class_68,PTP1B_183_final.txt,PTP1B_183,PTP1B_10_final.txt,PTP1B_10,41,class_68
class_68,PTP1B_184_final.txt,PTP1B_184,PTP1B_10_final.txt,PTP1B_10,41,class_68
class_68,PTP1B_188_final.txt,PTP1B_188,PTP1B_10_final.txt,PTP1B_10,41,class_68
class_68,PTP1B_190_final.txt,PTP1B_190,PTP1B_10_final.txt,PTP1B_10,41,class_68
class_68,PTP1B_200_final.txt,PTP1B_200,PTP1B_10_final.txt,PTP1B_10,41,class_68
class_68,PTP1B_202_final.txt,PTP1B_202,PTP1B_10_final.txt,PTP1B_10,41,class_68
class_68,PTP1B_252_final.txt,PTP1B_252,PTP1B_10_final.txt,PTP1B_10,41,class_68
class_68,PTP1B_265_final.txt,PTP1B_265,PTP1B_10_final.txt,PTP1B_10,41,class_68
class_68,PTP1B_288_final.txt,PTP1B_288,PTP1B_10_final.txt,PTP1B_10,41,class_68
class_69,PTP1B_23_final.txt,PTP1B_23,PTP1B_23_final.txt,PTP1B_23,5,class_69
class_69,PTP1B_99_final.txt,PTP1B_99,PTP1B_23_final.txt,PTP1B_23,5,class_69
class_69,PTP1B_133_final.txt,PTP1B_133,PTP1B_23_final.txt,PTP1B_23,5,class_69
class_69,PTP1B_158_final.txt,PTP1B_158,PTP1B_23_final.txt,PTP1B_23,5,class_69
class_69,PTP1B_199_final.txt,PTP1B_199,PTP1B_23_final.txt,PTP1B_23,5,class_69
class_70,PTP1B_48_final.txt,PTP1B_48,PTP1B_48_final.txt,PTP1B_48,4,class_70
class_70,PTP1B_113_final.txt,PTP1B_113,PTP1B_48_final.txt,PTP1B_48,4,class_70
class_70,PTP1B_128_final.txt,PTP1B_128,PTP1B_48_final.txt,PTP1B_48,4,class_70
class_70,PTP1B_170_final.txt,PTP1B_170,PTP1B_48_final.txt,PTP1B_48,4,class_70
class_71,PTP1B_75_final.txt,PTP1B_75,PTP1B_75_final.txt,PTP1B_75,4,class_71
class_71,PTP1B_104_final.txt,PTP1B_104,PTP1B_75_final.txt,PTP1B_75,4,class_71
class_71,PTP1B_154_final.txt,PTP1B_154,PTP1B_75_final.txt,PTP1B_75,4,class_71
class_71,PTP1B_282_final.txt,PTP1B_282,PTP1B_75_final.txt,PTP1B_75,4,class_71
class_72,PTP1B_97_final.txt,PTP1B_97,PTP1B_97_final.txt,PTP1B_97,2,class_72
class_72,PTP1B_293_final.txt,PTP1B_293,PTP1B_97_final.txt,PTP1B_97,2,class_72
class_73,PTP1B_105_final.txt,PTP1B_105,PTP1B_105_final.txt,PTP1B_105,2,class_73
class_73,PTP1B_302_final.txt,PTP1B_302,PTP1B_105_final.txt,PTP1B_105,2,class_73
class_74,PTP1B_138_final.txt,PTP1B_138,PTP1B_138_final.txt,PTP1B_138,8,class_74
class_74,PTP1B_194_final.txt,PTP1B_194,PTP1B_138_final.txt,PTP1B_138,8,class_74
class_74,PTP1B_209_final.txt,PTP1B_209,PTP1B_138_final.txt,PTP1B_138,8,class_74
class_74,PTP1B_212_final.txt,PTP1B_212,PTP1B_138_final.txt,PTP1B_138,8,class_74
class_74,PTP1B_218_final.txt,PTP1B_218,PTP1B_138_final.txt,PTP1B_138,8,class_74
class_74,PTP1B_246_final.txt,PTP1B_246,PTP1B_138_final.txt,PTP1B_138,8,class_74
class_74,PTP1B_285_final.txt,PTP1B_285,PTP1B_138_final.txt,PTP1B_138,8,class_74
class_74,PTP1B_296_final.txt,PTP1B_296,PTP1B_138_final.txt,PTP1B_138,8,class_74
class_75,PTP1B_149_final.txt,PTP1B_149,PTP1B_149_final.txt,PTP1B_149,1,class_75
class_76,PTP1B_173_final.txt,PTP1B_173,PTP1B_173_final.txt,PTP1B_173,2,class_76
class_76,PTP1B_283_final.txt,PTP1B_283,PTP1B_173_final.txt,PTP1B_173,2,class_76
class_77,PTP1B_174_final.txt,PTP1B_174,PTP1B_174_final.txt,PTP1B_174,2,class_77
class_77,PTP1B_177_final.txt,PTP1B_177,PTP1B_174_final.txt,PTP1B_174,2,class_77
class_78,PTP1B_196_final.txt,PTP1B_196,PTP1B_196_final.txt,PTP1B_196,1,class_78
class_79,PTP1B_198_final.txt,PTP1B_198,PTP1B_198_final.txt,PTP1B_198,5,class_79
class_79,PTP1B_247_final.txt,PTP1B_247,PTP1B_198_final.txt,PTP1B_198,5,class_79
class_79,PTP1B_277_final.txt,PTP1B_277,PTP1B_198_final.txt,PTP1B_198,5,class_79
class_79,PTP1B_279_final.txt,PTP1B_279,PTP1B_198_final.txt,PTP1B_198,5,class_79
class_79,PTP1B_310_final.txt,PTP1B_310,PTP1B_198_final.txt,PTP1B_198,5,class_79
class_80,PTP1B_220_final.txt,PTP1B_220,PTP1B_220_final.txt,PTP1B_220,2,class_80
class_80,PTP1B_240_final.txt,PTP1B_240,PTP1B_220_final.txt,PTP1B_220,2,class_80
class_81,PTP1B_221_final.txt,PTP1B_221,PTP1B_221_final.txt,PTP1B_221,1,class_81
class_82,PTP1B_245_final.txt,PTP1B_245,PTP1B_245_final.txt,PTP1B_245,1,class_82
class_83,PTP1B_260_final.txt,PTP1B_260,PTP1B_260_final.txt,PTP1B_260,2,class_83
class_83,PTP1B_306_final.txt,PTP1B_306,PTP1B_260_final.txt,PTP1B_260,2,class_83
class_84,PTP1B_264_final.txt,PTP1B_264,PTP1B_264_final.txt,PTP1B_264,1,class_84
class_85,PTP1B_284_final.txt,PTP1B_284,PTP1B_284_final.txt,PTP1B_284,1,class_85
class_86,PTP1B_295_final.txt,PTP1B_295,PTP1B_295_final.txt,PTP1B_295,1,class_86
class_87,PTP1B_70_final.txt,PTP1B_70,PTP1B_70_final.txt,PTP1B_70,22,class_87
class_87,PTP1B_82_final.txt,PTP1B_82,PTP1B_70_final.txt,PTP1B_70,22,class_87
class_87,PTP1B_89_final.txt,PTP1B_89,PTP1B_70_final.txt,PTP1B_70,22,class_87
class_87,PTP1B_112_final.txt,PTP1B_112,PTP1B_70_final.txt,PTP1B_70,22,class_87
class_87,PTP1B_125_final.txt,PTP1B_125,PTP1B_70_final.txt,PTP1B_70,22,class_87
class_87,PTP1B_130_final.txt,PTP1B_130,PTP1B_70_final.txt,PTP1B_70,22,class_87
class_87,PTP1B_178_final.txt,PTP1B_178,PTP1B_70_final.txt,PTP1B_70,22,class_87
class_87,PTP1B_180_final.txt,PTP1B_180,PTP1B_70_final.txt,PTP1B_70,22,class_87
class_87,PTP1B_197_final.txt,PTP1B_197,PTP1B_70_final.txt,PTP1B_70,22,class_87
class_87,PTP1B_201_final.txt,PTP1B_201,PTP1B_70_final.txt,PTP1B_70,22,class_87
class_87,PTP1B_203_final.txt,PTP1B_203,PTP1B_70_final.txt,PTP1B_70,22,class_87
class_87,PTP1B_204_final.txt,PTP1B_204,PTP1B_70_final.txt,PTP1B_70,22,class_87
class_87,PTP1B_219_final.txt,PTP1B_219,PTP1B_70_final.txt,PTP1B_70,22,class_87
class_87,PTP1B_239_final.txt,PTP1B_239,PTP1B_70_final.txt,PTP1B_70,22,class_87
class_87,PTP1B_243_final.txt,PTP1B_243,PTP1B_70_final.txt,PTP1B_70,22,class_87
class_87,PTP1B_250_final.txt,PTP1B_250,PTP1B_70_final.txt,PTP1B_70,22,class_87
class_87,PTP1B_266_final.txt,PTP1B_266,PTP1B_70_final.txt,PTP1B_70,22,class_87
class_87,PTP1B_278_final.txt,PTP1B_278,PTP1B_70_final.txt,PTP1B_70,22,class_87
class_87,PTP1B_300_final.txt,PTP1B_300,PTP1B_70_final.txt,PTP1B_70,22,class_87
class_87,PTP1B_303_final.txt,PTP1B_303,PTP1B_70_final.txt,PTP1B_70,22,class_87
class_87,PTP1B_311_final.txt,PTP1B_311,PTP1B_70_final.txt,PTP1B_70,22,class_87
class_87,PTP1B_309_final.txt,PTP1B_309,PTP1B_70_final.txt,PTP1B_70,22,class_87
class_88,PTP1B_84_final.txt,PTP1B_84,PTP1B_84_final.txt,PTP1B_84,1,class_88
class_89,PTP1B_90_final.txt,PTP1B_90,PTP1B_90_final.txt,PTP1B_90,2,class_89
class_89,PTP1B_308_final.txt,PTP1B_308,PTP1B_90_final.txt,PTP1B_90,2,class_89
class_90,PTP1B_119_final.txt,PTP1B_119,PTP1B_119_final.txt,PTP1B_119,2,class_90
class_90,PTP1B_233_final.txt,PTP1B_233,PTP1B_119_final.txt,PTP1B_119,2,class_90
class_91,PTP1B_151_final.txt,PTP1B_151,PTP1B_151_final.txt,PTP1B_151,1,class_91
class_92,PTP1B_179_final.txt,PTP1B_179,PTP1B_179_final.txt,PTP1B_179,1,class_92
class_93,PTP1B_235_final.txt,PTP1B_235,PTP1B_235_final.txt,PTP1B_235,1,class_93
class_94,PTP1B_256_final.txt,PTP1B_256,PTP1B_256_final.txt,PTP1B_256,1,class_94
class_95,PTP1B_280_final.txt,PTP1B_280,PTP1B_280_final.txt,PTP1B_280,1,class_95
class_96,PTP1B_297_final.txt,PTP1B_297,PTP1B_297_final.txt,PTP1B_297,1,class_96
class_97,PTP1B_319_final.txt,PTP1B_319,PTP1B_319_final.txt,PTP1B_319,1,class_97
class_98,PTP1B_26_final.txt,PTP1B_26,PTP1B_26_final.txt,PTP1B_26,1,class_98
class_99,PTP1B_165_final.txt,PTP1B_165,PTP1B_165_final.txt,PTP1B_165,2,class_99
class_99,PTP1B_254_final.txt,PTP1B_254,PTP1B_165_final.txt,PTP1B_165,2,class_99
class_100,PTP1B_257_final.txt,PTP1B_257,PTP1B_257_final.txt,PTP1B_257,1,class_100
