Type,Residue,Screen,Structures
Type1,"Y46, D48, D181, F182, C215, S216, A217, G218, I219, G220, R221, Q262",Retained,3
Type2,"Y46, D48, F182, C215, S216, A217, G218, I219, G220, R221, Q262",Retained,37
Type3,"Y46, D48, C215, S216, A217, G218, I219, G220, R221, Q262",Retained,74
Type4,"Y46, D48, F182, C215, S216, A217, G218, I219, G220, R221",Retained,31
Type5,"Y46, D48, D181, C215, S216, A217, G218, I219, G220, R221",Retained,1
Type6,"Y46, F182, C215, S216, A217, G218, I219, G220, R221, Q262",Retained,1
Type7,"Y46, D48, V49, F182, C215, S216, A217, G218, I219, R221",Retained,1
Type8,"Y46, D48, C215, S216, A217, G218, I219, G220, R221",Retained,107
Type9,"Y46, C215, S216, A217, G218, I219, G220, R221, Q262",Retained,12
Type10,"Y46, F182, C215, S216, A217, G218, I219, G220, R221",Retained,5
Type11,"Y46, D48, C215, S216, A217, G218, I219, R221, Q262",Retained,5
Type12,"Y46, D48, C215, A217, G218, I219, G220, R221, Q262",Removed,3
Type13,"Y46, R47, C215, S216, A217, G218, I219, G220, R221",Retained,1
Type14,"Y46, D48, F182, C215, S216, A217, G218, I219, R221",Retained,1
Type15,"Y46, D48, C215, S216, A217, G218, I219, R221",Retained,9
Type16,"Y46, C215, S216, A217, G218, I219, G220, R221",Retained,6
Type17,"Y46, D48, C215, A217, G218, I219, G220, R221",Removed,4
Type18,"Y46, D48, C215, S216, A217, I219, G220, R221",Retained,2
Type19,"Y46, C215, A217, G218, I219, G220, R221, Q262",Removed,1
Type20,"Y46, D48, C215, A217, G218, I219, R221, Q262",Removed,1
Type21,"Y46, C215, A217, G218, I219, R221, Q262",Removed,1
