source,output,assigned_rank,source_rank_token,removed_ranges,chains,removed_atom_records,removed_residue_count,removed_residues,retained_coordinate_records
/home/wms/AF2-test/AF2-CatGraph-test5/data/GAC/01_af2/5D3O.0.pdb,/home/wms/AF2-test/AF2-CatGraph-test5/data/GAC/01_af2_new/GAC.AF2rank1.pdb,1,,0,A,0,0,,2315
/home/wms/AF2-test/AF2-CatGraph-test5/data/GAC/01_af2/5D3O.1.pdb,/home/wms/AF2-test/AF2-CatGraph-test5/data/GAC/01_af2_new/GAC.AF2rank2.pdb,2,,0,A,0,0,,2315
/home/wms/AF2-test/AF2-CatGraph-test5/data/GAC/01_af2/5D3O.2.pdb,/home/wms/AF2-test/AF2-CatGraph-test5/data/GAC/01_af2_new/GAC.AF2rank3.pdb,3,,0,A,0,0,,2315
/home/wms/AF2-test/AF2-CatGraph-test5/data/GAC/01_af2/5D3O.3.pdb,/home/wms/AF2-test/AF2-CatGraph-test5/data/GAC/01_af2_new/GAC.AF2rank4.pdb,4,,0,A,0,0,,2315
/home/wms/AF2-test/AF2-CatGraph-test5/data/GAC/01_af2/5D3O.4.pdb,/home/wms/AF2-test/AF2-CatGraph-test5/data/GAC/01_af2_new/GAC.AF2rank5.pdb,5,,0,A,0,0,,2315
/home/wms/AF2-test/AF2-CatGraph-test5/data/GAC/01_af2/5D3O.5.pdb,/home/wms/AF2-test/AF2-CatGraph-test5/data/GAC/01_af2_new/GAC.AF2rank6.pdb,6,,0,A,0,0,,2315
/home/wms/AF2-test/AF2-CatGraph-test5/data/GAC/01_af2/5D3O.6.pdb,/home/wms/AF2-test/AF2-CatGraph-test5/data/GAC/01_af2_new/GAC.AF2rank7.pdb,7,,0,A,0,0,,2315
/home/wms/AF2-test/AF2-CatGraph-test5/data/GAC/01_af2/5D3O.7.pdb,/home/wms/AF2-test/AF2-CatGraph-test5/data/GAC/01_af2_new/GAC.AF2rank8.pdb,8,,0,A,0,0,,2315
/home/wms/AF2-test/AF2-CatGraph-test5/data/GAC/01_af2/5D3O.8.pdb,/home/wms/AF2-test/AF2-CatGraph-test5/data/GAC/01_af2_new/GAC.AF2rank9.pdb,9,,0,A,0,0,,2315
/home/wms/AF2-test/AF2-CatGraph-test5/data/GAC/01_af2/5D3O.9.pdb,/home/wms/AF2-test/AF2-CatGraph-test5/data/GAC/01_af2_new/GAC.AF2rank10.pdb,10,,0,A,0,0,,2315
/home/wms/AF2-test/AF2-CatGraph-test5/data/GAC/01_af2/5D3O.10.pdb,/home/wms/AF2-test/AF2-CatGraph-test5/data/GAC/01_af2_new/GAC.AF2rank11.pdb,11,,0,A,0,0,,2315
/home/wms/AF2-test/AF2-CatGraph-test5/data/GAC/01_af2/5D3O.11.pdb,/home/wms/AF2-test/AF2-CatGraph-test5/data/GAC/01_af2_new/GAC.AF2rank12.pdb,12,,0,A,0,0,,2315
/home/wms/AF2-test/AF2-CatGraph-test5/data/GAC/01_af2/5D3O.12.pdb,/home/wms/AF2-test/AF2-CatGraph-test5/data/GAC/01_af2_new/GAC.AF2rank13.pdb,13,,0,A,0,0,,2315
/home/wms/AF2-test/AF2-CatGraph-test5/data/GAC/01_af2/5D3O.13.pdb,/home/wms/AF2-test/AF2-CatGraph-test5/data/GAC/01_af2_new/GAC.AF2rank14.pdb,14,,0,A,0,0,,2315
/home/wms/AF2-test/AF2-CatGraph-test5/data/GAC/01_af2/5D3O.14.pdb,/home/wms/AF2-test/AF2-CatGraph-test5/data/GAC/01_af2_new/GAC.AF2rank15.pdb,15,,0,A,0,0,,2315
/home/wms/AF2-test/AF2-CatGraph-test5/data/GAC/01_af2/5D3O.15.pdb,/home/wms/AF2-test/AF2-CatGraph-test5/data/GAC/01_af2_new/GAC.AF2rank16.pdb,16,,0,A,0,0,,2315
/home/wms/AF2-test/AF2-CatGraph-test5/data/GAC/01_af2/5D3O.16.pdb,/home/wms/AF2-test/AF2-CatGraph-test5/data/GAC/01_af2_new/GAC.AF2rank17.pdb,17,,0,A,0,0,,2315
/home/wms/AF2-test/AF2-CatGraph-test5/data/GAC/01_af2/5D3O.17.pdb,/home/wms/AF2-test/AF2-CatGraph-test5/data/GAC/01_af2_new/GAC.AF2rank18.pdb,18,,0,A,0,0,,2315
/home/wms/AF2-test/AF2-CatGraph-test5/data/GAC/01_af2/5D3O.18.pdb,/home/wms/AF2-test/AF2-CatGraph-test5/data/GAC/01_af2_new/GAC.AF2rank19.pdb,19,,0,A,0,0,,2315
/home/wms/AF2-test/AF2-CatGraph-test5/data/GAC/01_af2/5D3O.19.pdb,/home/wms/AF2-test/AF2-CatGraph-test5/data/GAC/01_af2_new/GAC.AF2rank20.pdb,20,,0,A,0,0,,2315
/home/wms/AF2-test/AF2-CatGraph-test5/data/GAC/01_af2/5D3O.20.pdb,/home/wms/AF2-test/AF2-CatGraph-test5/data/GAC/01_af2_new/GAC.AF2rank21.pdb,21,,0,A,0,0,,2315
/home/wms/AF2-test/AF2-CatGraph-test5/data/GAC/01_af2/5D3O.21.pdb,/home/wms/AF2-test/AF2-CatGraph-test5/data/GAC/01_af2_new/GAC.AF2rank22.pdb,22,,0,A,0,0,,2315
/home/wms/AF2-test/AF2-CatGraph-test5/data/GAC/01_af2/5D3O.22.pdb,/home/wms/AF2-test/AF2-CatGraph-test5/data/GAC/01_af2_new/GAC.AF2rank23.pdb,23,,0,A,0,0,,2315
/home/wms/AF2-test/AF2-CatGraph-test5/data/GAC/01_af2/5D3O.23.pdb,/home/wms/AF2-test/AF2-CatGraph-test5/data/GAC/01_af2_new/GAC.AF2rank24.pdb,24,,0,A,0,0,,2315
/home/wms/AF2-test/AF2-CatGraph-test5/data/GAC/01_af2/5D3O.24.pdb,/home/wms/AF2-test/AF2-CatGraph-test5/data/GAC/01_af2_new/GAC.AF2rank25.pdb,25,,0,A,0,0,,2315
/home/wms/AF2-test/AF2-CatGraph-test5/data/GAC/01_af2/5D3O.25.pdb,/home/wms/AF2-test/AF2-CatGraph-test5/data/GAC/01_af2_new/GAC.AF2rank26.pdb,26,,0,A,0,0,,2315
/home/wms/AF2-test/AF2-CatGraph-test5/data/GAC/01_af2/5D3O.26.pdb,/home/wms/AF2-test/AF2-CatGraph-test5/data/GAC/01_af2_new/GAC.AF2rank27.pdb,27,,0,A,0,0,,2315
/home/wms/AF2-test/AF2-CatGraph-test5/data/GAC/01_af2/5D3O.27.pdb,/home/wms/AF2-test/AF2-CatGraph-test5/data/GAC/01_af2_new/GAC.AF2rank28.pdb,28,,0,A,0,0,,2315
/home/wms/AF2-test/AF2-CatGraph-test5/data/GAC/01_af2/5D3O.28.pdb,/home/wms/AF2-test/AF2-CatGraph-test5/data/GAC/01_af2_new/GAC.AF2rank29.pdb,29,,0,A,0,0,,2315
/home/wms/AF2-test/AF2-CatGraph-test5/data/GAC/01_af2/5D3O.29.pdb,/home/wms/AF2-test/AF2-CatGraph-test5/data/GAC/01_af2_new/GAC.AF2rank30.pdb,30,,0,A,0,0,,2315
/home/wms/AF2-test/AF2-CatGraph-test5/data/GAC/01_af2/5D3O.30.pdb,/home/wms/AF2-test/AF2-CatGraph-test5/data/GAC/01_af2_new/GAC.AF2rank31.pdb,31,,0,A,0,0,,2315
/home/wms/AF2-test/AF2-CatGraph-test5/data/GAC/01_af2/5D3O.31.pdb,/home/wms/AF2-test/AF2-CatGraph-test5/data/GAC/01_af2_new/GAC.AF2rank32.pdb,32,,0,A,0,0,,2315
/home/wms/AF2-test/AF2-CatGraph-test5/data/GAC/01_af2/5D3O.32.pdb,/home/wms/AF2-test/AF2-CatGraph-test5/data/GAC/01_af2_new/GAC.AF2rank33.pdb,33,,0,A,0,0,,2315
/home/wms/AF2-test/AF2-CatGraph-test5/data/GAC/01_af2/5D3O.33.pdb,/home/wms/AF2-test/AF2-CatGraph-test5/data/GAC/01_af2_new/GAC.AF2rank34.pdb,34,,0,A,0,0,,2315
/home/wms/AF2-test/AF2-CatGraph-test5/data/GAC/01_af2/5D3O.34.pdb,/home/wms/AF2-test/AF2-CatGraph-test5/data/GAC/01_af2_new/GAC.AF2rank35.pdb,35,,0,A,0,0,,2315
/home/wms/AF2-test/AF2-CatGraph-test5/data/GAC/01_af2/5D3O.35.pdb,/home/wms/AF2-test/AF2-CatGraph-test5/data/GAC/01_af2_new/GAC.AF2rank36.pdb,36,,0,A,0,0,,2315
/home/wms/AF2-test/AF2-CatGraph-test5/data/GAC/01_af2/5D3O.36.pdb,/home/wms/AF2-test/AF2-CatGraph-test5/data/GAC/01_af2_new/GAC.AF2rank37.pdb,37,,0,A,0,0,,2315
/home/wms/AF2-test/AF2-CatGraph-test5/data/GAC/01_af2/5D3O.37.pdb,/home/wms/AF2-test/AF2-CatGraph-test5/data/GAC/01_af2_new/GAC.AF2rank38.pdb,38,,0,A,0,0,,2315
/home/wms/AF2-test/AF2-CatGraph-test5/data/GAC/01_af2/5D3O.38.pdb,/home/wms/AF2-test/AF2-CatGraph-test5/data/GAC/01_af2_new/GAC.AF2rank39.pdb,39,,0,A,0,0,,2315
/home/wms/AF2-test/AF2-CatGraph-test5/data/GAC/01_af2/5D3O.39.pdb,/home/wms/AF2-test/AF2-CatGraph-test5/data/GAC/01_af2_new/GAC.AF2rank40.pdb,40,,0,A,0,0,,2315
/home/wms/AF2-test/AF2-CatGraph-test5/data/GAC/01_af2/5D3O.40.pdb,/home/wms/AF2-test/AF2-CatGraph-test5/data/GAC/01_af2_new/GAC.AF2rank41.pdb,41,,0,A,0,0,,2315
/home/wms/AF2-test/AF2-CatGraph-test5/data/GAC/01_af2/5D3O.41.pdb,/home/wms/AF2-test/AF2-CatGraph-test5/data/GAC/01_af2_new/GAC.AF2rank42.pdb,42,,0,A,0,0,,2315
/home/wms/AF2-test/AF2-CatGraph-test5/data/GAC/01_af2/5D3O.42.pdb,/home/wms/AF2-test/AF2-CatGraph-test5/data/GAC/01_af2_new/GAC.AF2rank43.pdb,43,,0,A,0,0,,2315
/home/wms/AF2-test/AF2-CatGraph-test5/data/GAC/01_af2/5D3O.43.pdb,/home/wms/AF2-test/AF2-CatGraph-test5/data/GAC/01_af2_new/GAC.AF2rank44.pdb,44,,0,A,0,0,,2315
/home/wms/AF2-test/AF2-CatGraph-test5/data/GAC/01_af2/5D3O.44.pdb,/home/wms/AF2-test/AF2-CatGraph-test5/data/GAC/01_af2_new/GAC.AF2rank45.pdb,45,,0,A,0,0,,2315
/home/wms/AF2-test/AF2-CatGraph-test5/data/GAC/01_af2/5D3O.45.pdb,/home/wms/AF2-test/AF2-CatGraph-test5/data/GAC/01_af2_new/GAC.AF2rank46.pdb,46,,0,A,0,0,,2315
/home/wms/AF2-test/AF2-CatGraph-test5/data/GAC/01_af2/5D3O.46.pdb,/home/wms/AF2-test/AF2-CatGraph-test5/data/GAC/01_af2_new/GAC.AF2rank47.pdb,47,,0,A,0,0,,2315
/home/wms/AF2-test/AF2-CatGraph-test5/data/GAC/01_af2/5D3O.47.pdb,/home/wms/AF2-test/AF2-CatGraph-test5/data/GAC/01_af2_new/GAC.AF2rank48.pdb,48,,0,A,0,0,,2315
/home/wms/AF2-test/AF2-CatGraph-test5/data/GAC/01_af2/5D3O.48.pdb,/home/wms/AF2-test/AF2-CatGraph-test5/data/GAC/01_af2_new/GAC.AF2rank49.pdb,49,,0,A,0,0,,2315
/home/wms/AF2-test/AF2-CatGraph-test5/data/GAC/01_af2/5D3O.49.pdb,/home/wms/AF2-test/AF2-CatGraph-test5/data/GAC/01_af2_new/GAC.AF2rank50.pdb,50,,0,A,0,0,,2315
/home/wms/AF2-test/AF2-CatGraph-test5/data/GAC/01_af2/5D3O.50.pdb,/home/wms/AF2-test/AF2-CatGraph-test5/data/GAC/01_af2_new/GAC.AF2rank51.pdb,51,,0,A,0,0,,2315
/home/wms/AF2-test/AF2-CatGraph-test5/data/GAC/01_af2/5D3O.51.pdb,/home/wms/AF2-test/AF2-CatGraph-test5/data/GAC/01_af2_new/GAC.AF2rank52.pdb,52,,0,A,0,0,,2315
/home/wms/AF2-test/AF2-CatGraph-test5/data/GAC/01_af2/5D3O.52.pdb,/home/wms/AF2-test/AF2-CatGraph-test5/data/GAC/01_af2_new/GAC.AF2rank53.pdb,53,,0,A,0,0,,2315
/home/wms/AF2-test/AF2-CatGraph-test5/data/GAC/01_af2/5D3O.53.pdb,/home/wms/AF2-test/AF2-CatGraph-test5/data/GAC/01_af2_new/GAC.AF2rank54.pdb,54,,0,A,0,0,,2315
/home/wms/AF2-test/AF2-CatGraph-test5/data/GAC/01_af2/5D3O.54.pdb,/home/wms/AF2-test/AF2-CatGraph-test5/data/GAC/01_af2_new/GAC.AF2rank55.pdb,55,,0,A,0,0,,2315
/home/wms/AF2-test/AF2-CatGraph-test5/data/GAC/01_af2/5D3O.55.pdb,/home/wms/AF2-test/AF2-CatGraph-test5/data/GAC/01_af2_new/GAC.AF2rank56.pdb,56,,0,A,0,0,,2315
/home/wms/AF2-test/AF2-CatGraph-test5/data/GAC/01_af2/5D3O.56.pdb,/home/wms/AF2-test/AF2-CatGraph-test5/data/GAC/01_af2_new/GAC.AF2rank57.pdb,57,,0,A,0,0,,2315
/home/wms/AF2-test/AF2-CatGraph-test5/data/GAC/01_af2/5D3O.57.pdb,/home/wms/AF2-test/AF2-CatGraph-test5/data/GAC/01_af2_new/GAC.AF2rank58.pdb,58,,0,A,0,0,,2315
/home/wms/AF2-test/AF2-CatGraph-test5/data/GAC/01_af2/5D3O.58.pdb,/home/wms/AF2-test/AF2-CatGraph-test5/data/GAC/01_af2_new/GAC.AF2rank59.pdb,59,,0,A,0,0,,2315
/home/wms/AF2-test/AF2-CatGraph-test5/data/GAC/01_af2/5D3O.59.pdb,/home/wms/AF2-test/AF2-CatGraph-test5/data/GAC/01_af2_new/GAC.AF2rank60.pdb,60,,0,A,0,0,,2315
/home/wms/AF2-test/AF2-CatGraph-test5/data/GAC/01_af2/5D3O.60.pdb,/home/wms/AF2-test/AF2-CatGraph-test5/data/GAC/01_af2_new/GAC.AF2rank61.pdb,61,,0,A,0,0,,2315
/home/wms/AF2-test/AF2-CatGraph-test5/data/GAC/01_af2/5D3O.61.pdb,/home/wms/AF2-test/AF2-CatGraph-test5/data/GAC/01_af2_new/GAC.AF2rank62.pdb,62,,0,A,0,0,,2315
/home/wms/AF2-test/AF2-CatGraph-test5/data/GAC/01_af2/5D3O.62.pdb,/home/wms/AF2-test/AF2-CatGraph-test5/data/GAC/01_af2_new/GAC.AF2rank63.pdb,63,,0,A,0,0,,2315
/home/wms/AF2-test/AF2-CatGraph-test5/data/GAC/01_af2/5D3O.63.pdb,/home/wms/AF2-test/AF2-CatGraph-test5/data/GAC/01_af2_new/GAC.AF2rank64.pdb,64,,0,A,0,0,,2315
/home/wms/AF2-test/AF2-CatGraph-test5/data/GAC/01_af2/5D3O.64.pdb,/home/wms/AF2-test/AF2-CatGraph-test5/data/GAC/01_af2_new/GAC.AF2rank65.pdb,65,,0,A,0,0,,2315
/home/wms/AF2-test/AF2-CatGraph-test5/data/GAC/01_af2/5D3O.65.pdb,/home/wms/AF2-test/AF2-CatGraph-test5/data/GAC/01_af2_new/GAC.AF2rank66.pdb,66,,0,A,0,0,,2315
/home/wms/AF2-test/AF2-CatGraph-test5/data/GAC/01_af2/5D3O.66.pdb,/home/wms/AF2-test/AF2-CatGraph-test5/data/GAC/01_af2_new/GAC.AF2rank67.pdb,67,,0,A,0,0,,2315
/home/wms/AF2-test/AF2-CatGraph-test5/data/GAC/01_af2/5D3O.67.pdb,/home/wms/AF2-test/AF2-CatGraph-test5/data/GAC/01_af2_new/GAC.AF2rank68.pdb,68,,0,A,0,0,,2315
/home/wms/AF2-test/AF2-CatGraph-test5/data/GAC/01_af2/5D3O.68.pdb,/home/wms/AF2-test/AF2-CatGraph-test5/data/GAC/01_af2_new/GAC.AF2rank69.pdb,69,,0,A,0,0,,2315
/home/wms/AF2-test/AF2-CatGraph-test5/data/GAC/01_af2/5D3O.69.pdb,/home/wms/AF2-test/AF2-CatGraph-test5/data/GAC/01_af2_new/GAC.AF2rank70.pdb,70,,0,A,0,0,,2315
/home/wms/AF2-test/AF2-CatGraph-test5/data/GAC/01_af2/5D3O.70.pdb,/home/wms/AF2-test/AF2-CatGraph-test5/data/GAC/01_af2_new/GAC.AF2rank71.pdb,71,,0,A,0,0,,2315
/home/wms/AF2-test/AF2-CatGraph-test5/data/GAC/01_af2/5D3O.71.pdb,/home/wms/AF2-test/AF2-CatGraph-test5/data/GAC/01_af2_new/GAC.AF2rank72.pdb,72,,0,A,0,0,,2315
/home/wms/AF2-test/AF2-CatGraph-test5/data/GAC/01_af2/5D3O.72.pdb,/home/wms/AF2-test/AF2-CatGraph-test5/data/GAC/01_af2_new/GAC.AF2rank73.pdb,73,,0,A,0,0,,2315
/home/wms/AF2-test/AF2-CatGraph-test5/data/GAC/01_af2/5D3O.73.pdb,/home/wms/AF2-test/AF2-CatGraph-test5/data/GAC/01_af2_new/GAC.AF2rank74.pdb,74,,0,A,0,0,,2315
/home/wms/AF2-test/AF2-CatGraph-test5/data/GAC/01_af2/5D3O.74.pdb,/home/wms/AF2-test/AF2-CatGraph-test5/data/GAC/01_af2_new/GAC.AF2rank75.pdb,75,,0,A,0,0,,2315
/home/wms/AF2-test/AF2-CatGraph-test5/data/GAC/01_af2/5D3O.75.pdb,/home/wms/AF2-test/AF2-CatGraph-test5/data/GAC/01_af2_new/GAC.AF2rank76.pdb,76,,0,A,0,0,,2315
/home/wms/AF2-test/AF2-CatGraph-test5/data/GAC/01_af2/5D3O.76.pdb,/home/wms/AF2-test/AF2-CatGraph-test5/data/GAC/01_af2_new/GAC.AF2rank77.pdb,77,,0,A,0,0,,2315
/home/wms/AF2-test/AF2-CatGraph-test5/data/GAC/01_af2/5D3O.77.pdb,/home/wms/AF2-test/AF2-CatGraph-test5/data/GAC/01_af2_new/GAC.AF2rank78.pdb,78,,0,A,0,0,,2315
/home/wms/AF2-test/AF2-CatGraph-test5/data/GAC/01_af2/5D3O.78.pdb,/home/wms/AF2-test/AF2-CatGraph-test5/data/GAC/01_af2_new/GAC.AF2rank79.pdb,79,,0,A,0,0,,2315
/home/wms/AF2-test/AF2-CatGraph-test5/data/GAC/01_af2/5D3O.79.pdb,/home/wms/AF2-test/AF2-CatGraph-test5/data/GAC/01_af2_new/GAC.AF2rank80.pdb,80,,0,A,0,0,,2315
/home/wms/AF2-test/AF2-CatGraph-test5/data/GAC/01_af2/5D3O.80.pdb,/home/wms/AF2-test/AF2-CatGraph-test5/data/GAC/01_af2_new/GAC.AF2rank81.pdb,81,,0,A,0,0,,2315
/home/wms/AF2-test/AF2-CatGraph-test5/data/GAC/01_af2/5D3O.81.pdb,/home/wms/AF2-test/AF2-CatGraph-test5/data/GAC/01_af2_new/GAC.AF2rank82.pdb,82,,0,A,0,0,,2315
/home/wms/AF2-test/AF2-CatGraph-test5/data/GAC/01_af2/5D3O.82.pdb,/home/wms/AF2-test/AF2-CatGraph-test5/data/GAC/01_af2_new/GAC.AF2rank83.pdb,83,,0,A,0,0,,2315
/home/wms/AF2-test/AF2-CatGraph-test5/data/GAC/01_af2/5D3O.83.pdb,/home/wms/AF2-test/AF2-CatGraph-test5/data/GAC/01_af2_new/GAC.AF2rank84.pdb,84,,0,A,0,0,,2315
/home/wms/AF2-test/AF2-CatGraph-test5/data/GAC/01_af2/5D3O.84.pdb,/home/wms/AF2-test/AF2-CatGraph-test5/data/GAC/01_af2_new/GAC.AF2rank85.pdb,85,,0,A,0,0,,2315
/home/wms/AF2-test/AF2-CatGraph-test5/data/GAC/01_af2/5D3O.85.pdb,/home/wms/AF2-test/AF2-CatGraph-test5/data/GAC/01_af2_new/GAC.AF2rank86.pdb,86,,0,A,0,0,,2315
/home/wms/AF2-test/AF2-CatGraph-test5/data/GAC/01_af2/5D3O.86.pdb,/home/wms/AF2-test/AF2-CatGraph-test5/data/GAC/01_af2_new/GAC.AF2rank87.pdb,87,,0,A,0,0,,2315
/home/wms/AF2-test/AF2-CatGraph-test5/data/GAC/01_af2/5D3O.87.pdb,/home/wms/AF2-test/AF2-CatGraph-test5/data/GAC/01_af2_new/GAC.AF2rank88.pdb,88,,0,A,0,0,,2315
/home/wms/AF2-test/AF2-CatGraph-test5/data/GAC/01_af2/5D3O.88.pdb,/home/wms/AF2-test/AF2-CatGraph-test5/data/GAC/01_af2_new/GAC.AF2rank89.pdb,89,,0,A,0,0,,2315
/home/wms/AF2-test/AF2-CatGraph-test5/data/GAC/01_af2/5D3O.89.pdb,/home/wms/AF2-test/AF2-CatGraph-test5/data/GAC/01_af2_new/GAC.AF2rank90.pdb,90,,0,A,0,0,,2315
/home/wms/AF2-test/AF2-CatGraph-test5/data/GAC/01_af2/5D3O.90.pdb,/home/wms/AF2-test/AF2-CatGraph-test5/data/GAC/01_af2_new/GAC.AF2rank91.pdb,91,,0,A,0,0,,2315
/home/wms/AF2-test/AF2-CatGraph-test5/data/GAC/01_af2/5D3O.91.pdb,/home/wms/AF2-test/AF2-CatGraph-test5/data/GAC/01_af2_new/GAC.AF2rank92.pdb,92,,0,A,0,0,,2315
/home/wms/AF2-test/AF2-CatGraph-test5/data/GAC/01_af2/5D3O.92.pdb,/home/wms/AF2-test/AF2-CatGraph-test5/data/GAC/01_af2_new/GAC.AF2rank93.pdb,93,,0,A,0,0,,2315
/home/wms/AF2-test/AF2-CatGraph-test5/data/GAC/01_af2/5D3O.93.pdb,/home/wms/AF2-test/AF2-CatGraph-test5/data/GAC/01_af2_new/GAC.AF2rank94.pdb,94,,0,A,0,0,,2315
/home/wms/AF2-test/AF2-CatGraph-test5/data/GAC/01_af2/5D3O.94.pdb,/home/wms/AF2-test/AF2-CatGraph-test5/data/GAC/01_af2_new/GAC.AF2rank95.pdb,95,,0,A,0,0,,2315
/home/wms/AF2-test/AF2-CatGraph-test5/data/GAC/01_af2/5D3O.95.pdb,/home/wms/AF2-test/AF2-CatGraph-test5/data/GAC/01_af2_new/GAC.AF2rank96.pdb,96,,0,A,0,0,,2315
/home/wms/AF2-test/AF2-CatGraph-test5/data/GAC/01_af2/5D3O.96.pdb,/home/wms/AF2-test/AF2-CatGraph-test5/data/GAC/01_af2_new/GAC.AF2rank97.pdb,97,,0,A,0,0,,2315
/home/wms/AF2-test/AF2-CatGraph-test5/data/GAC/01_af2/5D3O.97.pdb,/home/wms/AF2-test/AF2-CatGraph-test5/data/GAC/01_af2_new/GAC.AF2rank98.pdb,98,,0,A,0,0,,2315
/home/wms/AF2-test/AF2-CatGraph-test5/data/GAC/01_af2/5D3O.98.pdb,/home/wms/AF2-test/AF2-CatGraph-test5/data/GAC/01_af2_new/GAC.AF2rank99.pdb,99,,0,A,0,0,,2315
/home/wms/AF2-test/AF2-CatGraph-test5/data/GAC/01_af2/5D3O.99.pdb,/home/wms/AF2-test/AF2-CatGraph-test5/data/GAC/01_af2_new/GAC.AF2rank100.pdb,100,,0,A,0,0,,2315
/home/wms/AF2-test/AF2-CatGraph-test5/data/GAC/01_af2/5D3O.100.pdb,/home/wms/AF2-test/AF2-CatGraph-test5/data/GAC/01_af2_new/GAC.AF2rank101.pdb,101,,0,A,0,0,,2315
/home/wms/AF2-test/AF2-CatGraph-test5/data/GAC/01_af2/5D3O.101.pdb,/home/wms/AF2-test/AF2-CatGraph-test5/data/GAC/01_af2_new/GAC.AF2rank102.pdb,102,,0,A,0,0,,2315
/home/wms/AF2-test/AF2-CatGraph-test5/data/GAC/01_af2/5D3O.102.pdb,/home/wms/AF2-test/AF2-CatGraph-test5/data/GAC/01_af2_new/GAC.AF2rank103.pdb,103,,0,A,0,0,,2315
/home/wms/AF2-test/AF2-CatGraph-test5/data/GAC/01_af2/5D3O.103.pdb,/home/wms/AF2-test/AF2-CatGraph-test5/data/GAC/01_af2_new/GAC.AF2rank104.pdb,104,,0,A,0,0,,2315
/home/wms/AF2-test/AF2-CatGraph-test5/data/GAC/01_af2/5D3O.104.pdb,/home/wms/AF2-test/AF2-CatGraph-test5/data/GAC/01_af2_new/GAC.AF2rank105.pdb,105,,0,A,0,0,,2315
/home/wms/AF2-test/AF2-CatGraph-test5/data/GAC/01_af2/5D3O.105.pdb,/home/wms/AF2-test/AF2-CatGraph-test5/data/GAC/01_af2_new/GAC.AF2rank106.pdb,106,,0,A,0,0,,2315
/home/wms/AF2-test/AF2-CatGraph-test5/data/GAC/01_af2/5D3O.106.pdb,/home/wms/AF2-test/AF2-CatGraph-test5/data/GAC/01_af2_new/GAC.AF2rank107.pdb,107,,0,A,0,0,,2315
/home/wms/AF2-test/AF2-CatGraph-test5/data/GAC/01_af2/5D3O.107.pdb,/home/wms/AF2-test/AF2-CatGraph-test5/data/GAC/01_af2_new/GAC.AF2rank108.pdb,108,,0,A,0,0,,2315
/home/wms/AF2-test/AF2-CatGraph-test5/data/GAC/01_af2/5D3O.108.pdb,/home/wms/AF2-test/AF2-CatGraph-test5/data/GAC/01_af2_new/GAC.AF2rank109.pdb,109,,0,A,0,0,,2315
/home/wms/AF2-test/AF2-CatGraph-test5/data/GAC/01_af2/5D3O.109.pdb,/home/wms/AF2-test/AF2-CatGraph-test5/data/GAC/01_af2_new/GAC.AF2rank110.pdb,110,,0,A,0,0,,2315
/home/wms/AF2-test/AF2-CatGraph-test5/data/GAC/01_af2/5D3O.110.pdb,/home/wms/AF2-test/AF2-CatGraph-test5/data/GAC/01_af2_new/GAC.AF2rank111.pdb,111,,0,A,0,0,,2315
/home/wms/AF2-test/AF2-CatGraph-test5/data/GAC/01_af2/5D3O.111.pdb,/home/wms/AF2-test/AF2-CatGraph-test5/data/GAC/01_af2_new/GAC.AF2rank112.pdb,112,,0,A,0,0,,2315
/home/wms/AF2-test/AF2-CatGraph-test5/data/GAC/01_af2/5D3O.112.pdb,/home/wms/AF2-test/AF2-CatGraph-test5/data/GAC/01_af2_new/GAC.AF2rank113.pdb,113,,0,A,0,0,,2315
/home/wms/AF2-test/AF2-CatGraph-test5/data/GAC/01_af2/5D3O.113.pdb,/home/wms/AF2-test/AF2-CatGraph-test5/data/GAC/01_af2_new/GAC.AF2rank114.pdb,114,,0,A,0,0,,2315
/home/wms/AF2-test/AF2-CatGraph-test5/data/GAC/01_af2/5D3O.114.pdb,/home/wms/AF2-test/AF2-CatGraph-test5/data/GAC/01_af2_new/GAC.AF2rank115.pdb,115,,0,A,0,0,,2315
/home/wms/AF2-test/AF2-CatGraph-test5/data/GAC/01_af2/5D3O.115.pdb,/home/wms/AF2-test/AF2-CatGraph-test5/data/GAC/01_af2_new/GAC.AF2rank116.pdb,116,,0,A,0,0,,2315
/home/wms/AF2-test/AF2-CatGraph-test5/data/GAC/01_af2/5D3O.116.pdb,/home/wms/AF2-test/AF2-CatGraph-test5/data/GAC/01_af2_new/GAC.AF2rank117.pdb,117,,0,A,0,0,,2315
/home/wms/AF2-test/AF2-CatGraph-test5/data/GAC/01_af2/5D3O.117.pdb,/home/wms/AF2-test/AF2-CatGraph-test5/data/GAC/01_af2_new/GAC.AF2rank118.pdb,118,,0,A,0,0,,2315
/home/wms/AF2-test/AF2-CatGraph-test5/data/GAC/01_af2/5D3O.118.pdb,/home/wms/AF2-test/AF2-CatGraph-test5/data/GAC/01_af2_new/GAC.AF2rank119.pdb,119,,0,A,0,0,,2315
/home/wms/AF2-test/AF2-CatGraph-test5/data/GAC/01_af2/5D3O.119.pdb,/home/wms/AF2-test/AF2-CatGraph-test5/data/GAC/01_af2_new/GAC.AF2rank120.pdb,120,,0,A,0,0,,2315
/home/wms/AF2-test/AF2-CatGraph-test5/data/GAC/01_af2/5D3O.120.pdb,/home/wms/AF2-test/AF2-CatGraph-test5/data/GAC/01_af2_new/GAC.AF2rank121.pdb,121,,0,A,0,0,,2315
/home/wms/AF2-test/AF2-CatGraph-test5/data/GAC/01_af2/5D3O.121.pdb,/home/wms/AF2-test/AF2-CatGraph-test5/data/GAC/01_af2_new/GAC.AF2rank122.pdb,122,,0,A,0,0,,2315
/home/wms/AF2-test/AF2-CatGraph-test5/data/GAC/01_af2/5D3O.122.pdb,/home/wms/AF2-test/AF2-CatGraph-test5/data/GAC/01_af2_new/GAC.AF2rank123.pdb,123,,0,A,0,0,,2315
/home/wms/AF2-test/AF2-CatGraph-test5/data/GAC/01_af2/5D3O.123.pdb,/home/wms/AF2-test/AF2-CatGraph-test5/data/GAC/01_af2_new/GAC.AF2rank124.pdb,124,,0,A,0,0,,2315
/home/wms/AF2-test/AF2-CatGraph-test5/data/GAC/01_af2/5D3O.124.pdb,/home/wms/AF2-test/AF2-CatGraph-test5/data/GAC/01_af2_new/GAC.AF2rank125.pdb,125,,0,A,0,0,,2315
/home/wms/AF2-test/AF2-CatGraph-test5/data/GAC/01_af2/5D3O.125.pdb,/home/wms/AF2-test/AF2-CatGraph-test5/data/GAC/01_af2_new/GAC.AF2rank126.pdb,126,,0,A,0,0,,2315
/home/wms/AF2-test/AF2-CatGraph-test5/data/GAC/01_af2/5D3O.126.pdb,/home/wms/AF2-test/AF2-CatGraph-test5/data/GAC/01_af2_new/GAC.AF2rank127.pdb,127,,0,A,0,0,,2315
/home/wms/AF2-test/AF2-CatGraph-test5/data/GAC/01_af2/5D3O.127.pdb,/home/wms/AF2-test/AF2-CatGraph-test5/data/GAC/01_af2_new/GAC.AF2rank128.pdb,128,,0,A,0,0,,2315
/home/wms/AF2-test/AF2-CatGraph-test5/data/GAC/01_af2/5D3O.128.pdb,/home/wms/AF2-test/AF2-CatGraph-test5/data/GAC/01_af2_new/GAC.AF2rank129.pdb,129,,0,A,0,0,,2315
/home/wms/AF2-test/AF2-CatGraph-test5/data/GAC/01_af2/5D3O.129.pdb,/home/wms/AF2-test/AF2-CatGraph-test5/data/GAC/01_af2_new/GAC.AF2rank130.pdb,130,,0,A,0,0,,2315
/home/wms/AF2-test/AF2-CatGraph-test5/data/GAC/01_af2/5D3O.130.pdb,/home/wms/AF2-test/AF2-CatGraph-test5/data/GAC/01_af2_new/GAC.AF2rank131.pdb,131,,0,A,0,0,,2315
/home/wms/AF2-test/AF2-CatGraph-test5/data/GAC/01_af2/5D3O.131.pdb,/home/wms/AF2-test/AF2-CatGraph-test5/data/GAC/01_af2_new/GAC.AF2rank132.pdb,132,,0,A,0,0,,2315
/home/wms/AF2-test/AF2-CatGraph-test5/data/GAC/01_af2/5D3O.132.pdb,/home/wms/AF2-test/AF2-CatGraph-test5/data/GAC/01_af2_new/GAC.AF2rank133.pdb,133,,0,A,0,0,,2315
/home/wms/AF2-test/AF2-CatGraph-test5/data/GAC/01_af2/5D3O.133.pdb,/home/wms/AF2-test/AF2-CatGraph-test5/data/GAC/01_af2_new/GAC.AF2rank134.pdb,134,,0,A,0,0,,2315
/home/wms/AF2-test/AF2-CatGraph-test5/data/GAC/01_af2/5D3O.134.pdb,/home/wms/AF2-test/AF2-CatGraph-test5/data/GAC/01_af2_new/GAC.AF2rank135.pdb,135,,0,A,0,0,,2315
/home/wms/AF2-test/AF2-CatGraph-test5/data/GAC/01_af2/5D3O.135.pdb,/home/wms/AF2-test/AF2-CatGraph-test5/data/GAC/01_af2_new/GAC.AF2rank136.pdb,136,,0,A,0,0,,2315
/home/wms/AF2-test/AF2-CatGraph-test5/data/GAC/01_af2/5D3O.136.pdb,/home/wms/AF2-test/AF2-CatGraph-test5/data/GAC/01_af2_new/GAC.AF2rank137.pdb,137,,0,A,0,0,,2315
/home/wms/AF2-test/AF2-CatGraph-test5/data/GAC/01_af2/5D3O.137.pdb,/home/wms/AF2-test/AF2-CatGraph-test5/data/GAC/01_af2_new/GAC.AF2rank138.pdb,138,,0,A,0,0,,2315
/home/wms/AF2-test/AF2-CatGraph-test5/data/GAC/01_af2/5D3O.138.pdb,/home/wms/AF2-test/AF2-CatGraph-test5/data/GAC/01_af2_new/GAC.AF2rank139.pdb,139,,0,A,0,0,,2315
/home/wms/AF2-test/AF2-CatGraph-test5/data/GAC/01_af2/5D3O.139.pdb,/home/wms/AF2-test/AF2-CatGraph-test5/data/GAC/01_af2_new/GAC.AF2rank140.pdb,140,,0,A,0,0,,2315
/home/wms/AF2-test/AF2-CatGraph-test5/data/GAC/01_af2/5D3O.140.pdb,/home/wms/AF2-test/AF2-CatGraph-test5/data/GAC/01_af2_new/GAC.AF2rank141.pdb,141,,0,A,0,0,,2315
/home/wms/AF2-test/AF2-CatGraph-test5/data/GAC/01_af2/5D3O.141.pdb,/home/wms/AF2-test/AF2-CatGraph-test5/data/GAC/01_af2_new/GAC.AF2rank142.pdb,142,,0,A,0,0,,2315
/home/wms/AF2-test/AF2-CatGraph-test5/data/GAC/01_af2/5D3O.142.pdb,/home/wms/AF2-test/AF2-CatGraph-test5/data/GAC/01_af2_new/GAC.AF2rank143.pdb,143,,0,A,0,0,,2315
/home/wms/AF2-test/AF2-CatGraph-test5/data/GAC/01_af2/5D3O.143.pdb,/home/wms/AF2-test/AF2-CatGraph-test5/data/GAC/01_af2_new/GAC.AF2rank144.pdb,144,,0,A,0,0,,2315
/home/wms/AF2-test/AF2-CatGraph-test5/data/GAC/01_af2/5D3O.144.pdb,/home/wms/AF2-test/AF2-CatGraph-test5/data/GAC/01_af2_new/GAC.AF2rank145.pdb,145,,0,A,0,0,,2315
/home/wms/AF2-test/AF2-CatGraph-test5/data/GAC/01_af2/5D3O.145.pdb,/home/wms/AF2-test/AF2-CatGraph-test5/data/GAC/01_af2_new/GAC.AF2rank146.pdb,146,,0,A,0,0,,2315
/home/wms/AF2-test/AF2-CatGraph-test5/data/GAC/01_af2/5D3O.146.pdb,/home/wms/AF2-test/AF2-CatGraph-test5/data/GAC/01_af2_new/GAC.AF2rank147.pdb,147,,0,A,0,0,,2315
/home/wms/AF2-test/AF2-CatGraph-test5/data/GAC/01_af2/5D3O.147.pdb,/home/wms/AF2-test/AF2-CatGraph-test5/data/GAC/01_af2_new/GAC.AF2rank148.pdb,148,,0,A,0,0,,2315
/home/wms/AF2-test/AF2-CatGraph-test5/data/GAC/01_af2/5D3O.148.pdb,/home/wms/AF2-test/AF2-CatGraph-test5/data/GAC/01_af2_new/GAC.AF2rank149.pdb,149,,0,A,0,0,,2315
/home/wms/AF2-test/AF2-CatGraph-test5/data/GAC/01_af2/5D3O.149.pdb,/home/wms/AF2-test/AF2-CatGraph-test5/data/GAC/01_af2_new/GAC.AF2rank150.pdb,150,,0,A,0,0,,2315
/home/wms/AF2-test/AF2-CatGraph-test5/data/GAC/01_af2/5D3O.150.pdb,/home/wms/AF2-test/AF2-CatGraph-test5/data/GAC/01_af2_new/GAC.AF2rank151.pdb,151,,0,A,0,0,,2315
/home/wms/AF2-test/AF2-CatGraph-test5/data/GAC/01_af2/5D3O.151.pdb,/home/wms/AF2-test/AF2-CatGraph-test5/data/GAC/01_af2_new/GAC.AF2rank152.pdb,152,,0,A,0,0,,2315
/home/wms/AF2-test/AF2-CatGraph-test5/data/GAC/01_af2/5D3O.152.pdb,/home/wms/AF2-test/AF2-CatGraph-test5/data/GAC/01_af2_new/GAC.AF2rank153.pdb,153,,0,A,0,0,,2315
/home/wms/AF2-test/AF2-CatGraph-test5/data/GAC/01_af2/5D3O.153.pdb,/home/wms/AF2-test/AF2-CatGraph-test5/data/GAC/01_af2_new/GAC.AF2rank154.pdb,154,,0,A,0,0,,2315
/home/wms/AF2-test/AF2-CatGraph-test5/data/GAC/01_af2/5D3O.154.pdb,/home/wms/AF2-test/AF2-CatGraph-test5/data/GAC/01_af2_new/GAC.AF2rank155.pdb,155,,0,A,0,0,,2315
/home/wms/AF2-test/AF2-CatGraph-test5/data/GAC/01_af2/5D3O.155.pdb,/home/wms/AF2-test/AF2-CatGraph-test5/data/GAC/01_af2_new/GAC.AF2rank156.pdb,156,,0,A,0,0,,2315
/home/wms/AF2-test/AF2-CatGraph-test5/data/GAC/01_af2/5D3O.156.pdb,/home/wms/AF2-test/AF2-CatGraph-test5/data/GAC/01_af2_new/GAC.AF2rank157.pdb,157,,0,A,0,0,,2315
/home/wms/AF2-test/AF2-CatGraph-test5/data/GAC/01_af2/5D3O.157.pdb,/home/wms/AF2-test/AF2-CatGraph-test5/data/GAC/01_af2_new/GAC.AF2rank158.pdb,158,,0,A,0,0,,2315
/home/wms/AF2-test/AF2-CatGraph-test5/data/GAC/01_af2/5D3O.158.pdb,/home/wms/AF2-test/AF2-CatGraph-test5/data/GAC/01_af2_new/GAC.AF2rank159.pdb,159,,0,A,0,0,,2315
/home/wms/AF2-test/AF2-CatGraph-test5/data/GAC/01_af2/5D3O.159.pdb,/home/wms/AF2-test/AF2-CatGraph-test5/data/GAC/01_af2_new/GAC.AF2rank160.pdb,160,,0,A,0,0,,2315
/home/wms/AF2-test/AF2-CatGraph-test5/data/GAC/01_af2/5D3O.160.pdb,/home/wms/AF2-test/AF2-CatGraph-test5/data/GAC/01_af2_new/GAC.AF2rank161.pdb,161,,0,A,0,0,,2315
/home/wms/AF2-test/AF2-CatGraph-test5/data/GAC/01_af2/5D3O.161.pdb,/home/wms/AF2-test/AF2-CatGraph-test5/data/GAC/01_af2_new/GAC.AF2rank162.pdb,162,,0,A,0,0,,2315
/home/wms/AF2-test/AF2-CatGraph-test5/data/GAC/01_af2/5D3O.162.pdb,/home/wms/AF2-test/AF2-CatGraph-test5/data/GAC/01_af2_new/GAC.AF2rank163.pdb,163,,0,A,0,0,,2315
/home/wms/AF2-test/AF2-CatGraph-test5/data/GAC/01_af2/5D3O.163.pdb,/home/wms/AF2-test/AF2-CatGraph-test5/data/GAC/01_af2_new/GAC.AF2rank164.pdb,164,,0,A,0,0,,2315
/home/wms/AF2-test/AF2-CatGraph-test5/data/GAC/01_af2/5D3O.164.pdb,/home/wms/AF2-test/AF2-CatGraph-test5/data/GAC/01_af2_new/GAC.AF2rank165.pdb,165,,0,A,0,0,,2315
/home/wms/AF2-test/AF2-CatGraph-test5/data/GAC/01_af2/5D3O.165.pdb,/home/wms/AF2-test/AF2-CatGraph-test5/data/GAC/01_af2_new/GAC.AF2rank166.pdb,166,,0,A,0,0,,2315
/home/wms/AF2-test/AF2-CatGraph-test5/data/GAC/01_af2/5D3O.166.pdb,/home/wms/AF2-test/AF2-CatGraph-test5/data/GAC/01_af2_new/GAC.AF2rank167.pdb,167,,0,A,0,0,,2315
/home/wms/AF2-test/AF2-CatGraph-test5/data/GAC/01_af2/5D3O.167.pdb,/home/wms/AF2-test/AF2-CatGraph-test5/data/GAC/01_af2_new/GAC.AF2rank168.pdb,168,,0,A,0,0,,2315
/home/wms/AF2-test/AF2-CatGraph-test5/data/GAC/01_af2/5D3O.168.pdb,/home/wms/AF2-test/AF2-CatGraph-test5/data/GAC/01_af2_new/GAC.AF2rank169.pdb,169,,0,A,0,0,,2315
/home/wms/AF2-test/AF2-CatGraph-test5/data/GAC/01_af2/5D3O.169.pdb,/home/wms/AF2-test/AF2-CatGraph-test5/data/GAC/01_af2_new/GAC.AF2rank170.pdb,170,,0,A,0,0,,2315
/home/wms/AF2-test/AF2-CatGraph-test5/data/GAC/01_af2/5D3O.170.pdb,/home/wms/AF2-test/AF2-CatGraph-test5/data/GAC/01_af2_new/GAC.AF2rank171.pdb,171,,0,A,0,0,,2315
/home/wms/AF2-test/AF2-CatGraph-test5/data/GAC/01_af2/5D3O.171.pdb,/home/wms/AF2-test/AF2-CatGraph-test5/data/GAC/01_af2_new/GAC.AF2rank172.pdb,172,,0,A,0,0,,2315
/home/wms/AF2-test/AF2-CatGraph-test5/data/GAC/01_af2/5D3O.172.pdb,/home/wms/AF2-test/AF2-CatGraph-test5/data/GAC/01_af2_new/GAC.AF2rank173.pdb,173,,0,A,0,0,,2315
/home/wms/AF2-test/AF2-CatGraph-test5/data/GAC/01_af2/5D3O.173.pdb,/home/wms/AF2-test/AF2-CatGraph-test5/data/GAC/01_af2_new/GAC.AF2rank174.pdb,174,,0,A,0,0,,2315
/home/wms/AF2-test/AF2-CatGraph-test5/data/GAC/01_af2/5D3O.174.pdb,/home/wms/AF2-test/AF2-CatGraph-test5/data/GAC/01_af2_new/GAC.AF2rank175.pdb,175,,0,A,0,0,,2315
/home/wms/AF2-test/AF2-CatGraph-test5/data/GAC/01_af2/5D3O.175.pdb,/home/wms/AF2-test/AF2-CatGraph-test5/data/GAC/01_af2_new/GAC.AF2rank176.pdb,176,,0,A,0,0,,2315
/home/wms/AF2-test/AF2-CatGraph-test5/data/GAC/01_af2/5D3O.176.pdb,/home/wms/AF2-test/AF2-CatGraph-test5/data/GAC/01_af2_new/GAC.AF2rank177.pdb,177,,0,A,0,0,,2315
/home/wms/AF2-test/AF2-CatGraph-test5/data/GAC/01_af2/5D3O.177.pdb,/home/wms/AF2-test/AF2-CatGraph-test5/data/GAC/01_af2_new/GAC.AF2rank178.pdb,178,,0,A,0,0,,2315
/home/wms/AF2-test/AF2-CatGraph-test5/data/GAC/01_af2/5D3O.178.pdb,/home/wms/AF2-test/AF2-CatGraph-test5/data/GAC/01_af2_new/GAC.AF2rank179.pdb,179,,0,A,0,0,,2315
/home/wms/AF2-test/AF2-CatGraph-test5/data/GAC/01_af2/5D3O.179.pdb,/home/wms/AF2-test/AF2-CatGraph-test5/data/GAC/01_af2_new/GAC.AF2rank180.pdb,180,,0,A,0,0,,2315
/home/wms/AF2-test/AF2-CatGraph-test5/data/GAC/01_af2/5D3O.180.pdb,/home/wms/AF2-test/AF2-CatGraph-test5/data/GAC/01_af2_new/GAC.AF2rank181.pdb,181,,0,A,0,0,,2315
/home/wms/AF2-test/AF2-CatGraph-test5/data/GAC/01_af2/5D3O.181.pdb,/home/wms/AF2-test/AF2-CatGraph-test5/data/GAC/01_af2_new/GAC.AF2rank182.pdb,182,,0,A,0,0,,2315
/home/wms/AF2-test/AF2-CatGraph-test5/data/GAC/01_af2/5D3O.182.pdb,/home/wms/AF2-test/AF2-CatGraph-test5/data/GAC/01_af2_new/GAC.AF2rank183.pdb,183,,0,A,0,0,,2315
/home/wms/AF2-test/AF2-CatGraph-test5/data/GAC/01_af2/5D3O.183.pdb,/home/wms/AF2-test/AF2-CatGraph-test5/data/GAC/01_af2_new/GAC.AF2rank184.pdb,184,,0,A,0,0,,2315
/home/wms/AF2-test/AF2-CatGraph-test5/data/GAC/01_af2/5D3O.184.pdb,/home/wms/AF2-test/AF2-CatGraph-test5/data/GAC/01_af2_new/GAC.AF2rank185.pdb,185,,0,A,0,0,,2315
/home/wms/AF2-test/AF2-CatGraph-test5/data/GAC/01_af2/5D3O.185.pdb,/home/wms/AF2-test/AF2-CatGraph-test5/data/GAC/01_af2_new/GAC.AF2rank186.pdb,186,,0,A,0,0,,2315
/home/wms/AF2-test/AF2-CatGraph-test5/data/GAC/01_af2/5D3O.186.pdb,/home/wms/AF2-test/AF2-CatGraph-test5/data/GAC/01_af2_new/GAC.AF2rank187.pdb,187,,0,A,0,0,,2315
/home/wms/AF2-test/AF2-CatGraph-test5/data/GAC/01_af2/5D3O.187.pdb,/home/wms/AF2-test/AF2-CatGraph-test5/data/GAC/01_af2_new/GAC.AF2rank188.pdb,188,,0,A,0,0,,2315
/home/wms/AF2-test/AF2-CatGraph-test5/data/GAC/01_af2/5D3O.188.pdb,/home/wms/AF2-test/AF2-CatGraph-test5/data/GAC/01_af2_new/GAC.AF2rank189.pdb,189,,0,A,0,0,,2315
/home/wms/AF2-test/AF2-CatGraph-test5/data/GAC/01_af2/5D3O.189.pdb,/home/wms/AF2-test/AF2-CatGraph-test5/data/GAC/01_af2_new/GAC.AF2rank190.pdb,190,,0,A,0,0,,2315
/home/wms/AF2-test/AF2-CatGraph-test5/data/GAC/01_af2/5D3O.190.pdb,/home/wms/AF2-test/AF2-CatGraph-test5/data/GAC/01_af2_new/GAC.AF2rank191.pdb,191,,0,A,0,0,,2315
/home/wms/AF2-test/AF2-CatGraph-test5/data/GAC/01_af2/5D3O.191.pdb,/home/wms/AF2-test/AF2-CatGraph-test5/data/GAC/01_af2_new/GAC.AF2rank192.pdb,192,,0,A,0,0,,2315
/home/wms/AF2-test/AF2-CatGraph-test5/data/GAC/01_af2/5D3O.192.pdb,/home/wms/AF2-test/AF2-CatGraph-test5/data/GAC/01_af2_new/GAC.AF2rank193.pdb,193,,0,A,0,0,,2315
/home/wms/AF2-test/AF2-CatGraph-test5/data/GAC/01_af2/5D3O.193.pdb,/home/wms/AF2-test/AF2-CatGraph-test5/data/GAC/01_af2_new/GAC.AF2rank194.pdb,194,,0,A,0,0,,2315
/home/wms/AF2-test/AF2-CatGraph-test5/data/GAC/01_af2/5D3O.194.pdb,/home/wms/AF2-test/AF2-CatGraph-test5/data/GAC/01_af2_new/GAC.AF2rank195.pdb,195,,0,A,0,0,,2315
/home/wms/AF2-test/AF2-CatGraph-test5/data/GAC/01_af2/5D3O.195.pdb,/home/wms/AF2-test/AF2-CatGraph-test5/data/GAC/01_af2_new/GAC.AF2rank196.pdb,196,,0,A,0,0,,2315
/home/wms/AF2-test/AF2-CatGraph-test5/data/GAC/01_af2/5D3O.196.pdb,/home/wms/AF2-test/AF2-CatGraph-test5/data/GAC/01_af2_new/GAC.AF2rank197.pdb,197,,0,A,0,0,,2315
/home/wms/AF2-test/AF2-CatGraph-test5/data/GAC/01_af2/5D3O.197.pdb,/home/wms/AF2-test/AF2-CatGraph-test5/data/GAC/01_af2_new/GAC.AF2rank198.pdb,198,,0,A,0,0,,2315
/home/wms/AF2-test/AF2-CatGraph-test5/data/GAC/01_af2/5D3O.198.pdb,/home/wms/AF2-test/AF2-CatGraph-test5/data/GAC/01_af2_new/GAC.AF2rank199.pdb,199,,0,A,0,0,,2315
/home/wms/AF2-test/AF2-CatGraph-test5/data/GAC/01_af2/5D3O.199.pdb,/home/wms/AF2-test/AF2-CatGraph-test5/data/GAC/01_af2_new/GAC.AF2rank200.pdb,200,,0,A,0,0,,2315
/home/wms/AF2-test/AF2-CatGraph-test5/data/GAC/01_af2/5D3O.200.pdb,/home/wms/AF2-test/AF2-CatGraph-test5/data/GAC/01_af2_new/GAC.AF2rank201.pdb,201,,0,A,0,0,,2315
/home/wms/AF2-test/AF2-CatGraph-test5/data/GAC/01_af2/5D3O.201.pdb,/home/wms/AF2-test/AF2-CatGraph-test5/data/GAC/01_af2_new/GAC.AF2rank202.pdb,202,,0,A,0,0,,2315
/home/wms/AF2-test/AF2-CatGraph-test5/data/GAC/01_af2/5D3O.202.pdb,/home/wms/AF2-test/AF2-CatGraph-test5/data/GAC/01_af2_new/GAC.AF2rank203.pdb,203,,0,A,0,0,,2315
/home/wms/AF2-test/AF2-CatGraph-test5/data/GAC/01_af2/5D3O.203.pdb,/home/wms/AF2-test/AF2-CatGraph-test5/data/GAC/01_af2_new/GAC.AF2rank204.pdb,204,,0,A,0,0,,2315
/home/wms/AF2-test/AF2-CatGraph-test5/data/GAC/01_af2/5D3O.204.pdb,/home/wms/AF2-test/AF2-CatGraph-test5/data/GAC/01_af2_new/GAC.AF2rank205.pdb,205,,0,A,0,0,,2315
/home/wms/AF2-test/AF2-CatGraph-test5/data/GAC/01_af2/5D3O.205.pdb,/home/wms/AF2-test/AF2-CatGraph-test5/data/GAC/01_af2_new/GAC.AF2rank206.pdb,206,,0,A,0,0,,2315
/home/wms/AF2-test/AF2-CatGraph-test5/data/GAC/01_af2/5D3O.206.pdb,/home/wms/AF2-test/AF2-CatGraph-test5/data/GAC/01_af2_new/GAC.AF2rank207.pdb,207,,0,A,0,0,,2315
/home/wms/AF2-test/AF2-CatGraph-test5/data/GAC/01_af2/5D3O.207.pdb,/home/wms/AF2-test/AF2-CatGraph-test5/data/GAC/01_af2_new/GAC.AF2rank208.pdb,208,,0,A,0,0,,2315
/home/wms/AF2-test/AF2-CatGraph-test5/data/GAC/01_af2/5D3O.208.pdb,/home/wms/AF2-test/AF2-CatGraph-test5/data/GAC/01_af2_new/GAC.AF2rank209.pdb,209,,0,A,0,0,,2315
/home/wms/AF2-test/AF2-CatGraph-test5/data/GAC/01_af2/5D3O.209.pdb,/home/wms/AF2-test/AF2-CatGraph-test5/data/GAC/01_af2_new/GAC.AF2rank210.pdb,210,,0,A,0,0,,2315
/home/wms/AF2-test/AF2-CatGraph-test5/data/GAC/01_af2/5D3O.210.pdb,/home/wms/AF2-test/AF2-CatGraph-test5/data/GAC/01_af2_new/GAC.AF2rank211.pdb,211,,0,A,0,0,,2315
/home/wms/AF2-test/AF2-CatGraph-test5/data/GAC/01_af2/5D3O.211.pdb,/home/wms/AF2-test/AF2-CatGraph-test5/data/GAC/01_af2_new/GAC.AF2rank212.pdb,212,,0,A,0,0,,2315
/home/wms/AF2-test/AF2-CatGraph-test5/data/GAC/01_af2/5D3O.212.pdb,/home/wms/AF2-test/AF2-CatGraph-test5/data/GAC/01_af2_new/GAC.AF2rank213.pdb,213,,0,A,0,0,,2315
/home/wms/AF2-test/AF2-CatGraph-test5/data/GAC/01_af2/5D3O.213.pdb,/home/wms/AF2-test/AF2-CatGraph-test5/data/GAC/01_af2_new/GAC.AF2rank214.pdb,214,,0,A,0,0,,2315
/home/wms/AF2-test/AF2-CatGraph-test5/data/GAC/01_af2/5D3O.214.pdb,/home/wms/AF2-test/AF2-CatGraph-test5/data/GAC/01_af2_new/GAC.AF2rank215.pdb,215,,0,A,0,0,,2315
/home/wms/AF2-test/AF2-CatGraph-test5/data/GAC/01_af2/5D3O.215.pdb,/home/wms/AF2-test/AF2-CatGraph-test5/data/GAC/01_af2_new/GAC.AF2rank216.pdb,216,,0,A,0,0,,2315
/home/wms/AF2-test/AF2-CatGraph-test5/data/GAC/01_af2/5D3O.216.pdb,/home/wms/AF2-test/AF2-CatGraph-test5/data/GAC/01_af2_new/GAC.AF2rank217.pdb,217,,0,A,0,0,,2315
/home/wms/AF2-test/AF2-CatGraph-test5/data/GAC/01_af2/5D3O.217.pdb,/home/wms/AF2-test/AF2-CatGraph-test5/data/GAC/01_af2_new/GAC.AF2rank218.pdb,218,,0,A,0,0,,2315
/home/wms/AF2-test/AF2-CatGraph-test5/data/GAC/01_af2/5D3O.218.pdb,/home/wms/AF2-test/AF2-CatGraph-test5/data/GAC/01_af2_new/GAC.AF2rank219.pdb,219,,0,A,0,0,,2315
/home/wms/AF2-test/AF2-CatGraph-test5/data/GAC/01_af2/5D3O.219.pdb,/home/wms/AF2-test/AF2-CatGraph-test5/data/GAC/01_af2_new/GAC.AF2rank220.pdb,220,,0,A,0,0,,2315
/home/wms/AF2-test/AF2-CatGraph-test5/data/GAC/01_af2/5D3O.220.pdb,/home/wms/AF2-test/AF2-CatGraph-test5/data/GAC/01_af2_new/GAC.AF2rank221.pdb,221,,0,A,0,0,,2315
/home/wms/AF2-test/AF2-CatGraph-test5/data/GAC/01_af2/5D3O.221.pdb,/home/wms/AF2-test/AF2-CatGraph-test5/data/GAC/01_af2_new/GAC.AF2rank222.pdb,222,,0,A,0,0,,2315
/home/wms/AF2-test/AF2-CatGraph-test5/data/GAC/01_af2/5D3O.222.pdb,/home/wms/AF2-test/AF2-CatGraph-test5/data/GAC/01_af2_new/GAC.AF2rank223.pdb,223,,0,A,0,0,,2315
/home/wms/AF2-test/AF2-CatGraph-test5/data/GAC/01_af2/5D3O.223.pdb,/home/wms/AF2-test/AF2-CatGraph-test5/data/GAC/01_af2_new/GAC.AF2rank224.pdb,224,,0,A,0,0,,2315
/home/wms/AF2-test/AF2-CatGraph-test5/data/GAC/01_af2/5D3O.224.pdb,/home/wms/AF2-test/AF2-CatGraph-test5/data/GAC/01_af2_new/GAC.AF2rank225.pdb,225,,0,A,0,0,,2315
/home/wms/AF2-test/AF2-CatGraph-test5/data/GAC/01_af2/5D3O.225.pdb,/home/wms/AF2-test/AF2-CatGraph-test5/data/GAC/01_af2_new/GAC.AF2rank226.pdb,226,,0,A,0,0,,2315
/home/wms/AF2-test/AF2-CatGraph-test5/data/GAC/01_af2/5D3O.226.pdb,/home/wms/AF2-test/AF2-CatGraph-test5/data/GAC/01_af2_new/GAC.AF2rank227.pdb,227,,0,A,0,0,,2315
/home/wms/AF2-test/AF2-CatGraph-test5/data/GAC/01_af2/5D3O.227.pdb,/home/wms/AF2-test/AF2-CatGraph-test5/data/GAC/01_af2_new/GAC.AF2rank228.pdb,228,,0,A,0,0,,2315
/home/wms/AF2-test/AF2-CatGraph-test5/data/GAC/01_af2/5D3O.228.pdb,/home/wms/AF2-test/AF2-CatGraph-test5/data/GAC/01_af2_new/GAC.AF2rank229.pdb,229,,0,A,0,0,,2315
/home/wms/AF2-test/AF2-CatGraph-test5/data/GAC/01_af2/5D3O.229.pdb,/home/wms/AF2-test/AF2-CatGraph-test5/data/GAC/01_af2_new/GAC.AF2rank230.pdb,230,,0,A,0,0,,2315
/home/wms/AF2-test/AF2-CatGraph-test5/data/GAC/01_af2/5D3O.230.pdb,/home/wms/AF2-test/AF2-CatGraph-test5/data/GAC/01_af2_new/GAC.AF2rank231.pdb,231,,0,A,0,0,,2315
/home/wms/AF2-test/AF2-CatGraph-test5/data/GAC/01_af2/5D3O.231.pdb,/home/wms/AF2-test/AF2-CatGraph-test5/data/GAC/01_af2_new/GAC.AF2rank232.pdb,232,,0,A,0,0,,2315
/home/wms/AF2-test/AF2-CatGraph-test5/data/GAC/01_af2/5D3O.232.pdb,/home/wms/AF2-test/AF2-CatGraph-test5/data/GAC/01_af2_new/GAC.AF2rank233.pdb,233,,0,A,0,0,,2315
/home/wms/AF2-test/AF2-CatGraph-test5/data/GAC/01_af2/5D3O.233.pdb,/home/wms/AF2-test/AF2-CatGraph-test5/data/GAC/01_af2_new/GAC.AF2rank234.pdb,234,,0,A,0,0,,2315
/home/wms/AF2-test/AF2-CatGraph-test5/data/GAC/01_af2/5D3O.234.pdb,/home/wms/AF2-test/AF2-CatGraph-test5/data/GAC/01_af2_new/GAC.AF2rank235.pdb,235,,0,A,0,0,,2315
/home/wms/AF2-test/AF2-CatGraph-test5/data/GAC/01_af2/5D3O.235.pdb,/home/wms/AF2-test/AF2-CatGraph-test5/data/GAC/01_af2_new/GAC.AF2rank236.pdb,236,,0,A,0,0,,2315
/home/wms/AF2-test/AF2-CatGraph-test5/data/GAC/01_af2/5D3O.236.pdb,/home/wms/AF2-test/AF2-CatGraph-test5/data/GAC/01_af2_new/GAC.AF2rank237.pdb,237,,0,A,0,0,,2315
/home/wms/AF2-test/AF2-CatGraph-test5/data/GAC/01_af2/5D3O.237.pdb,/home/wms/AF2-test/AF2-CatGraph-test5/data/GAC/01_af2_new/GAC.AF2rank238.pdb,238,,0,A,0,0,,2315
/home/wms/AF2-test/AF2-CatGraph-test5/data/GAC/01_af2/5D3O.238.pdb,/home/wms/AF2-test/AF2-CatGraph-test5/data/GAC/01_af2_new/GAC.AF2rank239.pdb,239,,0,A,0,0,,2315
/home/wms/AF2-test/AF2-CatGraph-test5/data/GAC/01_af2/5D3O.239.pdb,/home/wms/AF2-test/AF2-CatGraph-test5/data/GAC/01_af2_new/GAC.AF2rank240.pdb,240,,0,A,0,0,,2315
/home/wms/AF2-test/AF2-CatGraph-test5/data/GAC/01_af2/5D3O.240.pdb,/home/wms/AF2-test/AF2-CatGraph-test5/data/GAC/01_af2_new/GAC.AF2rank241.pdb,241,,0,A,0,0,,2315
/home/wms/AF2-test/AF2-CatGraph-test5/data/GAC/01_af2/5D3O.241.pdb,/home/wms/AF2-test/AF2-CatGraph-test5/data/GAC/01_af2_new/GAC.AF2rank242.pdb,242,,0,A,0,0,,2315
/home/wms/AF2-test/AF2-CatGraph-test5/data/GAC/01_af2/5D3O.242.pdb,/home/wms/AF2-test/AF2-CatGraph-test5/data/GAC/01_af2_new/GAC.AF2rank243.pdb,243,,0,A,0,0,,2315
/home/wms/AF2-test/AF2-CatGraph-test5/data/GAC/01_af2/5D3O.243.pdb,/home/wms/AF2-test/AF2-CatGraph-test5/data/GAC/01_af2_new/GAC.AF2rank244.pdb,244,,0,A,0,0,,2315
/home/wms/AF2-test/AF2-CatGraph-test5/data/GAC/01_af2/5D3O.244.pdb,/home/wms/AF2-test/AF2-CatGraph-test5/data/GAC/01_af2_new/GAC.AF2rank245.pdb,245,,0,A,0,0,,2315
/home/wms/AF2-test/AF2-CatGraph-test5/data/GAC/01_af2/5D3O.245.pdb,/home/wms/AF2-test/AF2-CatGraph-test5/data/GAC/01_af2_new/GAC.AF2rank246.pdb,246,,0,A,0,0,,2315
/home/wms/AF2-test/AF2-CatGraph-test5/data/GAC/01_af2/5D3O.246.pdb,/home/wms/AF2-test/AF2-CatGraph-test5/data/GAC/01_af2_new/GAC.AF2rank247.pdb,247,,0,A,0,0,,2315
/home/wms/AF2-test/AF2-CatGraph-test5/data/GAC/01_af2/5D3O.247.pdb,/home/wms/AF2-test/AF2-CatGraph-test5/data/GAC/01_af2_new/GAC.AF2rank248.pdb,248,,0,A,0,0,,2315
/home/wms/AF2-test/AF2-CatGraph-test5/data/GAC/01_af2/5D3O.248.pdb,/home/wms/AF2-test/AF2-CatGraph-test5/data/GAC/01_af2_new/GAC.AF2rank249.pdb,249,,0,A,0,0,,2315
/home/wms/AF2-test/AF2-CatGraph-test5/data/GAC/01_af2/5D3O.249.pdb,/home/wms/AF2-test/AF2-CatGraph-test5/data/GAC/01_af2_new/GAC.AF2rank250.pdb,250,,0,A,0,0,,2315
/home/wms/AF2-test/AF2-CatGraph-test5/data/GAC/01_af2/5D3O.250.pdb,/home/wms/AF2-test/AF2-CatGraph-test5/data/GAC/01_af2_new/GAC.AF2rank251.pdb,251,,0,A,0,0,,2315
/home/wms/AF2-test/AF2-CatGraph-test5/data/GAC/01_af2/5D3O.251.pdb,/home/wms/AF2-test/AF2-CatGraph-test5/data/GAC/01_af2_new/GAC.AF2rank252.pdb,252,,0,A,0,0,,2315
/home/wms/AF2-test/AF2-CatGraph-test5/data/GAC/01_af2/5D3O.252.pdb,/home/wms/AF2-test/AF2-CatGraph-test5/data/GAC/01_af2_new/GAC.AF2rank253.pdb,253,,0,A,0,0,,2315
/home/wms/AF2-test/AF2-CatGraph-test5/data/GAC/01_af2/5D3O.253.pdb,/home/wms/AF2-test/AF2-CatGraph-test5/data/GAC/01_af2_new/GAC.AF2rank254.pdb,254,,0,A,0,0,,2315
/home/wms/AF2-test/AF2-CatGraph-test5/data/GAC/01_af2/5D3O.254.pdb,/home/wms/AF2-test/AF2-CatGraph-test5/data/GAC/01_af2_new/GAC.AF2rank255.pdb,255,,0,A,0,0,,2315
/home/wms/AF2-test/AF2-CatGraph-test5/data/GAC/01_af2/5D3O.255.pdb,/home/wms/AF2-test/AF2-CatGraph-test5/data/GAC/01_af2_new/GAC.AF2rank256.pdb,256,,0,A,0,0,,2315
/home/wms/AF2-test/AF2-CatGraph-test5/data/GAC/01_af2/5D3O.256.pdb,/home/wms/AF2-test/AF2-CatGraph-test5/data/GAC/01_af2_new/GAC.AF2rank257.pdb,257,,0,A,0,0,,2315
/home/wms/AF2-test/AF2-CatGraph-test5/data/GAC/01_af2/5D3O.257.pdb,/home/wms/AF2-test/AF2-CatGraph-test5/data/GAC/01_af2_new/GAC.AF2rank258.pdb,258,,0,A,0,0,,2315
/home/wms/AF2-test/AF2-CatGraph-test5/data/GAC/01_af2/5D3O.258.pdb,/home/wms/AF2-test/AF2-CatGraph-test5/data/GAC/01_af2_new/GAC.AF2rank259.pdb,259,,0,A,0,0,,2315
/home/wms/AF2-test/AF2-CatGraph-test5/data/GAC/01_af2/5D3O.259.pdb,/home/wms/AF2-test/AF2-CatGraph-test5/data/GAC/01_af2_new/GAC.AF2rank260.pdb,260,,0,A,0,0,,2315
/home/wms/AF2-test/AF2-CatGraph-test5/data/GAC/01_af2/5D3O.260.pdb,/home/wms/AF2-test/AF2-CatGraph-test5/data/GAC/01_af2_new/GAC.AF2rank261.pdb,261,,0,A,0,0,,2315
/home/wms/AF2-test/AF2-CatGraph-test5/data/GAC/01_af2/5D3O.261.pdb,/home/wms/AF2-test/AF2-CatGraph-test5/data/GAC/01_af2_new/GAC.AF2rank262.pdb,262,,0,A,0,0,,2315
/home/wms/AF2-test/AF2-CatGraph-test5/data/GAC/01_af2/5D3O.262.pdb,/home/wms/AF2-test/AF2-CatGraph-test5/data/GAC/01_af2_new/GAC.AF2rank263.pdb,263,,0,A,0,0,,2315
/home/wms/AF2-test/AF2-CatGraph-test5/data/GAC/01_af2/5D3O.263.pdb,/home/wms/AF2-test/AF2-CatGraph-test5/data/GAC/01_af2_new/GAC.AF2rank264.pdb,264,,0,A,0,0,,2315
