class,n_structures,structure_ids,n_unique_canonical_signatures_in_class,canonical_signature_edge_count,canonical_signature
class_1,2,AqTMK_1;AqTMK_12,1,18,D9 | Polar contact | ATP phosphate 3 unit;G10 | Polar contact | ATP phosphate 2–3 bridging oxygen;G12 | Polar contact | ATP phosphate 2 unit;K13 | Polar contact | ATP phosphate 2 unit;K13 | Polar contact | ATP phosphate 3 unit;K143 | Polar contact | ATP phosphate 1 unit;K143 | Polar contact | ATP phosphate 2 unit;K143 | Polar contact | ATP phosphate 3 unit;R145 | Polar contact | ATP phosphate 3 unit;R145 | Polar contact | dTMP phosphate unit;R47 | Polar contact | dTMP phosphate unit;R90 | Polar contact | ATP phosphate 3 unit;R90 | Polar contact | dTMP phosphate unit;S11 | Polar contact | ATP phosphate 2 unit;T14 | Metal contact | Mg2+ ion;T14 | Polar contact | ATP phosphate 2 unit;T14 | Polar contact | ATP phosphate 3 unit;T15 | Polar contact | ATP phosphate 1 unit
class_2,1,AqTMK_30,1,18,D9 | Polar contact | ATP phosphate 3 unit;G10 | Polar contact | ATP phosphate 2–3 bridging oxygen;G12 | Polar contact | ATP phosphate 2 unit;K13 | Polar contact | ATP phosphate 2 unit;K13 | Polar contact | ATP phosphate 3 unit;K143 | Polar contact | ATP phosphate 1 unit;K143 | Polar contact | ATP phosphate 2 unit;K143 | Polar contact | ATP phosphate 3 unit;R145 | Polar contact | ATP phosphate 3 unit;R145 | Polar contact | dTMP phosphate unit;R47 | Polar contact | dTMP phosphate unit;R90 | Polar contact | ATP phosphate 3 unit;R90 | Polar contact | dTMP phosphate unit;S11 | Polar contact | ATP phosphate 2 unit;T14 | Metal contact | Mg2+ ion;T14 | Polar contact | ATP phosphate 2 unit;T14 | Polar contact | ATP phosphate 3 unit;T15 | Polar contact | ATP phosphate 1 unit
class_3,1,AqTMK_35,1,18,D9 | Polar contact | ATP phosphate 3 unit;G10 | Polar contact | ATP phosphate 2–3 bridging oxygen;G12 | Polar contact | ATP phosphate 1–2 bridging oxygen;K13 | Polar contact | ATP phosphate 2 unit;K13 | Polar contact | ATP phosphate 3 unit;K143 | Polar contact | ATP phosphate 1 unit;K143 | Polar contact | ATP phosphate 2 unit;R145 | Polar contact | ATP phosphate 3 unit;R145 | Polar contact | dTMP phosphate unit;R35 | Polar contact | dTMP phosphate unit;R47 | Polar contact | dTMP phosphate unit;R90 | Polar contact | ATP phosphate 3 unit;R90 | Polar contact | dTMP phosphate unit;S11 | Polar contact | ATP phosphate 2 unit;T14 | Metal contact | Mg2+ ion;T14 | Polar contact | ATP phosphate 2 unit;T14 | Polar contact | ATP phosphate 3 unit;T15 | Polar contact | ATP phosphate 1 unit
class_4,1,AqTMK_65,1,18,D9 | Polar contact | ATP phosphate 3 unit;G10 | Polar contact | ATP phosphate 2–3 bridging oxygen;G12 | Polar contact | ATP phosphate 2 unit;K13 | Polar contact | ATP phosphate 2 unit;K13 | Polar contact | ATP phosphate 3 unit;K143 | Polar contact | ATP phosphate 1 unit;K143 | Polar contact | ATP phosphate 2 unit;K143 | Polar contact | ATP phosphate 3 unit;R145 | Polar contact | ATP phosphate 3 unit;R145 | Polar contact | dTMP phosphate unit;R35 | Polar contact | dTMP phosphate unit;R47 | Polar contact | dTMP phosphate unit;R90 | Polar contact | ATP phosphate 3 unit;R90 | Polar contact | dTMP phosphate unit;S11 | Polar contact | ATP phosphate 2 unit;T14 | Metal contact | Mg2+ ion;T14 | Polar contact | ATP phosphate 2 unit;T15 | Polar contact | ATP phosphate 1 unit
class_5,2,AqTMK_8;AqTMK_21,1,17,D9 | Polar contact | ATP phosphate 3 unit;G10 | Polar contact | ATP phosphate 2–3 bridging oxygen;G12 | Polar contact | ATP phosphate 2 unit;K13 | Polar contact | ATP phosphate 2 unit;K13 | Polar contact | ATP phosphate 3 unit;K143 | Polar contact | ATP phosphate 1 unit;K143 | Polar contact | ATP phosphate 2 unit;R145 | Polar contact | ATP phosphate 3 unit;R145 | Polar contact | dTMP phosphate unit;R47 | Polar contact | dTMP phosphate unit;R90 | Polar contact | ATP phosphate 3 unit;R90 | Polar contact | dTMP phosphate unit;S11 | Polar contact | ATP phosphate 2 unit;T14 | Metal contact | Mg2+ ion;T14 | Polar contact | ATP phosphate 2 unit;T14 | Polar contact | ATP phosphate 3 unit;T15 | Polar contact | ATP phosphate 1 unit
class_6,1,AqTMK_10,1,17,D9 | Polar contact | ATP phosphate 3 unit;G10 | Polar contact | ATP phosphate 2–3 bridging oxygen;G12 | Polar contact | ATP phosphate 2 unit;K13 | Polar contact | ATP phosphate 2 unit;K13 | Polar contact | ATP phosphate 3 unit;K143 | Polar contact | ATP phosphate 1 unit;K143 | Polar contact | ATP phosphate 2 unit;K143 | Polar contact | ATP phosphate 3 unit;R145 | Polar contact | ATP phosphate 3 unit;R47 | Polar contact | dTMP phosphate unit;R90 | Polar contact | ATP phosphate 3 unit;R90 | Polar contact | dTMP phosphate unit;S11 | Polar contact | ATP phosphate 2 unit;T14 | Metal contact | Mg2+ ion;T14 | Polar contact | ATP phosphate 2 unit;T14 | Polar contact | ATP phosphate 3 unit;T15 | Polar contact | ATP phosphate 1 unit
class_7,1,AqTMK_16,1,17,D9 | Polar contact | ATP phosphate 3 unit;G10 | Polar contact | ATP phosphate 2–3 bridging oxygen;G12 | Polar contact | ATP phosphate 2 unit;K13 | Polar contact | ATP phosphate 2 unit;K13 | Polar contact | ATP phosphate 3 unit;K143 | Polar contact | ATP phosphate 1 unit;K143 | Polar contact | ATP phosphate 2 unit;K143 | Polar contact | ATP phosphate 3 unit;R145 | Polar contact | ATP phosphate 3 unit;R145 | Polar contact | dTMP phosphate unit;R47 | Polar contact | dTMP phosphate unit;R90 | Polar contact | ATP phosphate 3 unit;R90 | Polar contact | dTMP phosphate unit;S11 | Polar contact | ATP phosphate 2–3 bridging oxygen;T14 | Metal contact | Mg2+ ion;T14 | Polar contact | ATP phosphate 2 unit;T15 | Polar contact | ATP phosphate 1 unit
class_8,1,AqTMK_26,1,17,D9 | Polar contact | ATP phosphate 3 unit;G10 | Polar contact | ATP phosphate 2–3 bridging oxygen;G12 | Polar contact | ATP phosphate 2 unit;K13 | Polar contact | ATP phosphate 2 unit;K13 | Polar contact | ATP phosphate 3 unit;K143 | Polar contact | ATP phosphate 1 unit;K143 | Polar contact | ATP phosphate 2 unit;R145 | Polar contact | ATP phosphate 3 unit;R145 | Polar contact | dTMP phosphate unit;R47 | Polar contact | dTMP phosphate unit;R90 | Polar contact | ATP phosphate 3 unit;R90 | Polar contact | dTMP phosphate unit;S11 | Polar contact | ATP phosphate 2 unit;T14 | Metal contact | Mg2+ ion;T14 | Polar contact | ATP phosphate 2 unit;T14 | Polar contact | ATP phosphate 3 unit;T15 | Polar contact | ATP phosphate 1 unit
class_9,1,AqTMK_39,1,17,D9 | Polar contact | ATP phosphate 3 unit;G10 | Polar contact | ATP phosphate 2–3 bridging oxygen;G12 | Polar contact | ATP phosphate 2 unit;K13 | Polar contact | ATP phosphate 2 unit;K13 | Polar contact | ATP phosphate 3 unit;K143 | Polar contact | ATP phosphate 1 unit;K143 | Polar contact | ATP phosphate 2 unit;R145 | Polar contact | ATP phosphate 3 unit;R145 | Polar contact | dTMP phosphate unit;R35 | Polar contact | dTMP phosphate unit;R47 | Polar contact | dTMP phosphate unit;R90 | Polar contact | ATP phosphate 3 unit;R90 | Polar contact | dTMP phosphate unit;S11 | Polar contact | ATP phosphate 2 unit;T14 | Metal contact | Mg2+ ion;T14 | Polar contact | ATP phosphate 2 unit;T15 | Polar contact | ATP phosphate 1 unit
class_10,1,AqTMK_41,1,17,D9 | Polar contact | ATP phosphate 3 unit;G10 | Polar contact | ATP phosphate 2–3 bridging oxygen;G12 | Polar contact | ATP phosphate 2 unit;K13 | Polar contact | ATP phosphate 2 unit;K13 | Polar contact | ATP phosphate 3 unit;K143 | Polar contact | ATP phosphate 1 unit;K143 | Polar contact | ATP phosphate 2 unit;K143 | Polar contact | ATP phosphate 3 unit;R145 | Polar contact | ATP phosphate 3 unit;R145 | Polar contact | dTMP phosphate unit;R90 | Polar contact | ATP phosphate 3 unit;R90 | Polar contact | dTMP phosphate unit;S11 | Polar contact | ATP phosphate 2 unit;T14 | Metal contact | Mg2+ ion;T14 | Polar contact | ATP phosphate 2 unit;T14 | Polar contact | ATP phosphate 3 unit;T15 | Polar contact | ATP phosphate 1 unit
class_11,1,AqTMK_44,1,17,D9 | Polar contact | ATP phosphate 3 unit;G10 | Polar contact | ATP phosphate 2–3 bridging oxygen;G12 | Polar contact | ATP phosphate 2 unit;K13 | Polar contact | ATP phosphate 2 unit;K13 | Polar contact | ATP phosphate 3 unit;K143 | Polar contact | ATP phosphate 1 unit;K143 | Polar contact | ATP phosphate 2 unit;K143 | Polar contact | ATP phosphate 3 unit;R145 | Polar contact | ATP phosphate 3 unit;R145 | Polar contact | dTMP phosphate unit;R47 | Polar contact | dTMP phosphate unit;R90 | Polar contact | ATP phosphate 3 unit;R90 | Polar contact | dTMP phosphate unit;S11 | Polar contact | ATP phosphate 2 unit;T14 | Metal contact | Mg2+ ion;T14 | Polar contact | ATP phosphate 2 unit;T15 | Polar contact | ATP phosphate 1 unit
class_12,2,AqTMK_46;AqTMK_97,1,17,D9 | Polar contact | ATP phosphate 3 unit;G10 | Polar contact | ATP phosphate 2–3 bridging oxygen;G12 | Polar contact | ATP phosphate 2 unit;K13 | Polar contact | ATP phosphate 2 unit;K13 | Polar contact | ATP phosphate 3 unit;K143 | Polar contact | ATP phosphate 1 unit;K143 | Polar contact | ATP phosphate 2 unit;R145 | Polar contact | ATP phosphate 3 unit;R145 | Polar contact | dTMP phosphate unit;R47 | Polar contact | dTMP phosphate unit;R90 | Polar contact | ATP phosphate 3 unit;R90 | Polar contact | dTMP phosphate unit;S11 | Polar contact | ATP phosphate 2 unit;T14 | Metal contact | Mg2+ ion;T14 | Polar contact | ATP phosphate 2 unit;T14 | Polar contact | ATP phosphate 3 unit;T15 | Polar contact | ATP phosphate 1 unit
class_13,2,AqTMK_58;AqTMK_60,1,17,D9 | Polar contact | ATP phosphate 3 unit;G10 | Polar contact | ATP phosphate 2–3 bridging oxygen;G12 | Polar contact | ATP phosphate 2–3 bridging oxygen;K13 | Polar contact | ATP phosphate 2 unit;K13 | Polar contact | ATP phosphate 3 unit;K143 | Polar contact | ATP phosphate 1 unit;K143 | Polar contact | ATP phosphate 2 unit;K143 | Polar contact | ATP phosphate 3 unit;R145 | Polar contact | ATP phosphate 3 unit;R145 | Polar contact | dTMP phosphate unit;R47 | Polar contact | dTMP phosphate unit;R90 | Polar contact | ATP phosphate 3 unit;R90 | Polar contact | dTMP phosphate unit;S11 | Polar contact | ATP phosphate 2–3 bridging oxygen;T14 | Metal contact | Mg2+ ion;T14 | Polar contact | ATP phosphate 2 unit;T15 | Polar contact | ATP phosphate 1 unit
class_14,1,AqTMK_88,1,17,D9 | Polar contact | ATP phosphate 3 unit;G10 | Polar contact | ATP phosphate 2–3 bridging oxygen;G12 | Polar contact | ATP phosphate 2 unit;K13 | Polar contact | ATP phosphate 2 unit;K13 | Polar contact | ATP phosphate 3 unit;K143 | Polar contact | ATP phosphate 1 unit;K143 | Polar contact | ATP phosphate 2 unit;K143 | Polar contact | ATP phosphate 3 unit;R145 | Polar contact | ATP phosphate 3 unit;R145 | Polar contact | dTMP phosphate unit;R35 | Polar contact | dTMP phosphate unit;R47 | Polar contact | dTMP phosphate unit;R90 | Polar contact | dTMP phosphate unit;S11 | Polar contact | ATP phosphate 2 unit;T14 | Metal contact | Mg2+ ion;T14 | Polar contact | ATP phosphate 2 unit;T15 | Polar contact | ATP phosphate 1 unit
class_15,1,AqTMK_134,1,17,D9 | Polar contact | ATP phosphate 3 unit;G10 | Polar contact | ATP phosphate 2–3 bridging oxygen;G12 | Polar contact | ATP phosphate 2 unit;K13 | Polar contact | ATP phosphate 2 unit;K13 | Polar contact | ATP phosphate 3 unit;K13 | Polar contact | dTMP phosphate unit;K143 | Polar contact | ATP phosphate 1 unit;K143 | Polar contact | ATP phosphate 2 unit;R145 | Polar contact | ATP phosphate 3 unit;R145 | Polar contact | dTMP phosphate unit;R47 | Polar contact | dTMP phosphate unit;R90 | Polar contact | ATP phosphate 3 unit;R90 | Polar contact | dTMP phosphate unit;S11 | Polar contact | ATP phosphate 2 unit;T14 | Metal contact | Mg2+ ion;T14 | Polar contact | ATP phosphate 2 unit;T15 | Polar contact | ATP phosphate 1 unit
class_16,1,AqTMK_140,1,17,D9 | Polar contact | ATP phosphate 3 unit;G10 | Polar contact | ATP phosphate 2–3 bridging oxygen;G12 | Polar contact | ATP phosphate 2 unit;K13 | Polar contact | ATP phosphate 2 unit;K13 | Polar contact | ATP phosphate 3 unit;K143 | Polar contact | ATP phosphate 1 unit;K143 | Polar contact | ATP phosphate 2 unit;K143 | Polar contact | ATP phosphate 3 unit;R145 | Polar contact | ATP phosphate 3 unit;R145 | Polar contact | dTMP phosphate unit;R47 | Polar contact | dTMP phosphate unit;R90 | Polar contact | ATP phosphate 3 unit;R90 | Polar contact | dTMP phosphate unit;S11 | Polar contact | ATP phosphate 2 unit;T14 | Metal contact | Mg2+ ion;T14 | Polar contact | ATP phosphate 2 unit;T15 | Polar contact | ATP phosphate 1 unit
class_17,1,AqTMK_228,1,17,D9 | Polar contact | ATP phosphate 3 unit;D9 | Polar contact | dTMP phosphate unit;G10 | Polar contact | ATP phosphate 2–3 bridging oxygen;G12 | Polar contact | ATP phosphate 2 unit;K13 | Polar contact | ATP phosphate 2 unit;K13 | Polar contact | ATP phosphate 3 unit;K13 | Polar contact | dTMP phosphate unit;R145 | Polar contact | ATP phosphate 3 unit;R145 | Polar contact | dTMP phosphate unit;R35 | Polar contact | dTMP phosphate unit;R47 | Polar contact | dTMP phosphate unit;R90 | Polar contact | ATP phosphate 3 unit;R90 | Polar contact | dTMP phosphate unit;S11 | Polar contact | ATP phosphate 2 unit;T14 | Metal contact | Mg2+ ion;T14 | Polar contact | ATP phosphate 2 unit;T15 | Polar contact | ATP phosphate 1 unit
class_18,4,AqTMK_2;AqTMK_6;AqTMK_13;AqTMK_22,1,16,D9 | Polar contact | ATP phosphate 3 unit;G10 | Polar contact | ATP phosphate 2–3 bridging oxygen;G12 | Polar contact | ATP phosphate 2 unit;K13 | Polar contact | ATP phosphate 2 unit;K13 | Polar contact | ATP phosphate 3 unit;K143 | Polar contact | ATP phosphate 1 unit;K143 | Polar contact | ATP phosphate 2 unit;R145 | Polar contact | ATP phosphate 3 unit;R145 | Polar contact | dTMP phosphate unit;R47 | Polar contact | dTMP phosphate unit;R90 | Polar contact | ATP phosphate 3 unit;R90 | Polar contact | dTMP phosphate unit;S11 | Polar contact | ATP phosphate 2 unit;T14 | Metal contact | Mg2+ ion;T14 | Polar contact | ATP phosphate 2 unit;T15 | Polar contact | ATP phosphate 1 unit
class_19,1,AqTMK_9,1,16,D9 | Polar contact | ATP phosphate 3 unit;G10 | Polar contact | ATP phosphate 2–3 bridging oxygen;G12 | Polar contact | ATP phosphate 2 unit;K13 | Polar contact | ATP phosphate 2 unit;K13 | Polar contact | ATP phosphate 3 unit;K143 | Polar contact | ATP phosphate 1 unit;K143 | Polar contact | ATP phosphate 2 unit;R145 | Polar contact | ATP phosphate 3 unit;R145 | Polar contact | dTMP phosphate unit;R90 | Polar contact | ATP phosphate 3 unit;R90 | Polar contact | dTMP phosphate unit;S11 | Polar contact | ATP phosphate 2 unit;T14 | Metal contact | Mg2+ ion;T14 | Polar contact | ATP phosphate 2 unit;T14 | Polar contact | ATP phosphate 3 unit;T15 | Polar contact | ATP phosphate 1 unit
class_20,1,AqTMK_15,1,16,D9 | Polar contact | ATP phosphate 3 unit;G10 | Polar contact | ATP phosphate 2–3 bridging oxygen;G12 | Polar contact | ATP phosphate 2 unit;K13 | Polar contact | ATP phosphate 2 unit;K13 | Polar contact | ATP phosphate 3 unit;K143 | Polar contact | ATP phosphate 1 unit;K143 | Polar contact | ATP phosphate 2 unit;R145 | Polar contact | ATP phosphate 3 unit;R47 | Polar contact | dTMP phosphate unit;R90 | Polar contact | ATP phosphate 3 unit;R90 | Polar contact | dTMP phosphate unit;S11 | Polar contact | ATP phosphate 2 unit;T14 | Metal contact | Mg2+ ion;T14 | Polar contact | ATP phosphate 2 unit;T14 | Polar contact | ATP phosphate 3 unit;T15 | Polar contact | ATP phosphate 1 unit
class_21,1,AqTMK_17,1,16,D9 | Polar contact | ATP phosphate 3 unit;G10 | Polar contact | ATP phosphate 2–3 bridging oxygen;G12 | Polar contact | ATP phosphate 1–2 bridging oxygen;K13 | Polar contact | ATP phosphate 2 unit;K13 | Polar contact | ATP phosphate 3 unit;K143 | Polar contact | ATP phosphate 1 unit;K143 | Polar contact | ATP phosphate 2 unit;R145 | Polar contact | ATP phosphate 3 unit;R145 | Polar contact | dTMP phosphate unit;R47 | Polar contact | dTMP phosphate unit;R90 | Polar contact | ATP phosphate 3 unit;R90 | Polar contact | dTMP phosphate unit;S11 | Polar contact | ATP phosphate 2–3 bridging oxygen;T14 | Metal contact | Mg2+ ion;T14 | Polar contact | ATP phosphate 2 unit;T15 | Polar contact | ATP phosphate 1 unit
class_22,1,AqTMK_28,1,16,D9 | Polar contact | ATP phosphate 3 unit;G10 | Polar contact | ATP phosphate 2–3 bridging oxygen;G12 | Polar contact | ATP phosphate 2 unit;K13 | Polar contact | ATP phosphate 2 unit;K13 | Polar contact | ATP phosphate 3 unit;K143 | Polar contact | ATP phosphate 1 unit;K143 | Polar contact | ATP phosphate 2 unit;R145 | Polar contact | ATP phosphate 3 unit;R145 | Polar contact | dTMP phosphate unit;R35 | Polar contact | dTMP phosphate unit;R90 | Polar contact | ATP phosphate 3 unit;R90 | Polar contact | dTMP phosphate unit;S11 | Polar contact | ATP phosphate 2 unit;T14 | Metal contact | Mg2+ ion;T14 | Polar contact | ATP phosphate 2 unit;T15 | Polar contact | ATP phosphate 1 unit
class_23,1,AqTMK_37,1,17,D9 | Polar contact | ATP phosphate 3 unit;G10 | Polar contact | ATP phosphate 2–3 bridging oxygen;G12 | Polar contact | ATP phosphate 2 unit;K13 | Polar contact | ATP phosphate 2 unit;K13 | Polar contact | ATP phosphate 3 unit;K13 | Polar contact | dTMP phosphate unit;K143 | Polar contact | ATP phosphate 1 unit;K143 | Polar contact | ATP phosphate 2 unit;R145 | Polar contact | ATP phosphate 3 unit;R145 | Polar contact | dTMP phosphate unit;R47 | Polar contact | dTMP phosphate unit;R90 | Polar contact | ATP phosphate 3 unit;R90 | Polar contact | dTMP phosphate unit;S11 | Polar contact | ATP phosphate 2 unit;T14 | Metal contact | Mg2+ ion;T14 | Polar contact | ATP phosphate 2 unit;T15 | Polar contact | ATP phosphate 1 unit
class_24,1,AqTMK_38,1,16,D9 | Polar contact | ATP phosphate 3 unit;G10 | Polar contact | ATP phosphate 2–3 bridging oxygen;G12 | Polar contact | ATP phosphate 2 unit;K13 | Polar contact | ATP phosphate 2 unit;K13 | Polar contact | ATP phosphate 3 unit;K143 | Polar contact | ATP phosphate 1 unit;K143 | Polar contact | ATP phosphate 2 unit;R145 | Polar contact | ATP phosphate 3 unit;R145 | Polar contact | dTMP phosphate unit;R35 | Polar contact | dTMP phosphate unit;R47 | Polar contact | dTMP phosphate unit;R90 | Polar contact | dTMP phosphate unit;S11 | Polar contact | ATP phosphate 2 unit;T14 | Metal contact | Mg2+ ion;T14 | Polar contact | ATP phosphate 2 unit;T15 | Polar contact | ATP phosphate 1 unit
class_25,1,AqTMK_77,1,16,D9 | Polar contact | ATP phosphate 3 unit;G10 | Polar contact | ATP phosphate 2–3 bridging oxygen;G12 | Polar contact | ATP phosphate 1–2 bridging oxygen;K13 | Polar contact | ATP phosphate 2 unit;K13 | Polar contact | ATP phosphate 3 unit;K143 | Polar contact | ATP phosphate 1 unit;K143 | Polar contact | ATP phosphate 2 unit;K143 | Polar contact | ATP phosphate 3 unit;R145 | Polar contact | ATP phosphate 3 unit;R145 | Polar contact | dTMP phosphate unit;R35 | Polar contact | dTMP phosphate unit;R90 | Polar contact | dTMP phosphate unit;S11 | Polar contact | ATP phosphate 2 unit;T14 | Metal contact | Mg2+ ion;T14 | Polar contact | ATP phosphate 2 unit;T15 | Polar contact | ATP phosphate 1 unit
class_26,1,AqTMK_5,1,15,D9 | Polar contact | ATP phosphate 3 unit;G10 | Polar contact | ATP phosphate 2–3 bridging oxygen;G12 | Polar contact | ATP phosphate 2 unit;K13 | Polar contact | ATP phosphate 2 unit;K13 | Polar contact | ATP phosphate 3 unit;K143 | Polar contact | ATP phosphate 1 unit;K143 | Polar contact | ATP phosphate 2 unit;R145 | Polar contact | ATP phosphate 3 unit;R47 | Polar contact | dTMP phosphate unit;R90 | Polar contact | ATP phosphate 3 unit;R90 | Polar contact | dTMP phosphate unit;S11 | Polar contact | ATP phosphate 2 unit;T14 | Metal contact | Mg2+ ion;T14 | Polar contact | ATP phosphate 2 unit;T15 | Polar contact | ATP phosphate 1 unit
class_27,1,AqTMK_14,1,15,D9 | Polar contact | ATP phosphate 3 unit;G10 | Polar contact | ATP phosphate 2–3 bridging oxygen;G12 | Polar contact | ATP phosphate 2 unit;K13 | Polar contact | ATP phosphate 2 unit;K13 | Polar contact | ATP phosphate 3 unit;K143 | Polar contact | ATP phosphate 1 unit;K143 | Polar contact | ATP phosphate 2 unit;R145 | Polar contact | ATP phosphate 3 unit;R47 | Polar contact | dTMP phosphate unit;R90 | Polar contact | ATP phosphate 3 unit;R90 | Polar contact | dTMP phosphate unit;S11 | Polar contact | ATP phosphate 2 unit;T14 | Metal contact | Mg2+ ion;T14 | Polar contact | ATP phosphate 2 unit;T15 | Polar contact | ATP phosphate 1 unit
class_28,1,AqTMK_23,1,16,D9 | Polar contact | ATP phosphate 3 unit;G10 | Polar contact | ATP phosphate 2–3 bridging oxygen;G12 | Polar contact | ATP phosphate 2 unit;K13 | Polar contact | ATP phosphate 2 unit;K13 | Polar contact | ATP phosphate 3 unit;K13 | Polar contact | dTMP phosphate unit;K143 | Polar contact | ATP phosphate 1 unit;K143 | Polar contact | ATP phosphate 2 unit;R145 | Polar contact | ATP phosphate 3 unit;R145 | Polar contact | dTMP phosphate unit;R47 | Polar contact | dTMP phosphate unit;R90 | Polar contact | dTMP phosphate unit;S11 | Polar contact | ATP phosphate 2 unit;T14 | Metal contact | Mg2+ ion;T14 | Polar contact | ATP phosphate 2 unit;T15 | Polar contact | ATP phosphate 1 unit
class_29,1,AqTMK_214,1,15,D9 | Polar contact | ATP phosphate 3 unit;G10 | Polar contact | ATP phosphate 2–3 bridging oxygen;G12 | Polar contact | ATP phosphate 2 unit;K13 | Polar contact | ATP phosphate 2 unit;K13 | Polar contact | ATP phosphate 3 unit;K13 | Polar contact | dTMP phosphate unit;R35 | Polar contact | dTMP phosphate unit;R47 | Polar contact | dTMP phosphate unit;R90 | Polar contact | ATP phosphate 3 unit;R90 | Polar contact | dTMP phosphate unit;S11 | Polar contact | ATP phosphate 2 unit;T14 | Metal contact | Mg2+ ion;T14 | Polar contact | ATP phosphate 2 unit;T14 | Polar contact | ATP phosphate 3 unit;T15 | Polar contact | ATP phosphate 1 unit
class_30,2,AqTMK_128;AqTMK_175,1,14,D9 | Polar contact | ATP phosphate 3 unit;G10 | Polar contact | ATP phosphate 2–3 bridging oxygen;G12 | Polar contact | ATP phosphate 2 unit;K13 | Polar contact | ATP phosphate 2 unit;K13 | Polar contact | ATP phosphate 3 unit;K13 | Polar contact | dTMP phosphate unit;R35 | Polar contact | dTMP phosphate unit;R47 | Polar contact | dTMP phosphate unit;R90 | Polar contact | ATP phosphate 3 unit;R90 | Polar contact | dTMP phosphate unit;S11 | Polar contact | ATP phosphate 2 unit;T14 | Metal contact | Mg2+ ion;T14 | Polar contact | ATP phosphate 2 unit;T15 | Polar contact | ATP phosphate 1 unit
class_31,2,AqTMK_185;AqTMK_220,1,14,D9 | Polar contact | ATP phosphate 3 unit;G10 | Polar contact | ATP phosphate 2–3 bridging oxygen;G12 | Polar contact | ATP phosphate 2 unit;K13 | Polar contact | ATP phosphate 2 unit;K13 | Polar contact | ATP phosphate 3 unit;K13 | Polar contact | dTMP phosphate unit;R35 | Polar contact | dTMP phosphate unit;R47 | Polar contact | dTMP phosphate unit;R90 | Polar contact | ATP phosphate 3 unit;R90 | Polar contact | dTMP phosphate unit;S11 | Polar contact | ATP phosphate 2 unit;T14 | Metal contact | Mg2+ ion;T14 | Polar contact | ATP phosphate 2 unit;T15 | Polar contact | ATP phosphate 1 unit
class_32,1,AqTMK_196,1,14,D9 | Polar contact | ATP phosphate 3 unit;G10 | Polar contact | ATP phosphate 2–3 bridging oxygen;G12 | Polar contact | ATP phosphate 2 unit;K13 | Polar contact | ATP phosphate 2 unit;K13 | Polar contact | ATP phosphate 3 unit;K13 | Polar contact | dTMP phosphate unit;R35 | Polar contact | dTMP phosphate unit;R47 | Polar contact | dTMP phosphate unit;R90 | Polar contact | ATP phosphate 3 unit;R90 | Polar contact | dTMP phosphate unit;S11 | Polar contact | ATP phosphate 2 unit;T14 | Metal contact | Mg2+ ion;T14 | Polar contact | ATP phosphate 2 unit;T15 | Polar contact | ATP phosphate 1 unit
class_33,1,AqTMK_207,1,14,D9 | Polar contact | ATP phosphate 3 unit;G10 | Polar contact | ATP phosphate 2–3 bridging oxygen;G12 | Polar contact | ATP phosphate 2 unit;K13 | Polar contact | ATP phosphate 2 unit;K13 | Polar contact | ATP phosphate 3 unit;K13 | Polar contact | dTMP phosphate unit;R145 | Polar contact | ATP phosphate 3 unit;R145 | Polar contact | dTMP phosphate unit;R47 | Polar contact | dTMP phosphate unit;R90 | Polar contact | dTMP phosphate unit;S11 | Polar contact | ATP phosphate 2 unit;T14 | Metal contact | Mg2+ ion;T14 | Polar contact | ATP phosphate 2 unit;T15 | Polar contact | ATP phosphate 1 unit
class_34,1,AqTMK_217,1,14,D9 | Polar contact | ATP phosphate 3 unit;G10 | Polar contact | ATP phosphate 2–3 bridging oxygen;G12 | Polar contact | ATP phosphate 1–2 bridging oxygen;K13 | Polar contact | ATP phosphate 2 unit;K13 | Polar contact | ATP phosphate 3 unit;R145 | Polar contact | dTMP phosphate unit;R35 | Polar contact | dTMP phosphate unit;R47 | Polar contact | dTMP phosphate unit;R90 | Polar contact | ATP phosphate 3 unit;R90 | Polar contact | dTMP phosphate unit;S11 | Polar contact | ATP phosphate 2 unit;T14 | Metal contact | Mg2+ ion;T14 | Polar contact | ATP phosphate 2 unit;T15 | Polar contact | ATP phosphate 1 unit
class_35,1,AqTMK_244,1,14,D9 | Polar contact | ATP phosphate 3 unit;G10 | Polar contact | ATP phosphate 2–3 bridging oxygen;G12 | Polar contact | ATP phosphate 2 unit;K13 | Polar contact | ATP phosphate 2 unit;K13 | Polar contact | ATP phosphate 3 unit;K13 | Polar contact | dTMP phosphate unit;R35 | Polar contact | dTMP phosphate unit;R47 | Polar contact | dTMP phosphate unit;R90 | Polar contact | ATP phosphate 3 unit;R90 | Polar contact | dTMP phosphate unit;S11 | Polar contact | ATP phosphate 2 unit;T14 | Metal contact | Mg2+ ion;T14 | Polar contact | ATP phosphate 2 unit;T15 | Polar contact | ATP phosphate 1 unit
class_36,1,AqTMK_246,1,14,D9 | Polar contact | ATP phosphate 3 unit;G10 | Polar contact | ATP phosphate 2–3 bridging oxygen;G12 | Polar contact | ATP phosphate 1–2 bridging oxygen;K13 | Polar contact | ATP phosphate 2 unit;K13 | Polar contact | ATP phosphate 3 unit;R145 | Polar contact | ATP phosphate 3 unit;R145 | Polar contact | dTMP phosphate unit;R47 | Polar contact | dTMP phosphate unit;R90 | Polar contact | ATP phosphate 3 unit;R90 | Polar contact | dTMP phosphate unit;S11 | Polar contact | ATP phosphate 2 unit;T14 | Metal contact | Mg2+ ion;T14 | Polar contact | ATP phosphate 2 unit;T15 | Polar contact | ATP phosphate 1 unit
class_37,1,AqTMK_261,1,14,D9 | Polar contact | ATP phosphate 3 unit;D9 | Polar contact | dTMP phosphate unit;G10 | Polar contact | ATP phosphate 2–3 bridging oxygen;G12 | Polar contact | ATP phosphate 2 unit;K13 | Polar contact | ATP phosphate 2 unit;K13 | Polar contact | ATP phosphate 3 unit;K13 | Polar contact | dTMP phosphate unit;R35 | Polar contact | dTMP phosphate unit;R90 | Polar contact | ATP phosphate 3 unit;R90 | Polar contact | dTMP phosphate unit;S11 | Polar contact | ATP phosphate 2 unit;T14 | Metal contact | Mg2+ ion;T14 | Polar contact | ATP phosphate 2 unit;T15 | Polar contact | ATP phosphate 1 unit
class_38,1,AqTMK_281,1,14,D9 | Polar contact | ATP phosphate 3 unit;G10 | Polar contact | ATP phosphate 2–3 bridging oxygen;G12 | Polar contact | ATP phosphate 1–2 bridging oxygen;K13 | Polar contact | ATP phosphate 2 unit;K13 | Polar contact | ATP phosphate 3 unit;K143 | Polar contact | ATP phosphate 1 unit;R35 | Polar contact | dTMP phosphate unit;R47 | Polar contact | dTMP phosphate unit;R90 | Polar contact | ATP phosphate 3 unit;R90 | Polar contact | dTMP phosphate unit;S11 | Polar contact | ATP phosphate 2 unit;T14 | Metal contact | Mg2+ ion;T14 | Polar contact | ATP phosphate 2 unit;T15 | Polar contact | ATP phosphate 1 unit
class_39,2,AqTMK_69;AqTMK_287,1,13,D9 | Polar contact | ATP phosphate 3 unit;G10 | Polar contact | ATP phosphate 2–3 bridging oxygen;G12 | Polar contact | ATP phosphate 2 unit;K13 | Polar contact | ATP phosphate 2 unit;K13 | Polar contact | ATP phosphate 3 unit;R145 | Polar contact | dTMP phosphate unit;R47 | Polar contact | dTMP phosphate unit;R90 | Polar contact | ATP phosphate 3 unit;R90 | Polar contact | dTMP phosphate unit;S11 | Polar contact | ATP phosphate 2 unit;T14 | Metal contact | Mg2+ ion;T14 | Polar contact | ATP phosphate 2 unit;T15 | Polar contact | ATP phosphate 1 unit
class_40,1,AqTMK_87,1,13,D9 | Polar contact | ATP phosphate 3 unit;G10 | Polar contact | ATP phosphate 2–3 bridging oxygen;G12 | Polar contact | ATP phosphate 2 unit;K13 | Polar contact | ATP phosphate 2 unit;K13 | Polar contact | ATP phosphate 3 unit;K13 | Polar contact | dTMP phosphate unit;R47 | Polar contact | dTMP phosphate unit;R90 | Polar contact | ATP phosphate 3 unit;R90 | Polar contact | dTMP phosphate unit;S11 | Polar contact | ATP phosphate 2 unit;T14 | Metal contact | Mg2+ ion;T14 | Polar contact | ATP phosphate 2 unit;T15 | Polar contact | ATP phosphate 1 unit
class_41,2,AqTMK_95;AqTMK_120,1,13,D9 | Polar contact | ATP phosphate 3 unit;G10 | Polar contact | ATP phosphate 2–3 bridging oxygen;G12 | Polar contact | ATP phosphate 2 unit;K13 | Polar contact | ATP phosphate 2 unit;K13 | Polar contact | ATP phosphate 3 unit;R47 | Polar contact | dTMP phosphate unit;R90 | Polar contact | ATP phosphate 3 unit;R90 | Polar contact | dTMP phosphate unit;S11 | Polar contact | ATP phosphate 2 unit;T14 | Metal contact | Mg2+ ion;T14 | Polar contact | ATP phosphate 2 unit;T14 | Polar contact | ATP phosphate 3 unit;T15 | Polar contact | ATP phosphate 1 unit
class_42,3,AqTMK_109;AqTMK_171;AqTMK_186,1,13,D9 | Polar contact | ATP phosphate 3 unit;G10 | Polar contact | ATP phosphate 2–3 bridging oxygen;G12 | Polar contact | ATP phosphate 2 unit;K13 | Polar contact | ATP phosphate 2 unit;K13 | Polar contact | ATP phosphate 3 unit;K13 | Polar contact | dTMP phosphate unit;R47 | Polar contact | dTMP phosphate unit;R90 | Polar contact | ATP phosphate 3 unit;R90 | Polar contact | dTMP phosphate unit;S11 | Polar contact | ATP phosphate 2 unit;T14 | Metal contact | Mg2+ ion;T14 | Polar contact | ATP phosphate 2 unit;T15 | Polar contact | ATP phosphate 1 unit
class_43,1,AqTMK_111,1,14,D9 | Polar contact | ATP phosphate 3 unit;G10 | Polar contact | ATP phosphate 2–3 bridging oxygen;G12 | Polar contact | ATP phosphate 2 unit;K13 | Polar contact | ATP phosphate 2 unit;K13 | Polar contact | ATP phosphate 3 unit;N144 | Polar contact | ATP phosphate 3 unit;R47 | Polar contact | dTMP phosphate unit;R90 | Polar contact | ATP phosphate 2 unit;R90 | Polar contact | ATP phosphate 3 unit;R90 | Polar contact | dTMP phosphate unit;S11 | Polar contact | ATP phosphate 2 unit;T14 | Metal contact | Mg2+ ion;T14 | Polar contact | ATP phosphate 2 unit;T15 | Polar contact | ATP phosphate 1 unit
class_44,2,AqTMK_116;AqTMK_163,1,13,D9 | Polar contact | ATP phosphate 3 unit;G10 | Polar contact | ATP phosphate 2–3 bridging oxygen;G12 | Polar contact | ATP phosphate 2 unit;K13 | Polar contact | ATP phosphate 2 unit;K13 | Polar contact | ATP phosphate 3 unit;R47 | Polar contact | dTMP phosphate unit;R90 | Polar contact | ATP phosphate 3 unit;R90 | Polar contact | dTMP phosphate unit;S11 | Polar contact | ATP phosphate 2 unit;T14 | Metal contact | Mg2+ ion;T14 | Polar contact | ATP phosphate 2 unit;T14 | Polar contact | ATP phosphate 3 unit;T15 | Polar contact | ATP phosphate 1 unit
class_45,1,AqTMK_139,1,13,D9 | Polar contact | ATP phosphate 3 unit;G10 | Polar contact | ATP phosphate 2–3 bridging oxygen;G12 | Polar contact | ATP phosphate 2 unit;K13 | Polar contact | ATP phosphate 2 unit;K13 | Polar contact | ATP phosphate 3 unit;K13 | Polar contact | dTMP phosphate unit;R35 | Polar contact | dTMP phosphate unit;R90 | Polar contact | ATP phosphate 3 unit;R90 | Polar contact | dTMP phosphate unit;S11 | Polar contact | ATP phosphate 2 unit;T14 | Metal contact | Mg2+ ion;T14 | Polar contact | ATP phosphate 2 unit;T15 | Polar contact | ATP phosphate 1 unit
class_46,1,AqTMK_156,1,14,D9 | Polar contact | ATP phosphate 2–3 bridging oxygen;G10 | Polar contact | ATP phosphate 2–3 bridging oxygen;G12 | Polar contact | ATP phosphate 1–2 bridging oxygen;K13 | Polar contact | ATP phosphate 2 unit;K13 | Polar contact | ATP phosphate 3 unit;K13 | Polar contact | dTMP phosphate unit;R47 | Polar contact | dTMP phosphate unit;R90 | Polar contact | ATP phosphate 3 unit;R90 | Polar contact | dTMP phosphate unit;S11 | Polar contact | ATP phosphate 2 unit;T14 | Metal contact | Mg2+ ion;T14 | Polar contact | ATP phosphate 2 unit;T14 | Polar contact | ATP phosphate 3 unit;T15 | Polar contact | ATP phosphate 1 unit
class_47,2,AqTMK_197;AqTMK_257,1,13,D9 | Polar contact | ATP phosphate 3 unit;G10 | Polar contact | ATP phosphate 2–3 bridging oxygen;G12 | Polar contact | ATP phosphate 1–2 bridging oxygen;K13 | Polar contact | ATP phosphate 2 unit;K13 | Polar contact | ATP phosphate 3 unit;R35 | Polar contact | dTMP phosphate unit;R47 | Polar contact | dTMP phosphate unit;R90 | Polar contact | ATP phosphate 3 unit;R90 | Polar contact | dTMP phosphate unit;S11 | Polar contact | ATP phosphate 2 unit;T14 | Metal contact | Mg2+ ion;T14 | Polar contact | ATP phosphate 2 unit;T15 | Polar contact | ATP phosphate 1 unit
class_48,1,AqTMK_200,1,13,D9 | Polar contact | ATP phosphate 3 unit;G10 | Polar contact | ATP phosphate 2–3 bridging oxygen;G12 | Polar contact | ATP phosphate 2 unit;K13 | Polar contact | ATP phosphate 2 unit;K13 | Polar contact | ATP phosphate 3 unit;R35 | Polar contact | dTMP phosphate unit;R47 | Polar contact | dTMP phosphate unit;R90 | Polar contact | ATP phosphate 3 unit;R90 | Polar contact | dTMP phosphate unit;S11 | Polar contact | ATP phosphate 2 unit;T14 | Metal contact | Mg2+ ion;T14 | Polar contact | ATP phosphate 2 unit;T15 | Polar contact | ATP phosphate 1 unit
class_49,1,AqTMK_208,1,14,D9 | Polar contact | ATP phosphate 2–3 bridging oxygen;G10 | Polar contact | ATP phosphate 2–3 bridging oxygen;G12 | Polar contact | ATP phosphate 1–2 bridging oxygen;K13 | Polar contact | ATP phosphate 2 unit;K13 | Polar contact | ATP phosphate 3 unit;R35 | Polar contact | dTMP phosphate unit;R47 | Polar contact | dTMP phosphate unit;R90 | Polar contact | ATP phosphate 2 unit;R90 | Polar contact | ATP phosphate 3 unit;R90 | Polar contact | dTMP phosphate unit;S11 | Polar contact | ATP phosphate 2 unit;T14 | Metal contact | Mg2+ ion;T14 | Polar contact | ATP phosphate 2 unit;T15 | Polar contact | ATP phosphate 1 unit
class_50,1,AqTMK_223,1,14,D9 | Polar contact | ATP phosphate 3 unit;D9 | Polar contact | dTMP phosphate unit;G10 | Polar contact | ATP phosphate 2–3 bridging oxygen;G12 | Polar contact | ATP phosphate 2 unit;K13 | Polar contact | ATP phosphate 2 unit;K13 | Polar contact | ATP phosphate 3 unit;R35 | Polar contact | dTMP phosphate unit;R47 | Polar contact | dTMP phosphate unit;R90 | Polar contact | ATP phosphate 3 unit;R90 | Polar contact | dTMP phosphate unit;S11 | Polar contact | ATP phosphate 2 unit;T14 | Metal contact | Mg2+ ion;T14 | Polar contact | ATP phosphate 2 unit;T15 | Polar contact | ATP phosphate 1 unit
class_51,1,AqTMK_229,1,13,D9 | Polar contact | ATP phosphate 3 unit;G10 | Polar contact | ATP phosphate 2–3 bridging oxygen;G12 | Polar contact | ATP phosphate 1–2 bridging oxygen;K13 | Polar contact | ATP phosphate 2 unit;K13 | Polar contact | ATP phosphate 3 unit;R35 | Polar contact | dTMP phosphate unit;R47 | Polar contact | dTMP phosphate unit;R90 | Polar contact | ATP phosphate 3 unit;R90 | Polar contact | dTMP phosphate unit;S11 | Polar contact | ATP phosphate 2 unit;T14 | Metal contact | Mg2+ ion;T14 | Polar contact | ATP phosphate 2 unit;T15 | Polar contact | ATP phosphate 1 unit
class_52,1,AqTMK_230,1,13,D9 | Polar contact | ATP phosphate 3 unit;G10 | Polar contact | ATP phosphate 2–3 bridging oxygen;G12 | Polar contact | ATP phosphate 1–2 bridging oxygen;K13 | Polar contact | ATP phosphate 2 unit;K13 | Polar contact | ATP phosphate 3 unit;K13 | Polar contact | dTMP phosphate unit;R35 | Polar contact | dTMP phosphate unit;R47 | Polar contact | dTMP phosphate unit;R90 | Polar contact | dTMP phosphate unit;S11 | Polar contact | ATP phosphate 2 unit;T14 | Metal contact | Mg2+ ion;T14 | Polar contact | ATP phosphate 2 unit;T15 | Polar contact | ATP phosphate 1 unit
class_53,1,AqTMK_231,1,13,D9 | Polar contact | ATP phosphate 3 unit;G10 | Polar contact | ATP phosphate 2–3 bridging oxygen;G12 | Polar contact | ATP phosphate 1–2 bridging oxygen;K13 | Polar contact | ATP phosphate 2 unit;K13 | Polar contact | ATP phosphate 3 unit;N144 | Polar contact | ATP phosphate 3 unit;R47 | Polar contact | dTMP phosphate unit;R90 | Polar contact | ATP phosphate 3 unit;R90 | Polar contact | dTMP phosphate unit;S11 | Polar contact | ATP phosphate 2 unit;T14 | Metal contact | Mg2+ ion;T14 | Polar contact | ATP phosphate 2 unit;T15 | Polar contact | ATP phosphate 1 unit
class_54,1,AqTMK_233,1,13,D9 | Polar contact | ATP phosphate 3 unit;G10 | Polar contact | ATP phosphate 2–3 bridging oxygen;G12 | Polar contact | ATP phosphate 2 unit;K13 | Polar contact | ATP phosphate 2 unit;K13 | Polar contact | ATP phosphate 3 unit;K13 | Polar contact | dTMP phosphate unit;R47 | Polar contact | dTMP phosphate unit;R90 | Polar contact | ATP phosphate 3 unit;R90 | Polar contact | dTMP phosphate unit;S11 | Polar contact | ATP phosphate 2 unit;T14 | Metal contact | Mg2+ ion;T14 | Polar contact | ATP phosphate 2 unit;T15 | Polar contact | ATP phosphate 1 unit
class_55,1,AqTMK_259,1,13,D9 | Polar contact | ATP phosphate 2–3 bridging oxygen;G10 | Polar contact | ATP phosphate 2–3 bridging oxygen;G12 | Polar contact | ATP phosphate 1–2 bridging oxygen;K13 | Polar contact | ATP phosphate 2 unit;K13 | Polar contact | ATP phosphate 3 unit;R35 | Polar contact | dTMP phosphate unit;R47 | Polar contact | dTMP phosphate unit;R90 | Polar contact | ATP phosphate 3 unit;R90 | Polar contact | dTMP phosphate unit;S11 | Polar contact | ATP phosphate 2 unit;T14 | Metal contact | Mg2+ ion;T14 | Polar contact | ATP phosphate 2 unit;T15 | Polar contact | ATP phosphate 1 unit
class_56,1,AqTMK_262,1,14,D9 | Polar contact | ATP phosphate 3 unit;G10 | Polar contact | ATP phosphate 2–3 bridging oxygen;G12 | Polar contact | ATP phosphate 2 unit;K13 | Polar contact | ATP phosphate 2 unit;K13 | Polar contact | ATP phosphate 3 unit;K13 | Polar contact | dTMP phosphate unit;R35 | Polar contact | dTMP phosphate unit;R47 | Polar contact | dTMP phosphate unit;R90 | Polar contact | ATP phosphate 3 unit;R90 | Polar contact | dTMP phosphate unit;S11 | Polar contact | ATP phosphate 2 unit;T14 | Metal contact | Mg2+ ion;T14 | Polar contact | ATP phosphate 2 unit;T15 | Polar contact | ATP phosphate 1 unit
class_57,2,AqTMK_270;AqTMK_285,1,13,D9 | Polar contact | ATP phosphate 3 unit;G10 | Polar contact | ATP phosphate 2–3 bridging oxygen;G12 | Polar contact | ATP phosphate 2 unit;K13 | Polar contact | ATP phosphate 2 unit;K13 | Polar contact | ATP phosphate 3 unit;R35 | Polar contact | dTMP phosphate unit;R47 | Polar contact | dTMP phosphate unit;R90 | Polar contact | ATP phosphate 3 unit;R90 | Polar contact | dTMP phosphate unit;S11 | Polar contact | ATP phosphate 2 unit;T14 | Metal contact | Mg2+ ion;T14 | Polar contact | ATP phosphate 2 unit;T15 | Polar contact | ATP phosphate 1 unit
class_58,1,AqTMK_273,1,13,D9 | Polar contact | ATP phosphate 3 unit;G10 | Polar contact | ATP phosphate 2–3 bridging oxygen;G12 | Polar contact | ATP phosphate 2 unit;K13 | Polar contact | ATP phosphate 2 unit;K13 | Polar contact | ATP phosphate 3 unit;K13 | Polar contact | dTMP phosphate unit;R47 | Polar contact | dTMP phosphate unit;R90 | Polar contact | ATP phosphate 3 unit;R90 | Polar contact | dTMP phosphate unit;S11 | Polar contact | ATP phosphate 2 unit;T14 | Metal contact | Mg2+ ion;T14 | Polar contact | ATP phosphate 2 unit;T15 | Polar contact | ATP phosphate 1 unit
class_59,1,AqTMK_284,1,13,D9 | Polar contact | ATP phosphate 3 unit;G10 | Polar contact | ATP phosphate 2–3 bridging oxygen;G12 | Polar contact | ATP phosphate 2 unit;K13 | Polar contact | ATP phosphate 2 unit;K13 | Polar contact | ATP phosphate 3 unit;K13 | Polar contact | dTMP phosphate unit;R35 | Polar contact | dTMP phosphate unit;R47 | Polar contact | dTMP phosphate unit;R90 | Polar contact | dTMP phosphate unit;S11 | Polar contact | ATP phosphate 2 unit;T14 | Metal contact | Mg2+ ion;T14 | Polar contact | ATP phosphate 2 unit;T15 | Polar contact | ATP phosphate 1 unit
class_60,1,AqTMK_295,1,13,D9 | Polar contact | ATP phosphate 3 unit;G10 | Polar contact | ATP phosphate 2–3 bridging oxygen;G12 | Polar contact | ATP phosphate 2 unit;K13 | Polar contact | ATP phosphate 2 unit;K13 | Polar contact | ATP phosphate 3 unit;R35 | Polar contact | dTMP phosphate unit;R47 | Polar contact | dTMP phosphate unit;R90 | Polar contact | ATP phosphate 3 unit;R90 | Polar contact | dTMP phosphate unit;S11 | Polar contact | ATP phosphate 2 unit;T14 | Metal contact | Mg2+ ion;T14 | Polar contact | ATP phosphate 2 unit;T15 | Polar contact | ATP phosphate 1 unit
class_61,1,AqTMK_311,1,13,D9 | Polar contact | ATP phosphate 3 unit;G10 | Polar contact | ATP phosphate 2–3 bridging oxygen;G12 | Polar contact | ATP phosphate 1–2 bridging oxygen;K13 | Polar contact | ATP phosphate 2 unit;K13 | Polar contact | ATP phosphate 3 unit;R35 | Polar contact | dTMP phosphate unit;R47 | Polar contact | dTMP phosphate unit;R90 | Polar contact | ATP phosphate 3 unit;R90 | Polar contact | dTMP phosphate unit;S11 | Polar contact | ATP phosphate 2 unit;T14 | Metal contact | Mg2+ ion;T14 | Polar contact | ATP phosphate 2 unit;T15 | Polar contact | ATP phosphate 1 unit
class_62,26,AqTMK_54;AqTMK_56;AqTMK_59;AqTMK_62;AqTMK_63;AqTMK_68;AqTMK_70;AqTMK_79;AqTMK_81;AqTMK_82;AqTMK_84;AqTMK_89;AqTMK_91;AqTMK_93;AqTMK_99;AqTMK_101;AqTMK_103;AqTMK_104;AqTMK_106;AqTMK_114;AqTMK_117;AqTMK_131;AqTMK_165;AqTMK_218;AqTMK_236;AqTMK_263,1,12,D9 | Polar contact | ATP phosphate 3 unit;G10 | Polar contact | ATP phosphate 2–3 bridging oxygen;G12 | Polar contact | ATP phosphate 2 unit;K13 | Polar contact | ATP phosphate 2 unit;K13 | Polar contact | ATP phosphate 3 unit;R47 | Polar contact | dTMP phosphate unit;R90 | Polar contact | ATP phosphate 3 unit;R90 | Polar contact | dTMP phosphate unit;S11 | Polar contact | ATP phosphate 2 unit;T14 | Metal contact | Mg2+ ion;T14 | Polar contact | ATP phosphate 2 unit;T15 | Polar contact | ATP phosphate 1 unit
class_63,4,AqTMK_85;AqTMK_118;AqTMK_188;AqTMK_274,1,12,D9 | Polar contact | ATP phosphate 3 unit;G10 | Polar contact | ATP phosphate 2–3 bridging oxygen;G12 | Polar contact | ATP phosphate 2 unit;K13 | Polar contact | ATP phosphate 2 unit;K13 | Polar contact | ATP phosphate 3 unit;R47 | Polar contact | dTMP phosphate unit;R90 | Polar contact | ATP phosphate 3 unit;R90 | Polar contact | dTMP phosphate unit;S11 | Polar contact | ATP phosphate 2 unit;T14 | Metal contact | Mg2+ ion;T14 | Polar contact | ATP phosphate 2 unit;T15 | Polar contact | ATP phosphate 1 unit
class_64,1,AqTMK_98,1,12,D9 | Polar contact | ATP phosphate 3 unit;G10 | Polar contact | ATP phosphate 2–3 bridging oxygen;G12 | Polar contact | ATP phosphate 2 unit;K13 | Polar contact | ATP phosphate 2 unit;K13 | Polar contact | ATP phosphate 3 unit;R35 | Polar contact | dTMP phosphate unit;R47 | Polar contact | dTMP phosphate unit;R90 | Polar contact | ATP phosphate 3 unit;R90 | Polar contact | dTMP phosphate unit;S11 | Polar contact | ATP phosphate 2 unit;T14 | Polar contact | ATP phosphate 2 unit;T15 | Polar contact | ATP phosphate 1 unit
class_65,4,AqTMK_149;AqTMK_181;AqTMK_198;AqTMK_224,1,13,D9 | Polar contact | ATP phosphate 2–3 bridging oxygen;G10 | Polar contact | ATP phosphate 2–3 bridging oxygen;G12 | Polar contact | ATP phosphate 2 unit;K13 | Polar contact | ATP phosphate 2 unit;K13 | Polar contact | ATP phosphate 3 unit;K13 | Polar contact | dTMP phosphate unit;R47 | Polar contact | dTMP phosphate unit;R90 | Polar contact | ATP phosphate 3 unit;R90 | Polar contact | dTMP phosphate unit;S11 | Polar contact | ATP phosphate 2 unit;T14 | Metal contact | Mg2+ ion;T14 | Polar contact | ATP phosphate 2 unit;T15 | Polar contact | ATP phosphate 1 unit
class_66,1,AqTMK_155,1,13,D9 | Polar contact | ATP phosphate 2–3 bridging oxygen;G10 | Polar contact | ATP phosphate 2–3 bridging oxygen;G12 | Polar contact | ATP phosphate 1–2 bridging oxygen;K13 | Polar contact | ATP phosphate 2 unit;K13 | Polar contact | ATP phosphate 3 unit;K13 | Polar contact | dTMP phosphate unit;R47 | Polar contact | dTMP phosphate unit;R90 | Polar contact | ATP phosphate 3 unit;R90 | Polar contact | dTMP phosphate unit;S11 | Polar contact | ATP phosphate 2 unit;T14 | Metal contact | Mg2+ ion;T14 | Polar contact | ATP phosphate 2 unit;T15 | Polar contact | ATP phosphate 1 unit
class_67,2,AqTMK_159;AqTMK_292,1,12,D9 | Polar contact | ATP phosphate 3 unit;G10 | Polar contact | ATP phosphate 2–3 bridging oxygen;G12 | Polar contact | ATP phosphate 1–2 bridging oxygen;K13 | Polar contact | ATP phosphate 2 unit;K13 | Polar contact | ATP phosphate 3 unit;R47 | Polar contact | dTMP phosphate unit;R90 | Polar contact | ATP phosphate 3 unit;R90 | Polar contact | dTMP phosphate unit;S11 | Polar contact | ATP phosphate 2 unit;T14 | Metal contact | Mg2+ ion;T14 | Polar contact | ATP phosphate 2 unit;T15 | Polar contact | ATP phosphate 1 unit
class_68,1,AqTMK_173,1,13,D9 | Polar contact | ATP phosphate 3 unit;G10 | Polar contact | ATP phosphate 2–3 bridging oxygen;G12 | Polar contact | ATP phosphate 2 unit;K13 | Polar contact | ATP phosphate 2 unit;K13 | Polar contact | ATP phosphate 3 unit;R35 | Polar contact | dTMP phosphate unit;R47 | Polar contact | dTMP phosphate unit;R90 | Polar contact | ATP phosphate 3 unit;R90 | Polar contact | dTMP phosphate unit;S11 | Polar contact | ATP phosphate 2 unit;T14 | Metal contact | Mg2+ ion;T14 | Polar contact | ATP phosphate 2 unit;T15 | Polar contact | ATP phosphate 1 unit
class_69,4,AqTMK_179;AqTMK_187;AqTMK_249;AqTMK_267,1,12,D9 | Polar contact | ATP phosphate 3 unit;G10 | Polar contact | ATP phosphate 2–3 bridging oxygen;G12 | Polar contact | ATP phosphate 2 unit;K13 | Polar contact | ATP phosphate 2 unit;K13 | Polar contact | ATP phosphate 3 unit;R47 | Polar contact | dTMP phosphate unit;R90 | Polar contact | ATP phosphate 3 unit;R90 | Polar contact | dTMP phosphate unit;S11 | Polar contact | ATP phosphate 2 unit;T14 | Metal contact | Mg2+ ion;T14 | Polar contact | ATP phosphate 2 unit;T15 | Polar contact | ATP phosphate 1 unit
class_70,1,AqTMK_191,1,12,D9 | Polar contact | ATP phosphate 3 unit;G10 | Polar contact | ATP phosphate 2–3 bridging oxygen;G12 | Polar contact | ATP phosphate 2 unit;K13 | Polar contact | ATP phosphate 2 unit;K13 | Polar contact | ATP phosphate 3 unit;R90 | Polar contact | ATP phosphate 3 unit;R90 | Polar contact | dTMP phosphate unit;S11 | Polar contact | ATP phosphate 2 unit;T14 | Metal contact | Mg2+ ion;T14 | Polar contact | ATP phosphate 2 unit;T14 | Polar contact | ATP phosphate 3 unit;T15 | Polar contact | ATP phosphate 1 unit
class_71,1,AqTMK_219,1,12,D9 | Polar contact | ATP phosphate 2–3 bridging oxygen;G10 | Polar contact | ATP phosphate 2–3 bridging oxygen;G12 | Polar contact | ATP phosphate 1–2 bridging oxygen;K13 | Polar contact | ATP phosphate 2 unit;K13 | Polar contact | ATP phosphate 3 unit;R47 | Polar contact | dTMP phosphate unit;R90 | Polar contact | ATP phosphate 3 unit;R90 | Polar contact | dTMP phosphate unit;S11 | Polar contact | ATP phosphate 2 unit;T14 | Metal contact | Mg2+ ion;T14 | Polar contact | ATP phosphate 2 unit;T15 | Polar contact | ATP phosphate 1 unit
class_72,3,AqTMK_234;AqTMK_245;AqTMK_272,1,12,D9 | Polar contact | ATP phosphate 3 unit;G10 | Polar contact | ATP phosphate 2–3 bridging oxygen;G12 | Polar contact | ATP phosphate 1–2 bridging oxygen;K13 | Polar contact | ATP phosphate 2 unit;K13 | Polar contact | ATP phosphate 3 unit;R47 | Polar contact | dTMP phosphate unit;R90 | Polar contact | ATP phosphate 3 unit;R90 | Polar contact | dTMP phosphate unit;S11 | Polar contact | ATP phosphate 2 unit;T14 | Metal contact | Mg2+ ion;T14 | Polar contact | ATP phosphate 2 unit;T15 | Polar contact | ATP phosphate 1 unit
class_73,1,AqTMK_240,1,13,D9 | Polar contact | ATP phosphate 2–3 bridging oxygen;G10 | Polar contact | ATP phosphate 2–3 bridging oxygen;G12 | Polar contact | ATP phosphate 1–2 bridging oxygen;K13 | Polar contact | ATP phosphate 2 unit;K13 | Polar contact | ATP phosphate 3 unit;R35 | Polar contact | dTMP phosphate unit;R47 | Polar contact | dTMP phosphate unit;R90 | Polar contact | ATP phosphate 3 unit;R90 | Polar contact | dTMP phosphate unit;S11 | Polar contact | ATP phosphate 2 unit;T14 | Metal contact | Mg2+ ion;T14 | Polar contact | ATP phosphate 2 unit;T15 | Polar contact | ATP phosphate 1 unit
class_74,1,AqTMK_242,1,12,D9 | Polar contact | ATP phosphate 2–3 bridging oxygen;G10 | Polar contact | ATP phosphate 2–3 bridging oxygen;G12 | Polar contact | ATP phosphate 1–2 bridging oxygen;K13 | Polar contact | ATP phosphate 2 unit;K13 | Polar contact | ATP phosphate 3 unit;R35 | Polar contact | dTMP phosphate unit;R90 | Polar contact | ATP phosphate 3 unit;R90 | Polar contact | dTMP phosphate unit;S11 | Polar contact | ATP phosphate 2 unit;T14 | Metal contact | Mg2+ ion;T14 | Polar contact | ATP phosphate 2 unit;T15 | Polar contact | ATP phosphate 1 unit
class_75,1,AqTMK_275,1,12,D9 | Polar contact | ATP phosphate 3 unit;G10 | Polar contact | ATP phosphate 2–3 bridging oxygen;G12 | Polar contact | ATP phosphate 1–2 bridging oxygen;K13 | Polar contact | ATP phosphate 2 unit;K13 | Polar contact | ATP phosphate 3 unit;R145 | Polar contact | dTMP phosphate unit;R47 | Polar contact | dTMP phosphate unit;R90 | Polar contact | dTMP phosphate unit;S11 | Polar contact | ATP phosphate 2 unit;T14 | Metal contact | Mg2+ ion;T14 | Polar contact | ATP phosphate 2 unit;T15 | Polar contact | ATP phosphate 1 unit
class_76,1,AqTMK_279,1,13,D9 | Polar contact | ATP phosphate 2–3 bridging oxygen;D9 | Polar contact | dTMP phosphate unit;G10 | Polar contact | ATP phosphate 2–3 bridging oxygen;G12 | Polar contact | ATP phosphate 1–2 bridging oxygen;K13 | Polar contact | ATP phosphate 2 unit;K13 | Polar contact | ATP phosphate 3 unit;R35 | Polar contact | dTMP phosphate unit;R90 | Polar contact | ATP phosphate 3 unit;R90 | Polar contact | dTMP phosphate unit;S11 | Polar contact | ATP phosphate 2 unit;T14 | Metal contact | Mg2+ ion;T14 | Polar contact | ATP phosphate 2 unit;T15 | Polar contact | ATP phosphate 1 unit
class_77,1,AqTMK_286,1,12,D9 | Polar contact | ATP phosphate 3 unit;G10 | Polar contact | ATP phosphate 2–3 bridging oxygen;G12 | Polar contact | ATP phosphate 1–2 bridging oxygen;K13 | Polar contact | ATP phosphate 2 unit;K13 | Polar contact | ATP phosphate 3 unit;R47 | Polar contact | dTMP phosphate unit;R90 | Polar contact | ATP phosphate 3 unit;R90 | Polar contact | dTMP phosphate unit;S11 | Polar contact | ATP phosphate 2 unit;T14 | Metal contact | Mg2+ ion;T14 | Polar contact | ATP phosphate 2 unit;T15 | Polar contact | ATP phosphate 1 unit
class_78,1,AqTMK_290,1,12,D9 | Polar contact | ATP phosphate 3 unit;G10 | Polar contact | ATP phosphate 2–3 bridging oxygen;G12 | Polar contact | ATP phosphate 2 unit;K13 | Polar contact | ATP phosphate 2 unit;K13 | Polar contact | ATP phosphate 3 unit;R35 | Polar contact | dTMP phosphate unit;R90 | Polar contact | ATP phosphate 3 unit;R90 | Polar contact | dTMP phosphate unit;S11 | Polar contact | ATP phosphate 2 unit;T14 | Metal contact | Mg2+ ion;T14 | Polar contact | ATP phosphate 2 unit;T15 | Polar contact | ATP phosphate 1 unit
class_79,1,AqTMK_299,1,12,D9 | Polar contact | ATP phosphate 3 unit;G10 | Polar contact | ATP phosphate 2–3 bridging oxygen;G12 | Polar contact | ATP phosphate 1–2 bridging oxygen;K13 | Polar contact | ATP phosphate 2 unit;K13 | Polar contact | ATP phosphate 3 unit;R35 | Polar contact | dTMP phosphate unit;R90 | Polar contact | ATP phosphate 3 unit;R90 | Polar contact | dTMP phosphate unit;S11 | Polar contact | ATP phosphate 2 unit;T14 | Metal contact | Mg2+ ion;T14 | Polar contact | ATP phosphate 2 unit;T15 | Polar contact | ATP phosphate 1 unit
class_80,1,AqTMK_309,1,12,D9 | Polar contact | ATP phosphate 3 unit;G10 | Polar contact | ATP phosphate 2–3 bridging oxygen;G12 | Polar contact | ATP phosphate 2 unit;K13 | Polar contact | ATP phosphate 2 unit;K13 | Polar contact | ATP phosphate 3 unit;R47 | Polar contact | dTMP phosphate unit;R90 | Polar contact | ATP phosphate 3 unit;R90 | Polar contact | dTMP phosphate unit;S11 | Polar contact | ATP phosphate 2 unit;T14 | Metal contact | Mg2+ ion;T14 | Polar contact | ATP phosphate 2 unit;T15 | Polar contact | ATP phosphate 1 unit
class_81,1,AqTMK_45,1,12,D9 | Polar contact | ATP phosphate 3 unit;G10 | Polar contact | ATP phosphate 2–3 bridging oxygen;G12 | Polar contact | ATP phosphate 1–2 bridging oxygen;K13 | Polar contact | ATP phosphate 2 unit;K13 | Polar contact | ATP phosphate 3 unit;R47 | Polar contact | dTMP phosphate unit;R90 | Polar contact | ATP phosphate 3 unit;R90 | Polar contact | dTMP phosphate unit;S11 | Polar contact | ATP phosphate 2 unit;T14 | Metal contact | Mg2+ ion;T14 | Polar contact | ATP phosphate 2 unit;T15 | Polar contact | ATP phosphate 1 unit
class_82,9,AqTMK_47;AqTMK_48;AqTMK_72;AqTMK_108;AqTMK_112;AqTMK_119;AqTMK_133;AqTMK_253;AqTMK_288,1,12,D9 | Polar contact | ATP phosphate 3 unit;G10 | Polar contact | ATP phosphate 2–3 bridging oxygen;G12 | Polar contact | ATP phosphate 2 unit;K13 | Polar contact | ATP phosphate 2 unit;K13 | Polar contact | ATP phosphate 3 unit;R47 | Polar contact | dTMP phosphate unit;R90 | Polar contact | ATP phosphate 3 unit;R90 | Polar contact | dTMP phosphate unit;S11 | Polar contact | ATP phosphate 2 unit;T14 | Metal contact | Mg2+ ion;T14 | Polar contact | ATP phosphate 2 unit;T15 | Polar contact | ATP phosphate 1 unit
class_83,3,AqTMK_53;AqTMK_92;AqTMK_172,1,11,D9 | Polar contact | ATP phosphate 3 unit;G10 | Polar contact | ATP phosphate 2–3 bridging oxygen;G12 | Polar contact | ATP phosphate 2 unit;K13 | Polar contact | ATP phosphate 2 unit;K13 | Polar contact | ATP phosphate 3 unit;R47 | Polar contact | dTMP phosphate unit;R90 | Polar contact | ATP phosphate 3 unit;R90 | Polar contact | dTMP phosphate unit;S11 | Polar contact | ATP phosphate 2 unit;T14 | Polar contact | ATP phosphate 2 unit;T15 | Polar contact | ATP phosphate 1 unit
class_84,5,AqTMK_57;AqTMK_94;AqTMK_122;AqTMK_132;AqTMK_201,1,11,G10 | Polar contact | ATP phosphate 2–3 bridging oxygen;G12 | Polar contact | ATP phosphate 2 unit;K13 | Polar contact | ATP phosphate 2 unit;K13 | Polar contact | ATP phosphate 3 unit;R47 | Polar contact | dTMP phosphate unit;R90 | Polar contact | ATP phosphate 3 unit;R90 | Polar contact | dTMP phosphate unit;S11 | Polar contact | ATP phosphate 2 unit;T14 | Metal contact | Mg2+ ion;T14 | Polar contact | ATP phosphate 2 unit;T15 | Polar contact | ATP phosphate 1 unit
class_85,2,AqTMK_73;AqTMK_76,1,12,D9 | Polar contact | ATP phosphate 3 unit;G10 | Polar contact | ATP phosphate 2–3 bridging oxygen;G12 | Polar contact | ATP phosphate 2 unit;K13 | Polar contact | ATP phosphate 2 unit;K13 | Polar contact | ATP phosphate 3 unit;R47 | Polar contact | dTMP phosphate unit;R90 | Polar contact | ATP phosphate 3 unit;R90 | Polar contact | dTMP phosphate unit;S11 | Polar contact | ATP phosphate 2 unit;T14 | Metal contact | Mg2+ ion;T14 | Polar contact | ATP phosphate 2 unit;T15 | Polar contact | ATP phosphate 1 unit
class_86,1,AqTMK_110,1,12,D9 | Polar contact | ATP phosphate 3 unit;G10 | Polar contact | ATP phosphate 3 unit;G12 | Polar contact | ATP phosphate 2 unit;K13 | Polar contact | ATP phosphate 2 unit;K13 | Polar contact | ATP phosphate 3 unit;R47 | Polar contact | dTMP phosphate unit;R90 | Polar contact | ATP phosphate 3 unit;R90 | Polar contact | dTMP phosphate unit;S11 | Polar contact | ATP phosphate 2 unit;T14 | Metal contact | Mg2+ ion;T14 | Polar contact | ATP phosphate 2 unit;T15 | Polar contact | ATP phosphate 1 unit
class_87,1,AqTMK_123,1,12,D9 | Polar contact | ATP phosphate 3 unit;G10 | Polar contact | ATP phosphate 2–3 bridging oxygen;G12 | Polar contact | ATP phosphate 2 unit;K13 | Polar contact | ATP phosphate 2 unit;K13 | Polar contact | ATP phosphate 3 unit;R47 | Polar contact | dTMP phosphate unit;R90 | Polar contact | ATP phosphate 3 unit;R90 | Polar contact | dTMP phosphate unit;S11 | Polar contact | ATP phosphate 2 unit;T14 | Metal contact | Mg2+ ion;T14 | Polar contact | ATP phosphate 2 unit;T15 | Polar contact | ATP phosphate 1 unit
class_88,2,AqTMK_167;AqTMK_237,1,12,D9 | Polar contact | ATP phosphate 3 unit;G10 | Polar contact | ATP phosphate 2–3 bridging oxygen;G12 | Polar contact | ATP phosphate 2 unit;K13 | Polar contact | ATP phosphate 2 unit;K13 | Polar contact | ATP phosphate 3 unit;R47 | Polar contact | dTMP phosphate unit;R90 | Polar contact | ATP phosphate 3 unit;R90 | Polar contact | dTMP phosphate unit;S11 | Polar contact | ATP phosphate 2 unit;T14 | Metal contact | Mg2+ ion;T14 | Polar contact | ATP phosphate 2 unit;T15 | Polar contact | ATP phosphate 1 unit
class_89,1,AqTMK_178,1,12,D9 | Polar contact | ATP phosphate 2–3 bridging oxygen;G10 | Polar contact | ATP phosphate 2–3 bridging oxygen;G12 | Polar contact | ATP phosphate 2 unit;K13 | Polar contact | ATP phosphate 2 unit;K13 | Polar contact | ATP phosphate 3 unit;R47 | Polar contact | dTMP phosphate unit;R90 | Polar contact | ATP phosphate 2 unit;R90 | Polar contact | ATP phosphate 3 unit;R90 | Polar contact | dTMP phosphate unit;S11 | Polar contact | ATP phosphate 2 unit;T14 | Polar contact | ATP phosphate 2 unit;T15 | Polar contact | ATP phosphate 1 unit
class_90,1,AqTMK_184,1,12,D9 | Polar contact | ATP phosphate 3 unit;G10 | Polar contact | ATP phosphate 2–3 bridging oxygen;G12 | Polar contact | ATP phosphate 2 unit;K13 | Polar contact | ATP phosphate 2 unit;K13 | Polar contact | ATP phosphate 3 unit;R145 | Polar contact | dTMP phosphate unit;R47 | Polar contact | dTMP phosphate unit;R90 | Polar contact | ATP phosphate 3 unit;R90 | Polar contact | dTMP phosphate unit;S11 | Polar contact | ATP phosphate 2 unit;T14 | Polar contact | ATP phosphate 2 unit;T15 | Polar contact | ATP phosphate 1 unit
class_91,1,AqTMK_195,1,12,D9 | Polar contact | ATP phosphate 3 unit;G10 | Polar contact | ATP phosphate 2–3 bridging oxygen;G12 | Polar contact | ATP phosphate 2 unit;K13 | Polar contact | ATP phosphate 2 unit;K13 | Polar contact | ATP phosphate 3 unit;R35 | Polar contact | dTMP phosphate unit;R90 | Polar contact | ATP phosphate 3 unit;R90 | Polar contact | dTMP phosphate unit;S11 | Polar contact | ATP phosphate 2 unit;T14 | Metal contact | Mg2+ ion;T14 | Polar contact | ATP phosphate 2 unit;T15 | Polar contact | ATP phosphate 1 unit
class_92,1,AqTMK_211,1,12,D9 | Polar contact | ATP phosphate 2–3 bridging oxygen;G10 | Polar contact | ATP phosphate 2–3 bridging oxygen;G12 | Polar contact | ATP phosphate 1–2 bridging oxygen;K13 | Polar contact | ATP phosphate 2 unit;K13 | Polar contact | ATP phosphate 3 unit;R35 | Polar contact | dTMP phosphate unit;R47 | Polar contact | dTMP phosphate unit;R90 | Polar contact | dTMP phosphate unit;S11 | Polar contact | ATP phosphate 2 unit;T14 | Metal contact | Mg2+ ion;T14 | Polar contact | ATP phosphate 2 unit;T15 | Polar contact | ATP phosphate 1 unit
class_93,1,AqTMK_238,1,12,D9 | Polar contact | ATP phosphate 3 unit;G10 | Polar contact | ATP phosphate 2–3 bridging oxygen;G12 | Polar contact | ATP phosphate 1–2 bridging oxygen;K13 | Polar contact | ATP phosphate 2 unit;K13 | Polar contact | ATP phosphate 3 unit;R35 | Polar contact | dTMP phosphate unit;R47 | Polar contact | dTMP phosphate unit;R90 | Polar contact | dTMP phosphate unit;S11 | Polar contact | ATP phosphate 2 unit;T14 | Metal contact | Mg2+ ion;T14 | Polar contact | ATP phosphate 2 unit;T15 | Polar contact | ATP phosphate 1 unit
class_94,1,AqTMK_276,1,12,D9 | Polar contact | ATP phosphate 3 unit;G10 | Polar contact | ATP phosphate 2–3 bridging oxygen;G12 | Polar contact | ATP phosphate 2 unit;K13 | Polar contact | ATP phosphate 2 unit;K13 | Polar contact | ATP phosphate 3 unit;K13 | Polar contact | dTMP phosphate unit;R35 | Polar contact | dTMP phosphate unit;R47 | Polar contact | dTMP phosphate unit;S11 | Polar contact | ATP phosphate 2 unit;T14 | Metal contact | Mg2+ ion;T14 | Polar contact | ATP phosphate 2 unit;T15 | Polar contact | ATP phosphate 1 unit
class_95,2,AqTMK_277;AqTMK_300,1,12,D9 | Polar contact | ATP phosphate 3 unit;G10 | Polar contact | ATP phosphate 2–3 bridging oxygen;G12 | Polar contact | ATP phosphate 1–2 bridging oxygen;K13 | Polar contact | ATP phosphate 2 unit;K13 | Polar contact | ATP phosphate 3 unit;R35 | Polar contact | dTMP phosphate unit;R90 | Polar contact | ATP phosphate 3 unit;R90 | Polar contact | dTMP phosphate unit;S11 | Polar contact | ATP phosphate 2 unit;T14 | Metal contact | Mg2+ ion;T14 | Polar contact | ATP phosphate 2 unit;T15 | Polar contact | ATP phosphate 1 unit
class_96,2,AqTMK_33;AqTMK_102,1,11,D9 | Polar contact | ATP phosphate 3 unit;G10 | Polar contact | ATP phosphate 2–3 bridging oxygen;G12 | Polar contact | ATP phosphate 2 unit;K13 | Polar contact | ATP phosphate 2 unit;K13 | Polar contact | ATP phosphate 3 unit;R47 | Polar contact | dTMP phosphate unit;R90 | Polar contact | ATP phosphate 3 unit;R90 | Polar contact | dTMP phosphate unit;S11 | Polar contact | ATP phosphate 2 unit;T14 | Polar contact | ATP phosphate 2 unit;T15 | Polar contact | ATP phosphate 1 unit
class_97,1,AqTMK_43,1,11,D9 | Polar contact | ATP phosphate 3 unit;G10 | Polar contact | ATP phosphate 2–3 bridging oxygen;G12 | Polar contact | ATP phosphate 2 unit;K13 | Polar contact | ATP phosphate 2 unit;K13 | Polar contact | ATP phosphate 3 unit;R47 | Polar contact | dTMP phosphate unit;R90 | Polar contact | ATP phosphate 3 unit;R90 | Polar contact | dTMP phosphate unit;S11 | Polar contact | ATP phosphate 2–3 bridging oxygen;T14 | Polar contact | ATP phosphate 2 unit;T15 | Polar contact | ATP phosphate 1 unit
class_98,4,AqTMK_49;AqTMK_50;AqTMK_66;AqTMK_124,1,11,D9 | Polar contact | ATP phosphate 3 unit;G10 | Polar contact | ATP phosphate 2–3 bridging oxygen;G12 | Polar contact | ATP phosphate 2 unit;K13 | Polar contact | ATP phosphate 2 unit;K13 | Polar contact | ATP phosphate 3 unit;R47 | Polar contact | dTMP phosphate unit;R90 | Polar contact | ATP phosphate 3 unit;R90 | Polar contact | dTMP phosphate unit;S11 | Polar contact | ATP phosphate 2 unit;T14 | Polar contact | ATP phosphate 2 unit;T15 | Polar contact | ATP phosphate 1 unit
class_99,2,AqTMK_153;AqTMK_264,1,11,D9 | Polar contact | ATP phosphate 2–3 bridging oxygen;G10 | Polar contact | ATP phosphate 2–3 bridging oxygen;G12 | Polar contact | ATP phosphate 1–2 bridging oxygen;K13 | Polar contact | ATP phosphate 2 unit;K13 | Polar contact | ATP phosphate 3 unit;R47 | Polar contact | dTMP phosphate unit;R90 | Polar contact | ATP phosphate 3 unit;R90 | Polar contact | dTMP phosphate unit;S11 | Polar contact | ATP phosphate 2 unit;T14 | Polar contact | ATP phosphate 2 unit;T15 | Polar contact | ATP phosphate 1 unit
class_100,1,AqTMK_193,1,10,G10 | Polar contact | ATP phosphate 2–3 bridging oxygen;G12 | Polar contact | ATP phosphate 2 unit;K13 | Polar contact | ATP phosphate 2 unit;K13 | Polar contact | ATP phosphate 3 unit;R90 | Polar contact | ATP phosphate 3 unit;R90 | Polar contact | dTMP phosphate unit;S11 | Polar contact | ATP phosphate 2 unit;T14 | Metal contact | Mg2+ ion;T14 | Polar contact | ATP phosphate 2 unit;T15 | Polar contact | ATP phosphate 1 unit
class_101,1,AqTMK_121,1,10,D9 | Polar contact | ATP phosphate 3 unit;G10 | Polar contact | ATP phosphate 2–3 bridging oxygen;G12 | Polar contact | ATP phosphate 2 unit;K13 | Polar contact | ATP phosphate 2 unit;K13 | Polar contact | ATP phosphate 3 unit;R90 | Polar contact | ATP phosphate 3 unit;R90 | Polar contact | dTMP phosphate unit;S11 | Polar contact | ATP phosphate 2 unit;T14 | Polar contact | ATP phosphate 2 unit;T15 | Polar contact | ATP phosphate 1 unit
