Merged class,Original classes,Structures,Structure IDs,Canonical signature,Catalytic candidate,Rare edges present,Missing common edges
Class 1,Class 1; Class 2,3,AqTMK_1;AqTMK_12;AqTMK_30,D9 | Polar contact | ATP phosphate 3 unit;G10 | Polar contact | ATP phosphate 2–3 bridging oxygen;G12 | Polar contact | ATP phosphate 2 unit;K13 | Polar contact | ATP phosphate 2 unit;K13 | Polar contact | ATP phosphate 3 unit;K143 | Polar contact | ATP phosphate 1 unit;K143 | Polar contact | ATP phosphate 2 unit;K143 | Polar contact | ATP phosphate 3 unit;R145 | Polar contact | ATP phosphate 3 unit;R145 | Polar contact | dTMP phosphate unit;R47 | Polar contact | dTMP phosphate unit;R90 | Polar contact | ATP phosphate 3 unit;R90 | Polar contact | dTMP phosphate unit;S11 | Polar contact | ATP phosphate 2 unit;T14 | Metal contact | Mg2+ ion;T14 | Polar contact | ATP phosphate 2 unit;T14 | Polar contact | ATP phosphate 3 unit;T15 | Polar contact | ATP phosphate 1 unit,True,K143 | Polar contact | ATP phosphate 3 unit,
Class 2,Class 3,1,AqTMK_35,D9 | Polar contact | ATP phosphate 3 unit;G10 | Polar contact | ATP phosphate 2–3 bridging oxygen;G12 | Polar contact | ATP phosphate 1–2 bridging oxygen;K13 | Polar contact | ATP phosphate 2 unit;K13 | Polar contact | ATP phosphate 3 unit;K143 | Polar contact | ATP phosphate 1 unit;K143 | Polar contact | ATP phosphate 2 unit;R145 | Polar contact | ATP phosphate 3 unit;R145 | Polar contact | dTMP phosphate unit;R35 | Polar contact | dTMP phosphate unit;R47 | Polar contact | dTMP phosphate unit;R90 | Polar contact | ATP phosphate 3 unit;R90 | Polar contact | dTMP phosphate unit;S11 | Polar contact | ATP phosphate 2 unit;T14 | Metal contact | Mg2+ ion;T14 | Polar contact | ATP phosphate 2 unit;T14 | Polar contact | ATP phosphate 3 unit;T15 | Polar contact | ATP phosphate 1 unit,False,,
Class 3,Class 4,1,AqTMK_65,D9 | Polar contact | ATP phosphate 3 unit;G10 | Polar contact | ATP phosphate 2–3 bridging oxygen;G12 | Polar contact | ATP phosphate 2 unit;K13 | Polar contact | ATP phosphate 2 unit;K13 | Polar contact | ATP phosphate 3 unit;K143 | Polar contact | ATP phosphate 1 unit;K143 | Polar contact | ATP phosphate 2 unit;K143 | Polar contact | ATP phosphate 3 unit;R145 | Polar contact | ATP phosphate 3 unit;R145 | Polar contact | dTMP phosphate unit;R35 | Polar contact | dTMP phosphate unit;R47 | Polar contact | dTMP phosphate unit;R90 | Polar contact | ATP phosphate 3 unit;R90 | Polar contact | dTMP phosphate unit;S11 | Polar contact | ATP phosphate 2 unit;T14 | Metal contact | Mg2+ ion;T14 | Polar contact | ATP phosphate 2 unit;T15 | Polar contact | ATP phosphate 1 unit,True,K143 | Polar contact | ATP phosphate 3 unit,
Class 4,Class 5; Class 8; Class 12,5,AqTMK_8;AqTMK_21;AqTMK_26;AqTMK_46;AqTMK_97,D9 | Polar contact | ATP phosphate 3 unit;G10 | Polar contact | ATP phosphate 2–3 bridging oxygen;G12 | Polar contact | ATP phosphate 2 unit;K13 | Polar contact | ATP phosphate 2 unit;K13 | Polar contact | ATP phosphate 3 unit;K143 | Polar contact | ATP phosphate 1 unit;K143 | Polar contact | ATP phosphate 2 unit;R145 | Polar contact | ATP phosphate 3 unit;R145 | Polar contact | dTMP phosphate unit;R47 | Polar contact | dTMP phosphate unit;R90 | Polar contact | ATP phosphate 3 unit;R90 | Polar contact | dTMP phosphate unit;S11 | Polar contact | ATP phosphate 2 unit;T14 | Metal contact | Mg2+ ion;T14 | Polar contact | ATP phosphate 2 unit;T14 | Polar contact | ATP phosphate 3 unit;T15 | Polar contact | ATP phosphate 1 unit,False,,
Class 5,Class 6,1,AqTMK_10,D9 | Polar contact | ATP phosphate 3 unit;G10 | Polar contact | ATP phosphate 2–3 bridging oxygen;G12 | Polar contact | ATP phosphate 2 unit;K13 | Polar contact | ATP phosphate 2 unit;K13 | Polar contact | ATP phosphate 3 unit;K143 | Polar contact | ATP phosphate 1 unit;K143 | Polar contact | ATP phosphate 2 unit;K143 | Polar contact | ATP phosphate 3 unit;R145 | Polar contact | ATP phosphate 3 unit;R47 | Polar contact | dTMP phosphate unit;R90 | Polar contact | ATP phosphate 3 unit;R90 | Polar contact | dTMP phosphate unit;S11 | Polar contact | ATP phosphate 2 unit;T14 | Metal contact | Mg2+ ion;T14 | Polar contact | ATP phosphate 2 unit;T14 | Polar contact | ATP phosphate 3 unit;T15 | Polar contact | ATP phosphate 1 unit,True,K143 | Polar contact | ATP phosphate 3 unit,
Class 6,Class 7,1,AqTMK_16,D9 | Polar contact | ATP phosphate 3 unit;G10 | Polar contact | ATP phosphate 2–3 bridging oxygen;G12 | Polar contact | ATP phosphate 2 unit;K13 | Polar contact | ATP phosphate 2 unit;K13 | Polar contact | ATP phosphate 3 unit;K143 | Polar contact | ATP phosphate 1 unit;K143 | Polar contact | ATP phosphate 2 unit;K143 | Polar contact | ATP phosphate 3 unit;R145 | Polar contact | ATP phosphate 3 unit;R145 | Polar contact | dTMP phosphate unit;R47 | Polar contact | dTMP phosphate unit;R90 | Polar contact | ATP phosphate 3 unit;R90 | Polar contact | dTMP phosphate unit;S11 | Polar contact | ATP phosphate 2–3 bridging oxygen;T14 | Metal contact | Mg2+ ion;T14 | Polar contact | ATP phosphate 2 unit;T15 | Polar contact | ATP phosphate 1 unit,False,K143 | Polar contact | ATP phosphate 3 unit;S11 | Polar contact | ATP phosphate 2–3 bridging oxygen,S11 | Polar contact | ATP phosphate 2 unit
Class 7,Class 9,1,AqTMK_39,D9 | Polar contact | ATP phosphate 3 unit;G10 | Polar contact | ATP phosphate 2–3 bridging oxygen;G12 | Polar contact | ATP phosphate 2 unit;K13 | Polar contact | ATP phosphate 2 unit;K13 | Polar contact | ATP phosphate 3 unit;K143 | Polar contact | ATP phosphate 1 unit;K143 | Polar contact | ATP phosphate 2 unit;R145 | Polar contact | ATP phosphate 3 unit;R145 | Polar contact | dTMP phosphate unit;R35 | Polar contact | dTMP phosphate unit;R47 | Polar contact | dTMP phosphate unit;R90 | Polar contact | ATP phosphate 3 unit;R90 | Polar contact | dTMP phosphate unit;S11 | Polar contact | ATP phosphate 2 unit;T14 | Metal contact | Mg2+ ion;T14 | Polar contact | ATP phosphate 2 unit;T15 | Polar contact | ATP phosphate 1 unit,False,,
Class 8,Class 10,1,AqTMK_41,D9 | Polar contact | ATP phosphate 3 unit;G10 | Polar contact | ATP phosphate 2–3 bridging oxygen;G12 | Polar contact | ATP phosphate 2 unit;K13 | Polar contact | ATP phosphate 2 unit;K13 | Polar contact | ATP phosphate 3 unit;K143 | Polar contact | ATP phosphate 1 unit;K143 | Polar contact | ATP phosphate 2 unit;K143 | Polar contact | ATP phosphate 3 unit;R145 | Polar contact | ATP phosphate 3 unit;R145 | Polar contact | dTMP phosphate unit;R90 | Polar contact | ATP phosphate 3 unit;R90 | Polar contact | dTMP phosphate unit;S11 | Polar contact | ATP phosphate 2 unit;T14 | Metal contact | Mg2+ ion;T14 | Polar contact | ATP phosphate 2 unit;T14 | Polar contact | ATP phosphate 3 unit;T15 | Polar contact | ATP phosphate 1 unit,False,K143 | Polar contact | ATP phosphate 3 unit,R47 | Polar contact | dTMP phosphate unit
Class 9,Class 11; Class 16,2,AqTMK_44;AqTMK_140,D9 | Polar contact | ATP phosphate 3 unit;G10 | Polar contact | ATP phosphate 2–3 bridging oxygen;G12 | Polar contact | ATP phosphate 2 unit;K13 | Polar contact | ATP phosphate 2 unit;K13 | Polar contact | ATP phosphate 3 unit;K143 | Polar contact | ATP phosphate 1 unit;K143 | Polar contact | ATP phosphate 2 unit;K143 | Polar contact | ATP phosphate 3 unit;R145 | Polar contact | ATP phosphate 3 unit;R145 | Polar contact | dTMP phosphate unit;R47 | Polar contact | dTMP phosphate unit;R90 | Polar contact | ATP phosphate 3 unit;R90 | Polar contact | dTMP phosphate unit;S11 | Polar contact | ATP phosphate 2 unit;T14 | Metal contact | Mg2+ ion;T14 | Polar contact | ATP phosphate 2 unit;T15 | Polar contact | ATP phosphate 1 unit,True,K143 | Polar contact | ATP phosphate 3 unit,
Class 10,Class 13,2,AqTMK_58;AqTMK_60,D9 | Polar contact | ATP phosphate 3 unit;G10 | Polar contact | ATP phosphate 2–3 bridging oxygen;G12 | Polar contact | ATP phosphate 2–3 bridging oxygen;K13 | Polar contact | ATP phosphate 2 unit;K13 | Polar contact | ATP phosphate 3 unit;K143 | Polar contact | ATP phosphate 1 unit;K143 | Polar contact | ATP phosphate 2 unit;K143 | Polar contact | ATP phosphate 3 unit;R145 | Polar contact | ATP phosphate 3 unit;R145 | Polar contact | dTMP phosphate unit;R47 | Polar contact | dTMP phosphate unit;R90 | Polar contact | ATP phosphate 3 unit;R90 | Polar contact | dTMP phosphate unit;S11 | Polar contact | ATP phosphate 2–3 bridging oxygen;T14 | Metal contact | Mg2+ ion;T14 | Polar contact | ATP phosphate 2 unit;T15 | Polar contact | ATP phosphate 1 unit,False,G12 | Polar contact | ATP phosphate 2–3 bridging oxygen;K143 | Polar contact | ATP phosphate 3 unit;S11 | Polar contact | ATP phosphate 2–3 bridging oxygen,S11 | Polar contact | ATP phosphate 2 unit
Class 11,Class 14,1,AqTMK_88,D9 | Polar contact | ATP phosphate 3 unit;G10 | Polar contact | ATP phosphate 2–3 bridging oxygen;G12 | Polar contact | ATP phosphate 2 unit;K13 | Polar contact | ATP phosphate 2 unit;K13 | Polar contact | ATP phosphate 3 unit;K143 | Polar contact | ATP phosphate 1 unit;K143 | Polar contact | ATP phosphate 2 unit;K143 | Polar contact | ATP phosphate 3 unit;R145 | Polar contact | ATP phosphate 3 unit;R145 | Polar contact | dTMP phosphate unit;R35 | Polar contact | dTMP phosphate unit;R47 | Polar contact | dTMP phosphate unit;R90 | Polar contact | dTMP phosphate unit;S11 | Polar contact | ATP phosphate 2 unit;T14 | Metal contact | Mg2+ ion;T14 | Polar contact | ATP phosphate 2 unit;T15 | Polar contact | ATP phosphate 1 unit,False,K143 | Polar contact | ATP phosphate 3 unit,R90 | Polar contact | ATP phosphate 3 unit
Class 12,Class 15; Class 23,2,AqTMK_37;AqTMK_134,D9 | Polar contact | ATP phosphate 3 unit;G10 | Polar contact | ATP phosphate 2–3 bridging oxygen;G12 | Polar contact | ATP phosphate 2 unit;K13 | Polar contact | ATP phosphate 2 unit;K13 | Polar contact | ATP phosphate 3 unit;K13 | Polar contact | dTMP phosphate unit;K143 | Polar contact | ATP phosphate 1 unit;K143 | Polar contact | ATP phosphate 2 unit;R145 | Polar contact | ATP phosphate 3 unit;R145 | Polar contact | dTMP phosphate unit;R47 | Polar contact | dTMP phosphate unit;R90 | Polar contact | ATP phosphate 3 unit;R90 | Polar contact | dTMP phosphate unit;S11 | Polar contact | ATP phosphate 2 unit;T14 | Metal contact | Mg2+ ion;T14 | Polar contact | ATP phosphate 2 unit;T15 | Polar contact | ATP phosphate 1 unit,False,,
Class 13,Class 17,1,AqTMK_228,D9 | Polar contact | ATP phosphate 3 unit;D9 | Polar contact | dTMP phosphate unit;G10 | Polar contact | ATP phosphate 2–3 bridging oxygen;G12 | Polar contact | ATP phosphate 2 unit;K13 | Polar contact | ATP phosphate 2 unit;K13 | Polar contact | ATP phosphate 3 unit;K13 | Polar contact | dTMP phosphate unit;R145 | Polar contact | ATP phosphate 3 unit;R145 | Polar contact | dTMP phosphate unit;R35 | Polar contact | dTMP phosphate unit;R47 | Polar contact | dTMP phosphate unit;R90 | Polar contact | ATP phosphate 3 unit;R90 | Polar contact | dTMP phosphate unit;S11 | Polar contact | ATP phosphate 2 unit;T14 | Metal contact | Mg2+ ion;T14 | Polar contact | ATP phosphate 2 unit;T15 | Polar contact | ATP phosphate 1 unit,True,D9 | Polar contact | dTMP phosphate unit,
Class 14,Class 18,4,AqTMK_2;AqTMK_6;AqTMK_13;AqTMK_22,D9 | Polar contact | ATP phosphate 3 unit;G10 | Polar contact | ATP phosphate 2–3 bridging oxygen;G12 | Polar contact | ATP phosphate 2 unit;K13 | Polar contact | ATP phosphate 2 unit;K13 | Polar contact | ATP phosphate 3 unit;K143 | Polar contact | ATP phosphate 1 unit;K143 | Polar contact | ATP phosphate 2 unit;R145 | Polar contact | ATP phosphate 3 unit;R145 | Polar contact | dTMP phosphate unit;R47 | Polar contact | dTMP phosphate unit;R90 | Polar contact | ATP phosphate 3 unit;R90 | Polar contact | dTMP phosphate unit;S11 | Polar contact | ATP phosphate 2 unit;T14 | Metal contact | Mg2+ ion;T14 | Polar contact | ATP phosphate 2 unit;T15 | Polar contact | ATP phosphate 1 unit,False,,
Class 15,Class 19,1,AqTMK_9,D9 | Polar contact | ATP phosphate 3 unit;G10 | Polar contact | ATP phosphate 2–3 bridging oxygen;G12 | Polar contact | ATP phosphate 2 unit;K13 | Polar contact | ATP phosphate 2 unit;K13 | Polar contact | ATP phosphate 3 unit;K143 | Polar contact | ATP phosphate 1 unit;K143 | Polar contact | ATP phosphate 2 unit;R145 | Polar contact | ATP phosphate 3 unit;R145 | Polar contact | dTMP phosphate unit;R90 | Polar contact | ATP phosphate 3 unit;R90 | Polar contact | dTMP phosphate unit;S11 | Polar contact | ATP phosphate 2 unit;T14 | Metal contact | Mg2+ ion;T14 | Polar contact | ATP phosphate 2 unit;T14 | Polar contact | ATP phosphate 3 unit;T15 | Polar contact | ATP phosphate 1 unit,False,,R47 | Polar contact | dTMP phosphate unit
Class 16,Class 20,1,AqTMK_15,D9 | Polar contact | ATP phosphate 3 unit;G10 | Polar contact | ATP phosphate 2–3 bridging oxygen;G12 | Polar contact | ATP phosphate 2 unit;K13 | Polar contact | ATP phosphate 2 unit;K13 | Polar contact | ATP phosphate 3 unit;K143 | Polar contact | ATP phosphate 1 unit;K143 | Polar contact | ATP phosphate 2 unit;R145 | Polar contact | ATP phosphate 3 unit;R47 | Polar contact | dTMP phosphate unit;R90 | Polar contact | ATP phosphate 3 unit;R90 | Polar contact | dTMP phosphate unit;S11 | Polar contact | ATP phosphate 2 unit;T14 | Metal contact | Mg2+ ion;T14 | Polar contact | ATP phosphate 2 unit;T14 | Polar contact | ATP phosphate 3 unit;T15 | Polar contact | ATP phosphate 1 unit,False,,
Class 17,Class 21,1,AqTMK_17,D9 | Polar contact | ATP phosphate 3 unit;G10 | Polar contact | ATP phosphate 2–3 bridging oxygen;G12 | Polar contact | ATP phosphate 1–2 bridging oxygen;K13 | Polar contact | ATP phosphate 2 unit;K13 | Polar contact | ATP phosphate 3 unit;K143 | Polar contact | ATP phosphate 1 unit;K143 | Polar contact | ATP phosphate 2 unit;R145 | Polar contact | ATP phosphate 3 unit;R145 | Polar contact | dTMP phosphate unit;R47 | Polar contact | dTMP phosphate unit;R90 | Polar contact | ATP phosphate 3 unit;R90 | Polar contact | dTMP phosphate unit;S11 | Polar contact | ATP phosphate 2–3 bridging oxygen;T14 | Metal contact | Mg2+ ion;T14 | Polar contact | ATP phosphate 2 unit;T15 | Polar contact | ATP phosphate 1 unit,False,S11 | Polar contact | ATP phosphate 2–3 bridging oxygen,S11 | Polar contact | ATP phosphate 2 unit
Class 18,Class 22,1,AqTMK_28,D9 | Polar contact | ATP phosphate 3 unit;G10 | Polar contact | ATP phosphate 2–3 bridging oxygen;G12 | Polar contact | ATP phosphate 2 unit;K13 | Polar contact | ATP phosphate 2 unit;K13 | Polar contact | ATP phosphate 3 unit;K143 | Polar contact | ATP phosphate 1 unit;K143 | Polar contact | ATP phosphate 2 unit;R145 | Polar contact | ATP phosphate 3 unit;R145 | Polar contact | dTMP phosphate unit;R35 | Polar contact | dTMP phosphate unit;R90 | Polar contact | ATP phosphate 3 unit;R90 | Polar contact | dTMP phosphate unit;S11 | Polar contact | ATP phosphate 2 unit;T14 | Metal contact | Mg2+ ion;T14 | Polar contact | ATP phosphate 2 unit;T15 | Polar contact | ATP phosphate 1 unit,False,,R47 | Polar contact | dTMP phosphate unit
Class 19,Class 24,1,AqTMK_38,D9 | Polar contact | ATP phosphate 3 unit;G10 | Polar contact | ATP phosphate 2–3 bridging oxygen;G12 | Polar contact | ATP phosphate 2 unit;K13 | Polar contact | ATP phosphate 2 unit;K13 | Polar contact | ATP phosphate 3 unit;K143 | Polar contact | ATP phosphate 1 unit;K143 | Polar contact | ATP phosphate 2 unit;R145 | Polar contact | ATP phosphate 3 unit;R145 | Polar contact | dTMP phosphate unit;R35 | Polar contact | dTMP phosphate unit;R47 | Polar contact | dTMP phosphate unit;R90 | Polar contact | dTMP phosphate unit;S11 | Polar contact | ATP phosphate 2 unit;T14 | Metal contact | Mg2+ ion;T14 | Polar contact | ATP phosphate 2 unit;T15 | Polar contact | ATP phosphate 1 unit,False,,R90 | Polar contact | ATP phosphate 3 unit
Class 20,Class 25,1,AqTMK_77,D9 | Polar contact | ATP phosphate 3 unit;G10 | Polar contact | ATP phosphate 2–3 bridging oxygen;G12 | Polar contact | ATP phosphate 1–2 bridging oxygen;K13 | Polar contact | ATP phosphate 2 unit;K13 | Polar contact | ATP phosphate 3 unit;K143 | Polar contact | ATP phosphate 1 unit;K143 | Polar contact | ATP phosphate 2 unit;K143 | Polar contact | ATP phosphate 3 unit;R145 | Polar contact | ATP phosphate 3 unit;R145 | Polar contact | dTMP phosphate unit;R35 | Polar contact | dTMP phosphate unit;R90 | Polar contact | dTMP phosphate unit;S11 | Polar contact | ATP phosphate 2 unit;T14 | Metal contact | Mg2+ ion;T14 | Polar contact | ATP phosphate 2 unit;T15 | Polar contact | ATP phosphate 1 unit,False,K143 | Polar contact | ATP phosphate 3 unit,R47 | Polar contact | dTMP phosphate unit;R90 | Polar contact | ATP phosphate 3 unit
Class 21,Class 26; Class 27,2,AqTMK_5;AqTMK_14,D9 | Polar contact | ATP phosphate 3 unit;G10 | Polar contact | ATP phosphate 2–3 bridging oxygen;G12 | Polar contact | ATP phosphate 2 unit;K13 | Polar contact | ATP phosphate 2 unit;K13 | Polar contact | ATP phosphate 3 unit;K143 | Polar contact | ATP phosphate 1 unit;K143 | Polar contact | ATP phosphate 2 unit;R145 | Polar contact | ATP phosphate 3 unit;R47 | Polar contact | dTMP phosphate unit;R90 | Polar contact | ATP phosphate 3 unit;R90 | Polar contact | dTMP phosphate unit;S11 | Polar contact | ATP phosphate 2 unit;T14 | Metal contact | Mg2+ ion;T14 | Polar contact | ATP phosphate 2 unit;T15 | Polar contact | ATP phosphate 1 unit,False,,
Class 22,Class 28,1,AqTMK_23,D9 | Polar contact | ATP phosphate 3 unit;G10 | Polar contact | ATP phosphate 2–3 bridging oxygen;G12 | Polar contact | ATP phosphate 2 unit;K13 | Polar contact | ATP phosphate 2 unit;K13 | Polar contact | ATP phosphate 3 unit;K13 | Polar contact | dTMP phosphate unit;K143 | Polar contact | ATP phosphate 1 unit;K143 | Polar contact | ATP phosphate 2 unit;R145 | Polar contact | ATP phosphate 3 unit;R145 | Polar contact | dTMP phosphate unit;R47 | Polar contact | dTMP phosphate unit;R90 | Polar contact | dTMP phosphate unit;S11 | Polar contact | ATP phosphate 2 unit;T14 | Metal contact | Mg2+ ion;T14 | Polar contact | ATP phosphate 2 unit;T15 | Polar contact | ATP phosphate 1 unit,False,,R90 | Polar contact | ATP phosphate 3 unit
Class 23,Class 29,1,AqTMK_214,D9 | Polar contact | ATP phosphate 3 unit;G10 | Polar contact | ATP phosphate 2–3 bridging oxygen;G12 | Polar contact | ATP phosphate 2 unit;K13 | Polar contact | ATP phosphate 2 unit;K13 | Polar contact | ATP phosphate 3 unit;K13 | Polar contact | dTMP phosphate unit;R35 | Polar contact | dTMP phosphate unit;R47 | Polar contact | dTMP phosphate unit;R90 | Polar contact | ATP phosphate 3 unit;R90 | Polar contact | dTMP phosphate unit;S11 | Polar contact | ATP phosphate 2 unit;T14 | Metal contact | Mg2+ ion;T14 | Polar contact | ATP phosphate 2 unit;T14 | Polar contact | ATP phosphate 3 unit;T15 | Polar contact | ATP phosphate 1 unit,False,,
Class 24,Class 30; Class 31; Class 32; Class 35; Class 56,7,AqTMK_128;AqTMK_175;AqTMK_185;AqTMK_196;AqTMK_220;AqTMK_244;AqTMK_262,D9 | Polar contact | ATP phosphate 3 unit;G10 | Polar contact | ATP phosphate 2–3 bridging oxygen;G12 | Polar contact | ATP phosphate 2 unit;K13 | Polar contact | ATP phosphate 2 unit;K13 | Polar contact | ATP phosphate 3 unit;K13 | Polar contact | dTMP phosphate unit;R35 | Polar contact | dTMP phosphate unit;R47 | Polar contact | dTMP phosphate unit;R90 | Polar contact | ATP phosphate 3 unit;R90 | Polar contact | dTMP phosphate unit;S11 | Polar contact | ATP phosphate 2 unit;T14 | Metal contact | Mg2+ ion;T14 | Polar contact | ATP phosphate 2 unit;T15 | Polar contact | ATP phosphate 1 unit,False,,
Class 25,Class 33,1,AqTMK_207,D9 | Polar contact | ATP phosphate 3 unit;G10 | Polar contact | ATP phosphate 2–3 bridging oxygen;G12 | Polar contact | ATP phosphate 2 unit;K13 | Polar contact | ATP phosphate 2 unit;K13 | Polar contact | ATP phosphate 3 unit;K13 | Polar contact | dTMP phosphate unit;R145 | Polar contact | ATP phosphate 3 unit;R145 | Polar contact | dTMP phosphate unit;R47 | Polar contact | dTMP phosphate unit;R90 | Polar contact | dTMP phosphate unit;S11 | Polar contact | ATP phosphate 2 unit;T14 | Metal contact | Mg2+ ion;T14 | Polar contact | ATP phosphate 2 unit;T15 | Polar contact | ATP phosphate 1 unit,False,,R90 | Polar contact | ATP phosphate 3 unit
Class 26,Class 34,1,AqTMK_217,D9 | Polar contact | ATP phosphate 3 unit;G10 | Polar contact | ATP phosphate 2–3 bridging oxygen;G12 | Polar contact | ATP phosphate 1–2 bridging oxygen;K13 | Polar contact | ATP phosphate 2 unit;K13 | Polar contact | ATP phosphate 3 unit;R145 | Polar contact | dTMP phosphate unit;R35 | Polar contact | dTMP phosphate unit;R47 | Polar contact | dTMP phosphate unit;R90 | Polar contact | ATP phosphate 3 unit;R90 | Polar contact | dTMP phosphate unit;S11 | Polar contact | ATP phosphate 2 unit;T14 | Metal contact | Mg2+ ion;T14 | Polar contact | ATP phosphate 2 unit;T15 | Polar contact | ATP phosphate 1 unit,False,,
Class 27,Class 36,1,AqTMK_246,D9 | Polar contact | ATP phosphate 3 unit;G10 | Polar contact | ATP phosphate 2–3 bridging oxygen;G12 | Polar contact | ATP phosphate 1–2 bridging oxygen;K13 | Polar contact | ATP phosphate 2 unit;K13 | Polar contact | ATP phosphate 3 unit;R145 | Polar contact | ATP phosphate 3 unit;R145 | Polar contact | dTMP phosphate unit;R47 | Polar contact | dTMP phosphate unit;R90 | Polar contact | ATP phosphate 3 unit;R90 | Polar contact | dTMP phosphate unit;S11 | Polar contact | ATP phosphate 2 unit;T14 | Metal contact | Mg2+ ion;T14 | Polar contact | ATP phosphate 2 unit;T15 | Polar contact | ATP phosphate 1 unit,False,,
Class 28,Class 37,1,AqTMK_261,D9 | Polar contact | ATP phosphate 3 unit;D9 | Polar contact | dTMP phosphate unit;G10 | Polar contact | ATP phosphate 2–3 bridging oxygen;G12 | Polar contact | ATP phosphate 2 unit;K13 | Polar contact | ATP phosphate 2 unit;K13 | Polar contact | ATP phosphate 3 unit;K13 | Polar contact | dTMP phosphate unit;R35 | Polar contact | dTMP phosphate unit;R90 | Polar contact | ATP phosphate 3 unit;R90 | Polar contact | dTMP phosphate unit;S11 | Polar contact | ATP phosphate 2 unit;T14 | Metal contact | Mg2+ ion;T14 | Polar contact | ATP phosphate 2 unit;T15 | Polar contact | ATP phosphate 1 unit,False,D9 | Polar contact | dTMP phosphate unit,R47 | Polar contact | dTMP phosphate unit
Class 29,Class 38,1,AqTMK_281,D9 | Polar contact | ATP phosphate 3 unit;G10 | Polar contact | ATP phosphate 2–3 bridging oxygen;G12 | Polar contact | ATP phosphate 1–2 bridging oxygen;K13 | Polar contact | ATP phosphate 2 unit;K13 | Polar contact | ATP phosphate 3 unit;K143 | Polar contact | ATP phosphate 1 unit;R35 | Polar contact | dTMP phosphate unit;R47 | Polar contact | dTMP phosphate unit;R90 | Polar contact | ATP phosphate 3 unit;R90 | Polar contact | dTMP phosphate unit;S11 | Polar contact | ATP phosphate 2 unit;T14 | Metal contact | Mg2+ ion;T14 | Polar contact | ATP phosphate 2 unit;T15 | Polar contact | ATP phosphate 1 unit,False,,
Class 30,Class 39,2,AqTMK_69;AqTMK_287,D9 | Polar contact | ATP phosphate 3 unit;G10 | Polar contact | ATP phosphate 2–3 bridging oxygen;G12 | Polar contact | ATP phosphate 2 unit;K13 | Polar contact | ATP phosphate 2 unit;K13 | Polar contact | ATP phosphate 3 unit;R145 | Polar contact | dTMP phosphate unit;R47 | Polar contact | dTMP phosphate unit;R90 | Polar contact | ATP phosphate 3 unit;R90 | Polar contact | dTMP phosphate unit;S11 | Polar contact | ATP phosphate 2 unit;T14 | Metal contact | Mg2+ ion;T14 | Polar contact | ATP phosphate 2 unit;T15 | Polar contact | ATP phosphate 1 unit,False,,
Class 31,Class 40; Class 42; Class 54; Class 58,6,AqTMK_87;AqTMK_109;AqTMK_171;AqTMK_186;AqTMK_233;AqTMK_273,D9 | Polar contact | ATP phosphate 3 unit;G10 | Polar contact | ATP phosphate 2–3 bridging oxygen;G12 | Polar contact | ATP phosphate 2 unit;K13 | Polar contact | ATP phosphate 2 unit;K13 | Polar contact | ATP phosphate 3 unit;K13 | Polar contact | dTMP phosphate unit;R47 | Polar contact | dTMP phosphate unit;R90 | Polar contact | ATP phosphate 3 unit;R90 | Polar contact | dTMP phosphate unit;S11 | Polar contact | ATP phosphate 2 unit;T14 | Metal contact | Mg2+ ion;T14 | Polar contact | ATP phosphate 2 unit;T15 | Polar contact | ATP phosphate 1 unit,False,,
Class 32,Class 41; Class 44,4,AqTMK_95;AqTMK_116;AqTMK_120;AqTMK_163,D9 | Polar contact | ATP phosphate 3 unit;G10 | Polar contact | ATP phosphate 2–3 bridging oxygen;G12 | Polar contact | ATP phosphate 2 unit;K13 | Polar contact | ATP phosphate 2 unit;K13 | Polar contact | ATP phosphate 3 unit;R47 | Polar contact | dTMP phosphate unit;R90 | Polar contact | ATP phosphate 3 unit;R90 | Polar contact | dTMP phosphate unit;S11 | Polar contact | ATP phosphate 2 unit;T14 | Metal contact | Mg2+ ion;T14 | Polar contact | ATP phosphate 2 unit;T14 | Polar contact | ATP phosphate 3 unit;T15 | Polar contact | ATP phosphate 1 unit,False,,
Class 33,Class 43,1,AqTMK_111,D9 | Polar contact | ATP phosphate 3 unit;G10 | Polar contact | ATP phosphate 2–3 bridging oxygen;G12 | Polar contact | ATP phosphate 2 unit;K13 | Polar contact | ATP phosphate 2 unit;K13 | Polar contact | ATP phosphate 3 unit;N144 | Polar contact | ATP phosphate 3 unit;R47 | Polar contact | dTMP phosphate unit;R90 | Polar contact | ATP phosphate 2 unit;R90 | Polar contact | ATP phosphate 3 unit;R90 | Polar contact | dTMP phosphate unit;S11 | Polar contact | ATP phosphate 2 unit;T14 | Metal contact | Mg2+ ion;T14 | Polar contact | ATP phosphate 2 unit;T15 | Polar contact | ATP phosphate 1 unit,True,N144 | Polar contact | ATP phosphate 3 unit;R90 | Polar contact | ATP phosphate 2 unit,
Class 34,Class 45,1,AqTMK_139,D9 | Polar contact | ATP phosphate 3 unit;G10 | Polar contact | ATP phosphate 2–3 bridging oxygen;G12 | Polar contact | ATP phosphate 2 unit;K13 | Polar contact | ATP phosphate 2 unit;K13 | Polar contact | ATP phosphate 3 unit;K13 | Polar contact | dTMP phosphate unit;R35 | Polar contact | dTMP phosphate unit;R90 | Polar contact | ATP phosphate 3 unit;R90 | Polar contact | dTMP phosphate unit;S11 | Polar contact | ATP phosphate 2 unit;T14 | Metal contact | Mg2+ ion;T14 | Polar contact | ATP phosphate 2 unit;T15 | Polar contact | ATP phosphate 1 unit,False,,R47 | Polar contact | dTMP phosphate unit
Class 35,Class 46,1,AqTMK_156,D9 | Polar contact | ATP phosphate 2–3 bridging oxygen;G10 | Polar contact | ATP phosphate 2–3 bridging oxygen;G12 | Polar contact | ATP phosphate 1–2 bridging oxygen;K13 | Polar contact | ATP phosphate 2 unit;K13 | Polar contact | ATP phosphate 3 unit;K13 | Polar contact | dTMP phosphate unit;R47 | Polar contact | dTMP phosphate unit;R90 | Polar contact | ATP phosphate 3 unit;R90 | Polar contact | dTMP phosphate unit;S11 | Polar contact | ATP phosphate 2 unit;T14 | Metal contact | Mg2+ ion;T14 | Polar contact | ATP phosphate 2 unit;T14 | Polar contact | ATP phosphate 3 unit;T15 | Polar contact | ATP phosphate 1 unit,False,D9 | Polar contact | ATP phosphate 2–3 bridging oxygen,D9 | Polar contact | ATP phosphate 3 unit
Class 36,Class 47; Class 51; Class 61,4,AqTMK_197;AqTMK_229;AqTMK_257;AqTMK_311,D9 | Polar contact | ATP phosphate 3 unit;G10 | Polar contact | ATP phosphate 2–3 bridging oxygen;G12 | Polar contact | ATP phosphate 1–2 bridging oxygen;K13 | Polar contact | ATP phosphate 2 unit;K13 | Polar contact | ATP phosphate 3 unit;R35 | Polar contact | dTMP phosphate unit;R47 | Polar contact | dTMP phosphate unit;R90 | Polar contact | ATP phosphate 3 unit;R90 | Polar contact | dTMP phosphate unit;S11 | Polar contact | ATP phosphate 2 unit;T14 | Metal contact | Mg2+ ion;T14 | Polar contact | ATP phosphate 2 unit;T15 | Polar contact | ATP phosphate 1 unit,False,,
Class 37,Class 48; Class 57; Class 60; Class 68,5,AqTMK_173;AqTMK_200;AqTMK_270;AqTMK_285;AqTMK_295,D9 | Polar contact | ATP phosphate 3 unit;G10 | Polar contact | ATP phosphate 2–3 bridging oxygen;G12 | Polar contact | ATP phosphate 2 unit;K13 | Polar contact | ATP phosphate 2 unit;K13 | Polar contact | ATP phosphate 3 unit;R35 | Polar contact | dTMP phosphate unit;R47 | Polar contact | dTMP phosphate unit;R90 | Polar contact | ATP phosphate 3 unit;R90 | Polar contact | dTMP phosphate unit;S11 | Polar contact | ATP phosphate 2 unit;T14 | Metal contact | Mg2+ ion;T14 | Polar contact | ATP phosphate 2 unit;T15 | Polar contact | ATP phosphate 1 unit,False,,
Class 38,Class 49,1,AqTMK_208,D9 | Polar contact | ATP phosphate 2–3 bridging oxygen;G10 | Polar contact | ATP phosphate 2–3 bridging oxygen;G12 | Polar contact | ATP phosphate 1–2 bridging oxygen;K13 | Polar contact | ATP phosphate 2 unit;K13 | Polar contact | ATP phosphate 3 unit;R35 | Polar contact | dTMP phosphate unit;R47 | Polar contact | dTMP phosphate unit;R90 | Polar contact | ATP phosphate 2 unit;R90 | Polar contact | ATP phosphate 3 unit;R90 | Polar contact | dTMP phosphate unit;S11 | Polar contact | ATP phosphate 2 unit;T14 | Metal contact | Mg2+ ion;T14 | Polar contact | ATP phosphate 2 unit;T15 | Polar contact | ATP phosphate 1 unit,False,D9 | Polar contact | ATP phosphate 2–3 bridging oxygen;R90 | Polar contact | ATP phosphate 2 unit,D9 | Polar contact | ATP phosphate 3 unit
Class 39,Class 50,1,AqTMK_223,D9 | Polar contact | ATP phosphate 3 unit;D9 | Polar contact | dTMP phosphate unit;G10 | Polar contact | ATP phosphate 2–3 bridging oxygen;G12 | Polar contact | ATP phosphate 2 unit;K13 | Polar contact | ATP phosphate 2 unit;K13 | Polar contact | ATP phosphate 3 unit;R35 | Polar contact | dTMP phosphate unit;R47 | Polar contact | dTMP phosphate unit;R90 | Polar contact | ATP phosphate 3 unit;R90 | Polar contact | dTMP phosphate unit;S11 | Polar contact | ATP phosphate 2 unit;T14 | Metal contact | Mg2+ ion;T14 | Polar contact | ATP phosphate 2 unit;T15 | Polar contact | ATP phosphate 1 unit,True,D9 | Polar contact | dTMP phosphate unit,
Class 40,Class 52,1,AqTMK_230,D9 | Polar contact | ATP phosphate 3 unit;G10 | Polar contact | ATP phosphate 2–3 bridging oxygen;G12 | Polar contact | ATP phosphate 1–2 bridging oxygen;K13 | Polar contact | ATP phosphate 2 unit;K13 | Polar contact | ATP phosphate 3 unit;K13 | Polar contact | dTMP phosphate unit;R35 | Polar contact | dTMP phosphate unit;R47 | Polar contact | dTMP phosphate unit;R90 | Polar contact | dTMP phosphate unit;S11 | Polar contact | ATP phosphate 2 unit;T14 | Metal contact | Mg2+ ion;T14 | Polar contact | ATP phosphate 2 unit;T15 | Polar contact | ATP phosphate 1 unit,False,,R90 | Polar contact | ATP phosphate 3 unit
Class 41,Class 53,1,AqTMK_231,D9 | Polar contact | ATP phosphate 3 unit;G10 | Polar contact | ATP phosphate 2–3 bridging oxygen;G12 | Polar contact | ATP phosphate 1–2 bridging oxygen;K13 | Polar contact | ATP phosphate 2 unit;K13 | Polar contact | ATP phosphate 3 unit;N144 | Polar contact | ATP phosphate 3 unit;R47 | Polar contact | dTMP phosphate unit;R90 | Polar contact | ATP phosphate 3 unit;R90 | Polar contact | dTMP phosphate unit;S11 | Polar contact | ATP phosphate 2 unit;T14 | Metal contact | Mg2+ ion;T14 | Polar contact | ATP phosphate 2 unit;T15 | Polar contact | ATP phosphate 1 unit,True,N144 | Polar contact | ATP phosphate 3 unit,
Class 42,Class 55; Class 73,2,AqTMK_240;AqTMK_259,D9 | Polar contact | ATP phosphate 2–3 bridging oxygen;G10 | Polar contact | ATP phosphate 2–3 bridging oxygen;G12 | Polar contact | ATP phosphate 1–2 bridging oxygen;K13 | Polar contact | ATP phosphate 2 unit;K13 | Polar contact | ATP phosphate 3 unit;R35 | Polar contact | dTMP phosphate unit;R47 | Polar contact | dTMP phosphate unit;R90 | Polar contact | ATP phosphate 3 unit;R90 | Polar contact | dTMP phosphate unit;S11 | Polar contact | ATP phosphate 2 unit;T14 | Metal contact | Mg2+ ion;T14 | Polar contact | ATP phosphate 2 unit;T15 | Polar contact | ATP phosphate 1 unit,False,D9 | Polar contact | ATP phosphate 2–3 bridging oxygen,D9 | Polar contact | ATP phosphate 3 unit
Class 43,Class 59,1,AqTMK_284,D9 | Polar contact | ATP phosphate 3 unit;G10 | Polar contact | ATP phosphate 2–3 bridging oxygen;G12 | Polar contact | ATP phosphate 2 unit;K13 | Polar contact | ATP phosphate 2 unit;K13 | Polar contact | ATP phosphate 3 unit;K13 | Polar contact | dTMP phosphate unit;R35 | Polar contact | dTMP phosphate unit;R47 | Polar contact | dTMP phosphate unit;R90 | Polar contact | dTMP phosphate unit;S11 | Polar contact | ATP phosphate 2 unit;T14 | Metal contact | Mg2+ ion;T14 | Polar contact | ATP phosphate 2 unit;T15 | Polar contact | ATP phosphate 1 unit,False,,R90 | Polar contact | ATP phosphate 3 unit
Class 44,Class 62; Class 63; Class 69; Class 80; Class 82; Class 85; Class 87; Class 88,49,AqTMK_47;AqTMK_48;AqTMK_54;AqTMK_56;AqTMK_59;AqTMK_62;AqTMK_63;AqTMK_68;AqTMK_70;AqTMK_72;AqTMK_73;AqTMK_76;AqTMK_79;AqTMK_81;AqTMK_82;AqTMK_84;AqTMK_85;AqTMK_89;AqTMK_91;AqTMK_93;AqTMK_99;AqTMK_101;AqTMK_103;AqTMK_104;AqTMK_106;AqTMK_108;AqTMK_112;AqTMK_114;AqTMK_117;AqTMK_118;AqTMK_119;AqTMK_123;AqTMK_131;AqTMK_133;AqTMK_165;AqTMK_167;AqTMK_179;AqTMK_187;AqTMK_188;AqTMK_218;AqTMK_236;AqTMK_237;AqTMK_249;AqTMK_253;AqTMK_263;AqTMK_267;AqTMK_274;AqTMK_288;AqTMK_309,D9 | Polar contact | ATP phosphate 3 unit;G10 | Polar contact | ATP phosphate 2–3 bridging oxygen;G12 | Polar contact | ATP phosphate 2 unit;K13 | Polar contact | ATP phosphate 2 unit;K13 | Polar contact | ATP phosphate 3 unit;R47 | Polar contact | dTMP phosphate unit;R90 | Polar contact | ATP phosphate 3 unit;R90 | Polar contact | dTMP phosphate unit;S11 | Polar contact | ATP phosphate 2 unit;T14 | Metal contact | Mg2+ ion;T14 | Polar contact | ATP phosphate 2 unit;T15 | Polar contact | ATP phosphate 1 unit,False,,
Class 45,Class 64,1,AqTMK_98,D9 | Polar contact | ATP phosphate 3 unit;G10 | Polar contact | ATP phosphate 2–3 bridging oxygen;G12 | Polar contact | ATP phosphate 2 unit;K13 | Polar contact | ATP phosphate 2 unit;K13 | Polar contact | ATP phosphate 3 unit;R35 | Polar contact | dTMP phosphate unit;R47 | Polar contact | dTMP phosphate unit;R90 | Polar contact | ATP phosphate 3 unit;R90 | Polar contact | dTMP phosphate unit;S11 | Polar contact | ATP phosphate 2 unit;T14 | Polar contact | ATP phosphate 2 unit;T15 | Polar contact | ATP phosphate 1 unit,False,,T14 | Metal contact | Mg2+ ion
Class 46,Class 65,4,AqTMK_149;AqTMK_181;AqTMK_198;AqTMK_224,D9 | Polar contact | ATP phosphate 2–3 bridging oxygen;G10 | Polar contact | ATP phosphate 2–3 bridging oxygen;G12 | Polar contact | ATP phosphate 2 unit;K13 | Polar contact | ATP phosphate 2 unit;K13 | Polar contact | ATP phosphate 3 unit;K13 | Polar contact | dTMP phosphate unit;R47 | Polar contact | dTMP phosphate unit;R90 | Polar contact | ATP phosphate 3 unit;R90 | Polar contact | dTMP phosphate unit;S11 | Polar contact | ATP phosphate 2 unit;T14 | Metal contact | Mg2+ ion;T14 | Polar contact | ATP phosphate 2 unit;T15 | Polar contact | ATP phosphate 1 unit,False,D9 | Polar contact | ATP phosphate 2–3 bridging oxygen,D9 | Polar contact | ATP phosphate 3 unit
Class 47,Class 66,1,AqTMK_155,D9 | Polar contact | ATP phosphate 2–3 bridging oxygen;G10 | Polar contact | ATP phosphate 2–3 bridging oxygen;G12 | Polar contact | ATP phosphate 1–2 bridging oxygen;K13 | Polar contact | ATP phosphate 2 unit;K13 | Polar contact | ATP phosphate 3 unit;K13 | Polar contact | dTMP phosphate unit;R47 | Polar contact | dTMP phosphate unit;R90 | Polar contact | ATP phosphate 3 unit;R90 | Polar contact | dTMP phosphate unit;S11 | Polar contact | ATP phosphate 2 unit;T14 | Metal contact | Mg2+ ion;T14 | Polar contact | ATP phosphate 2 unit;T15 | Polar contact | ATP phosphate 1 unit,False,D9 | Polar contact | ATP phosphate 2–3 bridging oxygen,D9 | Polar contact | ATP phosphate 3 unit
Class 48,Class 67; Class 72; Class 77; Class 81,7,AqTMK_45;AqTMK_159;AqTMK_234;AqTMK_245;AqTMK_272;AqTMK_286;AqTMK_292,D9 | Polar contact | ATP phosphate 3 unit;G10 | Polar contact | ATP phosphate 2–3 bridging oxygen;G12 | Polar contact | ATP phosphate 1–2 bridging oxygen;K13 | Polar contact | ATP phosphate 2 unit;K13 | Polar contact | ATP phosphate 3 unit;R47 | Polar contact | dTMP phosphate unit;R90 | Polar contact | ATP phosphate 3 unit;R90 | Polar contact | dTMP phosphate unit;S11 | Polar contact | ATP phosphate 2 unit;T14 | Metal contact | Mg2+ ion;T14 | Polar contact | ATP phosphate 2 unit;T15 | Polar contact | ATP phosphate 1 unit,False,,
Class 49,Class 70,1,AqTMK_191,D9 | Polar contact | ATP phosphate 3 unit;G10 | Polar contact | ATP phosphate 2–3 bridging oxygen;G12 | Polar contact | ATP phosphate 2 unit;K13 | Polar contact | ATP phosphate 2 unit;K13 | Polar contact | ATP phosphate 3 unit;R90 | Polar contact | ATP phosphate 3 unit;R90 | Polar contact | dTMP phosphate unit;S11 | Polar contact | ATP phosphate 2 unit;T14 | Metal contact | Mg2+ ion;T14 | Polar contact | ATP phosphate 2 unit;T14 | Polar contact | ATP phosphate 3 unit;T15 | Polar contact | ATP phosphate 1 unit,False,,R47 | Polar contact | dTMP phosphate unit
Class 50,Class 71,1,AqTMK_219,D9 | Polar contact | ATP phosphate 2–3 bridging oxygen;G10 | Polar contact | ATP phosphate 2–3 bridging oxygen;G12 | Polar contact | ATP phosphate 1–2 bridging oxygen;K13 | Polar contact | ATP phosphate 2 unit;K13 | Polar contact | ATP phosphate 3 unit;R47 | Polar contact | dTMP phosphate unit;R90 | Polar contact | ATP phosphate 3 unit;R90 | Polar contact | dTMP phosphate unit;S11 | Polar contact | ATP phosphate 2 unit;T14 | Metal contact | Mg2+ ion;T14 | Polar contact | ATP phosphate 2 unit;T15 | Polar contact | ATP phosphate 1 unit,False,D9 | Polar contact | ATP phosphate 2–3 bridging oxygen,D9 | Polar contact | ATP phosphate 3 unit
Class 51,Class 74,1,AqTMK_242,D9 | Polar contact | ATP phosphate 2–3 bridging oxygen;G10 | Polar contact | ATP phosphate 2–3 bridging oxygen;G12 | Polar contact | ATP phosphate 1–2 bridging oxygen;K13 | Polar contact | ATP phosphate 2 unit;K13 | Polar contact | ATP phosphate 3 unit;R35 | Polar contact | dTMP phosphate unit;R90 | Polar contact | ATP phosphate 3 unit;R90 | Polar contact | dTMP phosphate unit;S11 | Polar contact | ATP phosphate 2 unit;T14 | Metal contact | Mg2+ ion;T14 | Polar contact | ATP phosphate 2 unit;T15 | Polar contact | ATP phosphate 1 unit,False,D9 | Polar contact | ATP phosphate 2–3 bridging oxygen,D9 | Polar contact | ATP phosphate 3 unit;R47 | Polar contact | dTMP phosphate unit
Class 52,Class 75,1,AqTMK_275,D9 | Polar contact | ATP phosphate 3 unit;G10 | Polar contact | ATP phosphate 2–3 bridging oxygen;G12 | Polar contact | ATP phosphate 1–2 bridging oxygen;K13 | Polar contact | ATP phosphate 2 unit;K13 | Polar contact | ATP phosphate 3 unit;R145 | Polar contact | dTMP phosphate unit;R47 | Polar contact | dTMP phosphate unit;R90 | Polar contact | dTMP phosphate unit;S11 | Polar contact | ATP phosphate 2 unit;T14 | Metal contact | Mg2+ ion;T14 | Polar contact | ATP phosphate 2 unit;T15 | Polar contact | ATP phosphate 1 unit,False,,R90 | Polar contact | ATP phosphate 3 unit
Class 53,Class 76,1,AqTMK_279,D9 | Polar contact | ATP phosphate 2–3 bridging oxygen;D9 | Polar contact | dTMP phosphate unit;G10 | Polar contact | ATP phosphate 2–3 bridging oxygen;G12 | Polar contact | ATP phosphate 1–2 bridging oxygen;K13 | Polar contact | ATP phosphate 2 unit;K13 | Polar contact | ATP phosphate 3 unit;R35 | Polar contact | dTMP phosphate unit;R90 | Polar contact | ATP phosphate 3 unit;R90 | Polar contact | dTMP phosphate unit;S11 | Polar contact | ATP phosphate 2 unit;T14 | Metal contact | Mg2+ ion;T14 | Polar contact | ATP phosphate 2 unit;T15 | Polar contact | ATP phosphate 1 unit,False,D9 | Polar contact | ATP phosphate 2–3 bridging oxygen;D9 | Polar contact | dTMP phosphate unit,D9 | Polar contact | ATP phosphate 3 unit;R47 | Polar contact | dTMP phosphate unit
Class 54,Class 78; Class 91,2,AqTMK_195;AqTMK_290,D9 | Polar contact | ATP phosphate 3 unit;G10 | Polar contact | ATP phosphate 2–3 bridging oxygen;G12 | Polar contact | ATP phosphate 2 unit;K13 | Polar contact | ATP phosphate 2 unit;K13 | Polar contact | ATP phosphate 3 unit;R35 | Polar contact | dTMP phosphate unit;R90 | Polar contact | ATP phosphate 3 unit;R90 | Polar contact | dTMP phosphate unit;S11 | Polar contact | ATP phosphate 2 unit;T14 | Metal contact | Mg2+ ion;T14 | Polar contact | ATP phosphate 2 unit;T15 | Polar contact | ATP phosphate 1 unit,False,,R47 | Polar contact | dTMP phosphate unit
Class 55,Class 79; Class 95,3,AqTMK_277;AqTMK_299;AqTMK_300,D9 | Polar contact | ATP phosphate 3 unit;G10 | Polar contact | ATP phosphate 2–3 bridging oxygen;G12 | Polar contact | ATP phosphate 1–2 bridging oxygen;K13 | Polar contact | ATP phosphate 2 unit;K13 | Polar contact | ATP phosphate 3 unit;R35 | Polar contact | dTMP phosphate unit;R90 | Polar contact | ATP phosphate 3 unit;R90 | Polar contact | dTMP phosphate unit;S11 | Polar contact | ATP phosphate 2 unit;T14 | Metal contact | Mg2+ ion;T14 | Polar contact | ATP phosphate 2 unit;T15 | Polar contact | ATP phosphate 1 unit,False,,R47 | Polar contact | dTMP phosphate unit
Class 56,Class 83; Class 96; Class 98,9,AqTMK_33;AqTMK_49;AqTMK_50;AqTMK_53;AqTMK_66;AqTMK_92;AqTMK_102;AqTMK_124;AqTMK_172,D9 | Polar contact | ATP phosphate 3 unit;G10 | Polar contact | ATP phosphate 2–3 bridging oxygen;G12 | Polar contact | ATP phosphate 2 unit;K13 | Polar contact | ATP phosphate 2 unit;K13 | Polar contact | ATP phosphate 3 unit;R47 | Polar contact | dTMP phosphate unit;R90 | Polar contact | ATP phosphate 3 unit;R90 | Polar contact | dTMP phosphate unit;S11 | Polar contact | ATP phosphate 2 unit;T14 | Polar contact | ATP phosphate 2 unit;T15 | Polar contact | ATP phosphate 1 unit,False,,T14 | Metal contact | Mg2+ ion
Class 57,Class 84,5,AqTMK_57;AqTMK_94;AqTMK_122;AqTMK_132;AqTMK_201,G10 | Polar contact | ATP phosphate 2–3 bridging oxygen;G12 | Polar contact | ATP phosphate 2 unit;K13 | Polar contact | ATP phosphate 2 unit;K13 | Polar contact | ATP phosphate 3 unit;R47 | Polar contact | dTMP phosphate unit;R90 | Polar contact | ATP phosphate 3 unit;R90 | Polar contact | dTMP phosphate unit;S11 | Polar contact | ATP phosphate 2 unit;T14 | Metal contact | Mg2+ ion;T14 | Polar contact | ATP phosphate 2 unit;T15 | Polar contact | ATP phosphate 1 unit,False,,D9 | Polar contact | ATP phosphate 3 unit
Class 58,Class 86,1,AqTMK_110,D9 | Polar contact | ATP phosphate 3 unit;G10 | Polar contact | ATP phosphate 3 unit;G12 | Polar contact | ATP phosphate 2 unit;K13 | Polar contact | ATP phosphate 2 unit;K13 | Polar contact | ATP phosphate 3 unit;R47 | Polar contact | dTMP phosphate unit;R90 | Polar contact | ATP phosphate 3 unit;R90 | Polar contact | dTMP phosphate unit;S11 | Polar contact | ATP phosphate 2 unit;T14 | Metal contact | Mg2+ ion;T14 | Polar contact | ATP phosphate 2 unit;T15 | Polar contact | ATP phosphate 1 unit,False,G10 | Polar contact | ATP phosphate 3 unit,G10 | Polar contact | ATP phosphate 2–3 bridging oxygen
Class 59,Class 89,1,AqTMK_178,D9 | Polar contact | ATP phosphate 2–3 bridging oxygen;G10 | Polar contact | ATP phosphate 2–3 bridging oxygen;G12 | Polar contact | ATP phosphate 2 unit;K13 | Polar contact | ATP phosphate 2 unit;K13 | Polar contact | ATP phosphate 3 unit;R47 | Polar contact | dTMP phosphate unit;R90 | Polar contact | ATP phosphate 2 unit;R90 | Polar contact | ATP phosphate 3 unit;R90 | Polar contact | dTMP phosphate unit;S11 | Polar contact | ATP phosphate 2 unit;T14 | Polar contact | ATP phosphate 2 unit;T15 | Polar contact | ATP phosphate 1 unit,False,D9 | Polar contact | ATP phosphate 2–3 bridging oxygen;R90 | Polar contact | ATP phosphate 2 unit,D9 | Polar contact | ATP phosphate 3 unit;T14 | Metal contact | Mg2+ ion
Class 60,Class 90,1,AqTMK_184,D9 | Polar contact | ATP phosphate 3 unit;G10 | Polar contact | ATP phosphate 2–3 bridging oxygen;G12 | Polar contact | ATP phosphate 2 unit;K13 | Polar contact | ATP phosphate 2 unit;K13 | Polar contact | ATP phosphate 3 unit;R145 | Polar contact | dTMP phosphate unit;R47 | Polar contact | dTMP phosphate unit;R90 | Polar contact | ATP phosphate 3 unit;R90 | Polar contact | dTMP phosphate unit;S11 | Polar contact | ATP phosphate 2 unit;T14 | Polar contact | ATP phosphate 2 unit;T15 | Polar contact | ATP phosphate 1 unit,False,,T14 | Metal contact | Mg2+ ion
Class 61,Class 92,1,AqTMK_211,D9 | Polar contact | ATP phosphate 2–3 bridging oxygen;G10 | Polar contact | ATP phosphate 2–3 bridging oxygen;G12 | Polar contact | ATP phosphate 1–2 bridging oxygen;K13 | Polar contact | ATP phosphate 2 unit;K13 | Polar contact | ATP phosphate 3 unit;R35 | Polar contact | dTMP phosphate unit;R47 | Polar contact | dTMP phosphate unit;R90 | Polar contact | dTMP phosphate unit;S11 | Polar contact | ATP phosphate 2 unit;T14 | Metal contact | Mg2+ ion;T14 | Polar contact | ATP phosphate 2 unit;T15 | Polar contact | ATP phosphate 1 unit,False,D9 | Polar contact | ATP phosphate 2–3 bridging oxygen,D9 | Polar contact | ATP phosphate 3 unit;R90 | Polar contact | ATP phosphate 3 unit
Class 62,Class 93,1,AqTMK_238,D9 | Polar contact | ATP phosphate 3 unit;G10 | Polar contact | ATP phosphate 2–3 bridging oxygen;G12 | Polar contact | ATP phosphate 1–2 bridging oxygen;K13 | Polar contact | ATP phosphate 2 unit;K13 | Polar contact | ATP phosphate 3 unit;R35 | Polar contact | dTMP phosphate unit;R47 | Polar contact | dTMP phosphate unit;R90 | Polar contact | dTMP phosphate unit;S11 | Polar contact | ATP phosphate 2 unit;T14 | Metal contact | Mg2+ ion;T14 | Polar contact | ATP phosphate 2 unit;T15 | Polar contact | ATP phosphate 1 unit,False,,R90 | Polar contact | ATP phosphate 3 unit
Class 63,Class 94,1,AqTMK_276,D9 | Polar contact | ATP phosphate 3 unit;G10 | Polar contact | ATP phosphate 2–3 bridging oxygen;G12 | Polar contact | ATP phosphate 2 unit;K13 | Polar contact | ATP phosphate 2 unit;K13 | Polar contact | ATP phosphate 3 unit;K13 | Polar contact | dTMP phosphate unit;R35 | Polar contact | dTMP phosphate unit;R47 | Polar contact | dTMP phosphate unit;S11 | Polar contact | ATP phosphate 2 unit;T14 | Metal contact | Mg2+ ion;T14 | Polar contact | ATP phosphate 2 unit;T15 | Polar contact | ATP phosphate 1 unit,False,,R90 | Polar contact | ATP phosphate 3 unit;R90 | Polar contact | dTMP phosphate unit
Class 64,Class 97,1,AqTMK_43,D9 | Polar contact | ATP phosphate 3 unit;G10 | Polar contact | ATP phosphate 2–3 bridging oxygen;G12 | Polar contact | ATP phosphate 2 unit;K13 | Polar contact | ATP phosphate 2 unit;K13 | Polar contact | ATP phosphate 3 unit;R47 | Polar contact | dTMP phosphate unit;R90 | Polar contact | ATP phosphate 3 unit;R90 | Polar contact | dTMP phosphate unit;S11 | Polar contact | ATP phosphate 2–3 bridging oxygen;T14 | Polar contact | ATP phosphate 2 unit;T15 | Polar contact | ATP phosphate 1 unit,False,S11 | Polar contact | ATP phosphate 2–3 bridging oxygen,S11 | Polar contact | ATP phosphate 2 unit;T14 | Metal contact | Mg2+ ion
Class 65,Class 99,2,AqTMK_153;AqTMK_264,D9 | Polar contact | ATP phosphate 2–3 bridging oxygen;G10 | Polar contact | ATP phosphate 2–3 bridging oxygen;G12 | Polar contact | ATP phosphate 1–2 bridging oxygen;K13 | Polar contact | ATP phosphate 2 unit;K13 | Polar contact | ATP phosphate 3 unit;R47 | Polar contact | dTMP phosphate unit;R90 | Polar contact | ATP phosphate 3 unit;R90 | Polar contact | dTMP phosphate unit;S11 | Polar contact | ATP phosphate 2 unit;T14 | Polar contact | ATP phosphate 2 unit;T15 | Polar contact | ATP phosphate 1 unit,False,D9 | Polar contact | ATP phosphate 2–3 bridging oxygen,D9 | Polar contact | ATP phosphate 3 unit;T14 | Metal contact | Mg2+ ion
Class 66,Class 100,1,AqTMK_193,G10 | Polar contact | ATP phosphate 2–3 bridging oxygen;G12 | Polar contact | ATP phosphate 2 unit;K13 | Polar contact | ATP phosphate 2 unit;K13 | Polar contact | ATP phosphate 3 unit;R90 | Polar contact | ATP phosphate 3 unit;R90 | Polar contact | dTMP phosphate unit;S11 | Polar contact | ATP phosphate 2 unit;T14 | Metal contact | Mg2+ ion;T14 | Polar contact | ATP phosphate 2 unit;T15 | Polar contact | ATP phosphate 1 unit,False,,D9 | Polar contact | ATP phosphate 3 unit;R47 | Polar contact | dTMP phosphate unit
Class 67,Class 101,1,AqTMK_121,D9 | Polar contact | ATP phosphate 3 unit;G10 | Polar contact | ATP phosphate 2–3 bridging oxygen;G12 | Polar contact | ATP phosphate 2 unit;K13 | Polar contact | ATP phosphate 2 unit;K13 | Polar contact | ATP phosphate 3 unit;R90 | Polar contact | ATP phosphate 3 unit;R90 | Polar contact | dTMP phosphate unit;S11 | Polar contact | ATP phosphate 2 unit;T14 | Polar contact | ATP phosphate 2 unit;T15 | Polar contact | ATP phosphate 1 unit,False,,R47 | Polar contact | dTMP phosphate unit;T14 | Metal contact | Mg2+ ion
