raw_plip_interaction,canonical_edge,classes,n_classes,structures,n_structures
O12:ARG145A hydrogen_bonds,R145 | Polar contact | dTMP phosphate unit,class_34;class_39,2,AqTMK_69;AqTMK_217;AqTMK_287,3
O13:ARG145A hydrogen_bonds,R145 | Polar contact | dTMP phosphate unit,class_2,1,AqTMK_30,1
O9:ARG145A hydrogen_bonds,R145 | Polar contact | ATP phosphate 3 unit,class_13;class_17;class_27,3,AqTMK_14;AqTMK_58;AqTMK_60;AqTMK_228,4
P3:ARG145A salt_bridges,R145 | Polar contact | ATP phosphate 3 unit,class_1;class_2;class_3;class_4;class_5;class_6;class_7;class_8;class_9;class_10;class_11;class_12;class_14;class_15;class_16;class_18;class_19;class_20;class_21;class_22;class_23;class_24;class_25;class_26;class_28;class_33;class_36,27,AqTMK_1;AqTMK_2;AqTMK_5;AqTMK_6;AqTMK_8;AqTMK_9;AqTMK_10;AqTMK_12;AqTMK_13;AqTMK_15;AqTMK_16;AqTMK_17;AqTMK_21;AqTMK_22;AqTMK_23;AqTMK_26;AqTMK_28;AqTMK_30;AqTMK_35;AqTMK_37;AqTMK_38;AqTMK_39;AqTMK_41;AqTMK_44;AqTMK_46;AqTMK_65;AqTMK_77;AqTMK_88;AqTMK_97;AqTMK_134;AqTMK_140;AqTMK_207;AqTMK_246,33
P4:ARG145A salt_bridges,R145 | Polar contact | dTMP phosphate unit,class_1;class_3;class_4;class_5;class_7;class_8;class_9;class_10;class_11;class_12;class_13;class_14;class_15;class_16;class_17;class_18;class_19;class_21;class_22;class_23;class_24;class_25;class_28;class_33;class_36;class_75;class_90,27,AqTMK_1;AqTMK_2;AqTMK_6;AqTMK_8;AqTMK_9;AqTMK_12;AqTMK_13;AqTMK_16;AqTMK_17;AqTMK_21;AqTMK_22;AqTMK_23;AqTMK_26;AqTMK_28;AqTMK_35;AqTMK_37;AqTMK_38;AqTMK_39;AqTMK_41;AqTMK_44;AqTMK_46;AqTMK_58;AqTMK_60;AqTMK_65;AqTMK_77;AqTMK_88;AqTMK_97;AqTMK_134;AqTMK_140;AqTMK_184;AqTMK_207;AqTMK_228;AqTMK_246;AqTMK_275,34
P4:ARG35A salt_bridges,R35 | Polar contact | dTMP phosphate unit,class_3;class_4;class_9;class_14;class_17;class_22;class_24;class_25;class_29;class_30;class_31;class_32;class_34;class_35;class_37;class_38;class_45;class_47;class_48;class_49;class_50;class_51;class_52;class_55;class_56;class_57;class_59;class_60;class_61;class_64;class_68;class_73;class_74;class_76;class_78;class_79;class_91;class_92;class_93;class_94;class_95,41,AqTMK_28;AqTMK_35;AqTMK_38;AqTMK_39;AqTMK_65;AqTMK_77;AqTMK_88;AqTMK_98;AqTMK_128;AqTMK_139;AqTMK_173;AqTMK_175;AqTMK_185;AqTMK_195;AqTMK_196;AqTMK_197;AqTMK_200;AqTMK_208;AqTMK_211;AqTMK_214;AqTMK_217;AqTMK_220;AqTMK_223;AqTMK_228;AqTMK_229;AqTMK_230;AqTMK_238;AqTMK_240;AqTMK_242;AqTMK_244;AqTMK_257;AqTMK_259;AqTMK_261;AqTMK_262;AqTMK_270;AqTMK_276;AqTMK_277;AqTMK_279;AqTMK_281;AqTMK_284;AqTMK_285;AqTMK_290;AqTMK_295;AqTMK_299;AqTMK_300;AqTMK_311,46
O14:ARG47A hydrogen_bonds,R47 | Polar contact | dTMP phosphate unit,class_3;class_8;class_15;class_17;class_20;class_31;class_42;class_50;class_55;class_57;class_61;class_63;class_77;class_85;class_87;class_92;class_96;class_97,18,AqTMK_15;AqTMK_26;AqTMK_33;AqTMK_35;AqTMK_43;AqTMK_73;AqTMK_76;AqTMK_85;AqTMK_102;AqTMK_109;AqTMK_118;AqTMK_123;AqTMK_134;AqTMK_171;AqTMK_185;AqTMK_186;AqTMK_188;AqTMK_211;AqTMK_220;AqTMK_223;AqTMK_228;AqTMK_259;AqTMK_270;AqTMK_274;AqTMK_285;AqTMK_286;AqTMK_311,27
P4:ARG47A salt_bridges,R47 | Polar contact | dTMP phosphate unit,class_1;class_2;class_4;class_5;class_6;class_7;class_9;class_11;class_12;class_13;class_14;class_16;class_18;class_21;class_23;class_24;class_26;class_27;class_28;class_29;class_30;class_32;class_33;class_34;class_35;class_36;class_38;class_39;class_40;class_41;class_43;class_44;class_46;class_47;class_48;class_49;class_51;class_52;class_53;class_54;class_56;class_58;class_59;class_60;class_62;class_64;class_65;class_66;class_67;class_68;class_69;class_71;class_72;class_73;class_75;class_80;class_81;class_82;class_83;class_84;class_86;class_88;class_89;class_90;class_93;class_94;class_98;class_99,68,AqTMK_1;AqTMK_2;AqTMK_5;AqTMK_6;AqTMK_8;AqTMK_10;AqTMK_12;AqTMK_13;AqTMK_14;AqTMK_16;AqTMK_17;AqTMK_21;AqTMK_22;AqTMK_23;AqTMK_30;AqTMK_37;AqTMK_38;AqTMK_39;AqTMK_44;AqTMK_45;AqTMK_46;AqTMK_47;AqTMK_48;AqTMK_49;AqTMK_50;AqTMK_53;AqTMK_54;AqTMK_56;AqTMK_57;AqTMK_58;AqTMK_59;AqTMK_60;AqTMK_62;AqTMK_63;AqTMK_65;AqTMK_66;AqTMK_68;AqTMK_69;AqTMK_70;AqTMK_72;AqTMK_79;AqTMK_81;AqTMK_82;AqTMK_84;AqTMK_87;AqTMK_88;AqTMK_89;AqTMK_91;AqTMK_92;AqTMK_93;AqTMK_94;AqTMK_95;AqTMK_97;AqTMK_98;AqTMK_99;AqTMK_101;AqTMK_103;AqTMK_104;AqTMK_106;AqTMK_108;AqTMK_110;AqTMK_111;AqTMK_112;AqTMK_114;AqTMK_116;AqTMK_117;AqTMK_119;AqTMK_120;AqTMK_122;AqTMK_124;AqTMK_128;AqTMK_131;AqTMK_132;AqTMK_133;AqTMK_140;AqTMK_149;AqTMK_153;AqTMK_155;AqTMK_156;AqTMK_159;AqTMK_163;AqTMK_165;AqTMK_167;AqTMK_172;AqTMK_173;AqTMK_175;AqTMK_178;AqTMK_179;AqTMK_181;AqTMK_184;AqTMK_187;AqTMK_196;AqTMK_197;AqTMK_198;AqTMK_200;AqTMK_201;AqTMK_207;AqTMK_208;AqTMK_214;AqTMK_217;AqTMK_218;AqTMK_219;AqTMK_224;AqTMK_229;AqTMK_230;AqTMK_231;AqTMK_233;AqTMK_234;AqTMK_236;AqTMK_237;AqTMK_238;AqTMK_240;AqTMK_244;AqTMK_245;AqTMK_246;AqTMK_249;AqTMK_253;AqTMK_257;AqTMK_262;AqTMK_263;AqTMK_264;AqTMK_267;AqTMK_272;AqTMK_273;AqTMK_275;AqTMK_276;AqTMK_281;AqTMK_284;AqTMK_287;AqTMK_288;AqTMK_292;AqTMK_295;AqTMK_309,133
O10:ARG90A hydrogen_bonds,R90 | Polar contact | ATP phosphate 3 unit,class_4;class_9;class_12;class_16;class_32;class_34;class_47;class_53;class_54;class_56;class_60;class_61;class_65;class_69;class_71;class_72;class_73;class_74;class_76;class_77;class_79;class_87;class_88;class_95;class_99,25,AqTMK_39;AqTMK_46;AqTMK_65;AqTMK_97;AqTMK_123;AqTMK_140;AqTMK_149;AqTMK_153;AqTMK_167;AqTMK_179;AqTMK_181;AqTMK_187;AqTMK_196;AqTMK_197;AqTMK_198;AqTMK_217;AqTMK_219;AqTMK_224;AqTMK_231;AqTMK_233;AqTMK_234;AqTMK_237;AqTMK_240;AqTMK_242;AqTMK_245;AqTMK_249;AqTMK_257;AqTMK_262;AqTMK_264;AqTMK_267;AqTMK_272;AqTMK_277;AqTMK_279;AqTMK_286;AqTMK_295;AqTMK_299;AqTMK_300;AqTMK_311,38
O6:ARG90A hydrogen_bonds,R90 | Polar contact | ATP phosphate 2 unit,class_43,1,AqTMK_111,1
P2:ARG90A salt_bridges,R90 | Polar contact | ATP phosphate 2 unit,class_49;class_89,2,AqTMK_178;AqTMK_208,2
P3:ARG90A salt_bridges,R90 | Polar contact | ATP phosphate 3 unit,class_1;class_2;class_3;class_5;class_6;class_7;class_8;class_10;class_11;class_13;class_15;class_17;class_18;class_19;class_20;class_21;class_22;class_23;class_26;class_27;class_29;class_30;class_31;class_35;class_36;class_37;class_38;class_39;class_40;class_41;class_42;class_43;class_44;class_45;class_46;class_48;class_49;class_50;class_51;class_55;class_57;class_58;class_62;class_63;class_64;class_66;class_67;class_68;class_70;class_78;class_80;class_81;class_82;class_83;class_84;class_85;class_86;class_89;class_90;class_91;class_96;class_97;class_98;class_100;class_101,65,AqTMK_1;AqTMK_2;AqTMK_5;AqTMK_6;AqTMK_8;AqTMK_9;AqTMK_10;AqTMK_12;AqTMK_13;AqTMK_14;AqTMK_15;AqTMK_16;AqTMK_17;AqTMK_21;AqTMK_22;AqTMK_26;AqTMK_28;AqTMK_30;AqTMK_33;AqTMK_35;AqTMK_37;AqTMK_41;AqTMK_43;AqTMK_44;AqTMK_45;AqTMK_47;AqTMK_48;AqTMK_49;AqTMK_50;AqTMK_53;AqTMK_54;AqTMK_56;AqTMK_57;AqTMK_58;AqTMK_59;AqTMK_60;AqTMK_62;AqTMK_63;AqTMK_66;AqTMK_68;AqTMK_69;AqTMK_70;AqTMK_72;AqTMK_73;AqTMK_76;AqTMK_79;AqTMK_81;AqTMK_82;AqTMK_84;AqTMK_85;AqTMK_87;AqTMK_89;AqTMK_91;AqTMK_92;AqTMK_93;AqTMK_94;AqTMK_95;AqTMK_98;AqTMK_99;AqTMK_101;AqTMK_102;AqTMK_103;AqTMK_104;AqTMK_106;AqTMK_108;AqTMK_109;AqTMK_110;AqTMK_111;AqTMK_112;AqTMK_114;AqTMK_116;AqTMK_117;AqTMK_118;AqTMK_119;AqTMK_120;AqTMK_121;AqTMK_122;AqTMK_124;AqTMK_128;AqTMK_131;AqTMK_132;AqTMK_133;AqTMK_134;AqTMK_139;AqTMK_155;AqTMK_156;AqTMK_159;AqTMK_163;AqTMK_165;AqTMK_171;AqTMK_172;AqTMK_173;AqTMK_175;AqTMK_178;AqTMK_184;AqTMK_185;AqTMK_186;AqTMK_188;AqTMK_191;AqTMK_193;AqTMK_195;AqTMK_200;AqTMK_201;AqTMK_208;AqTMK_214;AqTMK_218;AqTMK_220;AqTMK_223;AqTMK_228;AqTMK_229;AqTMK_236;AqTMK_244;AqTMK_246;AqTMK_253;AqTMK_259;AqTMK_261;AqTMK_263;AqTMK_270;AqTMK_273;AqTMK_274;AqTMK_281;AqTMK_285;AqTMK_287;AqTMK_288;AqTMK_290;AqTMK_292;AqTMK_309,127
P4:ARG90A salt_bridges,R90 | Polar contact | dTMP phosphate unit,class_1;class_2;class_3;class_4;class_5;class_6;class_7;class_8;class_9;class_10;class_11;class_12;class_13;class_14;class_15;class_16;class_17;class_18;class_19;class_20;class_21;class_22;class_23;class_24;class_25;class_26;class_27;class_28;class_29;class_30;class_31;class_32;class_33;class_34;class_35;class_36;class_37;class_38;class_39;class_40;class_41;class_42;class_43;class_44;class_45;class_46;class_47;class_48;class_49;class_50;class_51;class_52;class_53;class_54;class_55;class_56;class_57;class_58;class_59;class_60;class_61;class_62;class_63;class_64;class_65;class_66;class_67;class_68;class_69;class_70;class_71;class_72;class_73;class_74;class_75;class_76;class_77;class_78;class_79;class_80;class_81;class_82;class_83;class_84;class_85;class_86;class_87;class_88;class_89;class_90;class_91;class_92;class_93;class_95;class_96;class_97;class_98;class_99;class_100;class_101,100,AqTMK_1;AqTMK_2;AqTMK_5;AqTMK_6;AqTMK_8;AqTMK_9;AqTMK_10;AqTMK_12;AqTMK_13;AqTMK_14;AqTMK_15;AqTMK_16;AqTMK_17;AqTMK_21;AqTMK_22;AqTMK_23;AqTMK_26;AqTMK_28;AqTMK_30;AqTMK_33;AqTMK_35;AqTMK_37;AqTMK_38;AqTMK_39;AqTMK_41;AqTMK_43;AqTMK_44;AqTMK_45;AqTMK_46;AqTMK_47;AqTMK_48;AqTMK_49;AqTMK_50;AqTMK_53;AqTMK_54;AqTMK_56;AqTMK_57;AqTMK_58;AqTMK_59;AqTMK_60;AqTMK_62;AqTMK_63;AqTMK_65;AqTMK_66;AqTMK_68;AqTMK_69;AqTMK_70;AqTMK_72;AqTMK_73;AqTMK_76;AqTMK_77;AqTMK_79;AqTMK_81;AqTMK_82;AqTMK_84;AqTMK_85;AqTMK_87;AqTMK_88;AqTMK_89;AqTMK_91;AqTMK_92;AqTMK_93;AqTMK_94;AqTMK_95;AqTMK_97;AqTMK_98;AqTMK_99;AqTMK_101;AqTMK_102;AqTMK_103;AqTMK_104;AqTMK_106;AqTMK_108;AqTMK_109;AqTMK_110;AqTMK_111;AqTMK_112;AqTMK_114;AqTMK_116;AqTMK_117;AqTMK_118;AqTMK_119;AqTMK_120;AqTMK_121;AqTMK_122;AqTMK_123;AqTMK_124;AqTMK_128;AqTMK_131;AqTMK_132;AqTMK_133;AqTMK_134;AqTMK_139;AqTMK_140;AqTMK_149;AqTMK_153;AqTMK_155;AqTMK_156;AqTMK_159;AqTMK_163;AqTMK_165;AqTMK_167;AqTMK_171;AqTMK_172;AqTMK_173;AqTMK_175;AqTMK_178;AqTMK_179;AqTMK_181;AqTMK_184;AqTMK_185;AqTMK_186;AqTMK_187;AqTMK_188;AqTMK_191;AqTMK_193;AqTMK_195;AqTMK_196;AqTMK_197;AqTMK_198;AqTMK_200;AqTMK_201;AqTMK_207;AqTMK_208;AqTMK_211;AqTMK_214;AqTMK_217;AqTMK_218;AqTMK_219;AqTMK_220;AqTMK_223;AqTMK_224;AqTMK_228;AqTMK_229;AqTMK_230;AqTMK_231;AqTMK_233;AqTMK_234;AqTMK_236;AqTMK_237;AqTMK_238;AqTMK_240;AqTMK_242;AqTMK_244;AqTMK_245;AqTMK_246;AqTMK_249;AqTMK_253;AqTMK_257;AqTMK_259;AqTMK_261;AqTMK_262;AqTMK_263;AqTMK_264;AqTMK_267;AqTMK_270;AqTMK_272;AqTMK_273;AqTMK_274;AqTMK_275;AqTMK_277;AqTMK_279;AqTMK_281;AqTMK_284;AqTMK_285;AqTMK_286;AqTMK_287;AqTMK_288;AqTMK_290;AqTMK_292;AqTMK_295;AqTMK_299;AqTMK_300;AqTMK_309;AqTMK_311,175
O9:ASN144A hydrogen_bonds,N144 | Polar contact | ATP phosphate 3 unit,class_43;class_53,2,AqTMK_111;AqTMK_231,2
O10:ASP9A hydrogen_bonds,D9 | Polar contact | ATP phosphate 3 unit,class_1;class_2;class_3;class_4;class_5;class_6;class_7;class_8;class_9;class_10;class_11;class_12;class_13;class_14;class_15;class_16;class_17;class_18;class_19;class_20;class_21;class_22;class_23;class_24;class_25;class_26;class_27;class_28;class_29;class_30;class_31;class_32;class_33;class_34;class_35;class_36;class_37;class_38;class_39;class_40;class_41;class_42;class_43;class_44;class_45;class_47;class_48;class_50;class_51;class_52;class_53;class_54;class_56;class_57;class_58;class_59;class_60;class_61;class_62;class_63;class_64;class_67;class_68;class_69;class_70;class_72;class_75;class_77;class_78;class_79;class_80;class_81;class_82;class_83;class_85;class_86;class_87;class_88;class_90;class_91;class_93;class_94;class_95;class_96;class_97;class_98;class_101,87,AqTMK_1;AqTMK_2;AqTMK_5;AqTMK_6;AqTMK_8;AqTMK_9;AqTMK_10;AqTMK_12;AqTMK_13;AqTMK_14;AqTMK_15;AqTMK_16;AqTMK_17;AqTMK_21;AqTMK_22;AqTMK_23;AqTMK_26;AqTMK_28;AqTMK_30;AqTMK_33;AqTMK_35;AqTMK_37;AqTMK_38;AqTMK_39;AqTMK_41;AqTMK_43;AqTMK_44;AqTMK_45;AqTMK_46;AqTMK_47;AqTMK_48;AqTMK_49;AqTMK_50;AqTMK_53;AqTMK_54;AqTMK_56;AqTMK_58;AqTMK_59;AqTMK_60;AqTMK_62;AqTMK_63;AqTMK_65;AqTMK_66;AqTMK_68;AqTMK_69;AqTMK_70;AqTMK_72;AqTMK_73;AqTMK_76;AqTMK_77;AqTMK_79;AqTMK_81;AqTMK_82;AqTMK_84;AqTMK_85;AqTMK_87;AqTMK_88;AqTMK_89;AqTMK_91;AqTMK_92;AqTMK_93;AqTMK_95;AqTMK_97;AqTMK_98;AqTMK_99;AqTMK_101;AqTMK_102;AqTMK_103;AqTMK_104;AqTMK_106;AqTMK_108;AqTMK_109;AqTMK_110;AqTMK_111;AqTMK_112;AqTMK_114;AqTMK_116;AqTMK_117;AqTMK_118;AqTMK_119;AqTMK_120;AqTMK_121;AqTMK_123;AqTMK_124;AqTMK_128;AqTMK_131;AqTMK_133;AqTMK_134;AqTMK_139;AqTMK_140;AqTMK_159;AqTMK_163;AqTMK_165;AqTMK_167;AqTMK_171;AqTMK_172;AqTMK_173;AqTMK_175;AqTMK_179;AqTMK_184;AqTMK_185;AqTMK_186;AqTMK_187;AqTMK_188;AqTMK_191;AqTMK_195;AqTMK_196;AqTMK_197;AqTMK_200;AqTMK_207;AqTMK_214;AqTMK_217;AqTMK_218;AqTMK_220;AqTMK_223;AqTMK_228;AqTMK_229;AqTMK_230;AqTMK_231;AqTMK_233;AqTMK_234;AqTMK_236;AqTMK_237;AqTMK_238;AqTMK_244;AqTMK_245;AqTMK_246;AqTMK_249;AqTMK_253;AqTMK_257;AqTMK_261;AqTMK_262;AqTMK_263;AqTMK_267;AqTMK_270;AqTMK_272;AqTMK_273;AqTMK_274;AqTMK_275;AqTMK_276;AqTMK_277;AqTMK_281;AqTMK_284;AqTMK_285;AqTMK_286;AqTMK_287;AqTMK_288;AqTMK_290;AqTMK_292;AqTMK_295;AqTMK_299;AqTMK_300;AqTMK_309;AqTMK_311,154
O13:ASP9A hydrogen_bonds,D9 | Polar contact | dTMP phosphate unit,class_17;class_37;class_50;class_76,4,AqTMK_223;AqTMK_228;AqTMK_261;AqTMK_279,4
O8:ASP9A hydrogen_bonds,D9 | Polar contact | ATP phosphate 2–3 bridging oxygen,class_46;class_49;class_55;class_65;class_66;class_71;class_73;class_74;class_76;class_89;class_92;class_99,12,AqTMK_149;AqTMK_153;AqTMK_155;AqTMK_156;AqTMK_178;AqTMK_181;AqTMK_198;AqTMK_208;AqTMK_211;AqTMK_219;AqTMK_224;AqTMK_240;AqTMK_242;AqTMK_259;AqTMK_264;AqTMK_279,16
O10:GLY10A hydrogen_bonds,G10 | Polar contact | ATP phosphate 3 unit,class_86,1,AqTMK_110,1
O8:GLY10A hydrogen_bonds,G10 | Polar contact | ATP phosphate 2–3 bridging oxygen,class_1;class_2;class_3;class_4;class_5;class_6;class_7;class_8;class_9;class_10;class_11;class_12;class_13;class_14;class_15;class_16;class_17;class_18;class_19;class_20;class_21;class_22;class_23;class_24;class_25;class_26;class_27;class_28;class_29;class_30;class_31;class_32;class_33;class_34;class_35;class_36;class_37;class_38;class_39;class_40;class_41;class_42;class_43;class_44;class_45;class_46;class_47;class_48;class_49;class_50;class_51;class_52;class_53;class_54;class_55;class_56;class_57;class_58;class_59;class_60;class_61;class_62;class_63;class_64;class_65;class_66;class_67;class_68;class_69;class_70;class_71;class_72;class_73;class_74;class_75;class_76;class_77;class_78;class_79;class_80;class_81;class_82;class_83;class_84;class_85;class_87;class_88;class_89;class_90;class_91;class_92;class_93;class_94;class_95;class_96;class_97;class_98;class_99;class_100;class_101,100,AqTMK_1;AqTMK_2;AqTMK_5;AqTMK_6;AqTMK_8;AqTMK_9;AqTMK_10;AqTMK_12;AqTMK_13;AqTMK_14;AqTMK_15;AqTMK_16;AqTMK_17;AqTMK_21;AqTMK_22;AqTMK_23;AqTMK_26;AqTMK_28;AqTMK_30;AqTMK_33;AqTMK_35;AqTMK_37;AqTMK_38;AqTMK_39;AqTMK_41;AqTMK_43;AqTMK_44;AqTMK_45;AqTMK_46;AqTMK_47;AqTMK_48;AqTMK_49;AqTMK_50;AqTMK_53;AqTMK_54;AqTMK_56;AqTMK_57;AqTMK_58;AqTMK_59;AqTMK_60;AqTMK_62;AqTMK_63;AqTMK_65;AqTMK_66;AqTMK_68;AqTMK_69;AqTMK_70;AqTMK_72;AqTMK_73;AqTMK_76;AqTMK_77;AqTMK_79;AqTMK_81;AqTMK_82;AqTMK_84;AqTMK_85;AqTMK_87;AqTMK_88;AqTMK_89;AqTMK_91;AqTMK_92;AqTMK_93;AqTMK_94;AqTMK_95;AqTMK_97;AqTMK_98;AqTMK_99;AqTMK_101;AqTMK_102;AqTMK_103;AqTMK_104;AqTMK_106;AqTMK_108;AqTMK_109;AqTMK_111;AqTMK_112;AqTMK_114;AqTMK_116;AqTMK_117;AqTMK_118;AqTMK_119;AqTMK_120;AqTMK_121;AqTMK_122;AqTMK_123;AqTMK_124;AqTMK_128;AqTMK_131;AqTMK_132;AqTMK_133;AqTMK_134;AqTMK_139;AqTMK_140;AqTMK_149;AqTMK_153;AqTMK_155;AqTMK_156;AqTMK_159;AqTMK_163;AqTMK_165;AqTMK_167;AqTMK_171;AqTMK_172;AqTMK_173;AqTMK_175;AqTMK_178;AqTMK_179;AqTMK_181;AqTMK_184;AqTMK_185;AqTMK_186;AqTMK_187;AqTMK_188;AqTMK_191;AqTMK_193;AqTMK_195;AqTMK_196;AqTMK_197;AqTMK_198;AqTMK_200;AqTMK_201;AqTMK_207;AqTMK_208;AqTMK_211;AqTMK_214;AqTMK_217;AqTMK_218;AqTMK_219;AqTMK_220;AqTMK_223;AqTMK_224;AqTMK_228;AqTMK_229;AqTMK_230;AqTMK_231;AqTMK_233;AqTMK_234;AqTMK_236;AqTMK_237;AqTMK_238;AqTMK_240;AqTMK_242;AqTMK_244;AqTMK_245;AqTMK_246;AqTMK_249;AqTMK_253;AqTMK_257;AqTMK_259;AqTMK_261;AqTMK_262;AqTMK_263;AqTMK_264;AqTMK_267;AqTMK_270;AqTMK_272;AqTMK_273;AqTMK_274;AqTMK_275;AqTMK_276;AqTMK_277;AqTMK_279;AqTMK_281;AqTMK_284;AqTMK_285;AqTMK_286;AqTMK_287;AqTMK_288;AqTMK_290;AqTMK_292;AqTMK_295;AqTMK_299;AqTMK_300;AqTMK_309;AqTMK_311,175
O5:GLY12A hydrogen_bonds,G12 | Polar contact | ATP phosphate 1–2 bridging oxygen,class_3;class_21;class_25;class_34;class_36;class_38;class_46;class_47;class_49;class_51;class_52;class_53;class_55;class_61;class_66;class_67;class_71;class_72;class_73;class_74;class_75;class_76;class_77;class_79;class_81;class_92;class_93;class_95;class_99,29,AqTMK_17;AqTMK_35;AqTMK_45;AqTMK_77;AqTMK_153;AqTMK_155;AqTMK_156;AqTMK_159;AqTMK_197;AqTMK_208;AqTMK_211;AqTMK_217;AqTMK_219;AqTMK_229;AqTMK_230;AqTMK_231;AqTMK_234;AqTMK_238;AqTMK_240;AqTMK_242;AqTMK_245;AqTMK_246;AqTMK_257;AqTMK_259;AqTMK_264;AqTMK_272;AqTMK_275;AqTMK_277;AqTMK_279;AqTMK_281;AqTMK_286;AqTMK_292;AqTMK_299;AqTMK_300;AqTMK_311,35
O7:GLY12A hydrogen_bonds,G12 | Polar contact | ATP phosphate 2 unit,class_1;class_2;class_4;class_5;class_6;class_7;class_8;class_9;class_10;class_11;class_12;class_14;class_15;class_16;class_17;class_18;class_19;class_20;class_22;class_23;class_24;class_26;class_27;class_28;class_29;class_30;class_31;class_32;class_33;class_35;class_37;class_39;class_40;class_41;class_42;class_43;class_44;class_45;class_48;class_50;class_54;class_56;class_57;class_58;class_59;class_60;class_62;class_63;class_64;class_65;class_68;class_69;class_70;class_78;class_80;class_82;class_83;class_84;class_85;class_86;class_87;class_88;class_89;class_90;class_91;class_94;class_96;class_97;class_98;class_100;class_101,71,AqTMK_1;AqTMK_2;AqTMK_5;AqTMK_6;AqTMK_8;AqTMK_9;AqTMK_10;AqTMK_12;AqTMK_13;AqTMK_14;AqTMK_15;AqTMK_16;AqTMK_21;AqTMK_22;AqTMK_23;AqTMK_26;AqTMK_28;AqTMK_30;AqTMK_33;AqTMK_37;AqTMK_38;AqTMK_39;AqTMK_41;AqTMK_43;AqTMK_44;AqTMK_46;AqTMK_47;AqTMK_48;AqTMK_49;AqTMK_50;AqTMK_53;AqTMK_54;AqTMK_56;AqTMK_57;AqTMK_59;AqTMK_62;AqTMK_63;AqTMK_65;AqTMK_66;AqTMK_68;AqTMK_69;AqTMK_70;AqTMK_72;AqTMK_73;AqTMK_76;AqTMK_79;AqTMK_81;AqTMK_82;AqTMK_84;AqTMK_85;AqTMK_87;AqTMK_88;AqTMK_89;AqTMK_91;AqTMK_92;AqTMK_93;AqTMK_94;AqTMK_95;AqTMK_97;AqTMK_98;AqTMK_99;AqTMK_101;AqTMK_102;AqTMK_103;AqTMK_104;AqTMK_106;AqTMK_108;AqTMK_109;AqTMK_110;AqTMK_111;AqTMK_112;AqTMK_114;AqTMK_116;AqTMK_117;AqTMK_118;AqTMK_119;AqTMK_120;AqTMK_121;AqTMK_122;AqTMK_123;AqTMK_124;AqTMK_128;AqTMK_131;AqTMK_132;AqTMK_133;AqTMK_134;AqTMK_139;AqTMK_140;AqTMK_149;AqTMK_163;AqTMK_165;AqTMK_167;AqTMK_171;AqTMK_172;AqTMK_173;AqTMK_175;AqTMK_178;AqTMK_179;AqTMK_181;AqTMK_184;AqTMK_185;AqTMK_186;AqTMK_187;AqTMK_188;AqTMK_191;AqTMK_193;AqTMK_195;AqTMK_196;AqTMK_198;AqTMK_200;AqTMK_201;AqTMK_207;AqTMK_214;AqTMK_218;AqTMK_220;AqTMK_223;AqTMK_224;AqTMK_228;AqTMK_233;AqTMK_236;AqTMK_237;AqTMK_244;AqTMK_249;AqTMK_253;AqTMK_261;AqTMK_262;AqTMK_263;AqTMK_267;AqTMK_270;AqTMK_273;AqTMK_274;AqTMK_276;AqTMK_284;AqTMK_285;AqTMK_287;AqTMK_288;AqTMK_290;AqTMK_295;AqTMK_309,139
O8:GLY12A hydrogen_bonds,G12 | Polar contact | ATP phosphate 2–3 bridging oxygen,class_13,1,AqTMK_58;AqTMK_60,2
O7:LYS13A hydrogen_bonds,K13 | Polar contact | ATP phosphate 2 unit,class_1;class_2;class_3;class_4;class_5;class_6;class_7;class_8;class_9;class_10;class_11;class_12;class_13;class_14;class_15;class_16;class_17;class_18;class_19;class_20;class_21;class_22;class_23;class_24;class_25;class_26;class_27;class_28;class_29;class_30;class_31;class_32;class_33;class_34;class_35;class_36;class_37;class_38;class_39;class_40;class_41;class_42;class_43;class_44;class_45;class_46;class_47;class_48;class_49;class_50;class_51;class_52;class_53;class_54;class_55;class_56;class_57;class_58;class_59;class_60;class_61;class_62;class_63;class_64;class_65;class_66;class_67;class_68;class_69;class_70;class_71;class_72;class_73;class_74;class_75;class_76;class_77;class_78;class_79;class_80;class_81;class_82;class_83;class_84;class_85;class_86;class_87;class_88;class_89;class_90;class_91;class_92;class_93;class_94;class_95;class_96;class_97;class_98;class_99;class_100;class_101,101,AqTMK_1;AqTMK_2;AqTMK_5;AqTMK_6;AqTMK_8;AqTMK_9;AqTMK_10;AqTMK_12;AqTMK_13;AqTMK_14;AqTMK_15;AqTMK_16;AqTMK_17;AqTMK_21;AqTMK_22;AqTMK_23;AqTMK_26;AqTMK_28;AqTMK_30;AqTMK_33;AqTMK_35;AqTMK_37;AqTMK_38;AqTMK_39;AqTMK_41;AqTMK_43;AqTMK_44;AqTMK_45;AqTMK_46;AqTMK_47;AqTMK_48;AqTMK_49;AqTMK_50;AqTMK_53;AqTMK_54;AqTMK_56;AqTMK_57;AqTMK_58;AqTMK_59;AqTMK_60;AqTMK_62;AqTMK_63;AqTMK_65;AqTMK_66;AqTMK_68;AqTMK_69;AqTMK_70;AqTMK_72;AqTMK_73;AqTMK_76;AqTMK_77;AqTMK_79;AqTMK_81;AqTMK_82;AqTMK_84;AqTMK_85;AqTMK_87;AqTMK_88;AqTMK_89;AqTMK_91;AqTMK_92;AqTMK_93;AqTMK_94;AqTMK_95;AqTMK_97;AqTMK_98;AqTMK_99;AqTMK_101;AqTMK_102;AqTMK_103;AqTMK_104;AqTMK_106;AqTMK_108;AqTMK_109;AqTMK_110;AqTMK_111;AqTMK_112;AqTMK_114;AqTMK_116;AqTMK_117;AqTMK_118;AqTMK_119;AqTMK_120;AqTMK_121;AqTMK_122;AqTMK_123;AqTMK_124;AqTMK_128;AqTMK_131;AqTMK_132;AqTMK_133;AqTMK_134;AqTMK_139;AqTMK_140;AqTMK_149;AqTMK_153;AqTMK_155;AqTMK_156;AqTMK_159;AqTMK_163;AqTMK_165;AqTMK_167;AqTMK_171;AqTMK_172;AqTMK_173;AqTMK_175;AqTMK_178;AqTMK_179;AqTMK_181;AqTMK_184;AqTMK_185;AqTMK_186;AqTMK_187;AqTMK_188;AqTMK_191;AqTMK_193;AqTMK_195;AqTMK_196;AqTMK_197;AqTMK_198;AqTMK_200;AqTMK_201;AqTMK_207;AqTMK_208;AqTMK_211;AqTMK_214;AqTMK_217;AqTMK_218;AqTMK_219;AqTMK_220;AqTMK_223;AqTMK_224;AqTMK_228;AqTMK_229;AqTMK_230;AqTMK_231;AqTMK_233;AqTMK_234;AqTMK_236;AqTMK_237;AqTMK_238;AqTMK_240;AqTMK_242;AqTMK_244;AqTMK_245;AqTMK_246;AqTMK_249;AqTMK_253;AqTMK_257;AqTMK_259;AqTMK_261;AqTMK_262;AqTMK_263;AqTMK_264;AqTMK_267;AqTMK_270;AqTMK_272;AqTMK_273;AqTMK_274;AqTMK_275;AqTMK_276;AqTMK_277;AqTMK_279;AqTMK_281;AqTMK_284;AqTMK_285;AqTMK_286;AqTMK_287;AqTMK_288;AqTMK_290;AqTMK_292;AqTMK_295;AqTMK_299;AqTMK_300;AqTMK_309;AqTMK_311,176
P2:LYS13A salt_bridges,K13 | Polar contact | ATP phosphate 2 unit,class_1;class_2;class_3;class_4;class_5;class_6;class_7;class_8;class_9;class_10;class_11;class_12;class_13;class_14;class_15;class_16;class_17;class_18;class_19;class_20;class_21;class_22;class_23;class_24;class_25;class_26;class_27;class_28;class_29;class_30;class_31;class_32;class_33;class_34;class_35;class_36;class_37;class_38;class_39;class_40;class_41;class_42;class_43;class_44;class_45;class_46;class_47;class_48;class_49;class_50;class_51;class_52;class_53;class_54;class_55;class_56;class_57;class_58;class_59;class_60;class_61;class_62;class_63;class_64;class_65;class_66;class_67;class_68;class_69;class_70;class_71;class_72;class_73;class_74;class_75;class_76;class_77;class_78;class_79;class_80;class_81;class_82;class_83;class_84;class_85;class_86;class_87;class_88;class_89;class_90;class_91;class_92;class_93;class_94;class_95;class_96;class_97;class_98;class_99;class_100;class_101,101,AqTMK_1;AqTMK_2;AqTMK_5;AqTMK_6;AqTMK_8;AqTMK_9;AqTMK_10;AqTMK_12;AqTMK_13;AqTMK_14;AqTMK_15;AqTMK_16;AqTMK_17;AqTMK_21;AqTMK_22;AqTMK_23;AqTMK_26;AqTMK_28;AqTMK_30;AqTMK_33;AqTMK_35;AqTMK_37;AqTMK_38;AqTMK_39;AqTMK_41;AqTMK_43;AqTMK_44;AqTMK_45;AqTMK_46;AqTMK_47;AqTMK_48;AqTMK_49;AqTMK_50;AqTMK_53;AqTMK_54;AqTMK_56;AqTMK_57;AqTMK_58;AqTMK_59;AqTMK_60;AqTMK_62;AqTMK_63;AqTMK_65;AqTMK_66;AqTMK_68;AqTMK_69;AqTMK_70;AqTMK_72;AqTMK_73;AqTMK_76;AqTMK_77;AqTMK_79;AqTMK_81;AqTMK_82;AqTMK_84;AqTMK_85;AqTMK_87;AqTMK_88;AqTMK_89;AqTMK_91;AqTMK_92;AqTMK_93;AqTMK_94;AqTMK_95;AqTMK_97;AqTMK_98;AqTMK_99;AqTMK_101;AqTMK_102;AqTMK_103;AqTMK_104;AqTMK_106;AqTMK_108;AqTMK_109;AqTMK_110;AqTMK_111;AqTMK_112;AqTMK_114;AqTMK_116;AqTMK_117;AqTMK_118;AqTMK_119;AqTMK_120;AqTMK_121;AqTMK_122;AqTMK_123;AqTMK_124;AqTMK_128;AqTMK_131;AqTMK_132;AqTMK_133;AqTMK_134;AqTMK_139;AqTMK_140;AqTMK_149;AqTMK_153;AqTMK_155;AqTMK_156;AqTMK_159;AqTMK_163;AqTMK_165;AqTMK_167;AqTMK_171;AqTMK_172;AqTMK_173;AqTMK_175;AqTMK_178;AqTMK_179;AqTMK_181;AqTMK_184;AqTMK_185;AqTMK_186;AqTMK_187;AqTMK_188;AqTMK_191;AqTMK_193;AqTMK_195;AqTMK_196;AqTMK_197;AqTMK_198;AqTMK_200;AqTMK_201;AqTMK_207;AqTMK_208;AqTMK_211;AqTMK_214;AqTMK_217;AqTMK_218;AqTMK_219;AqTMK_220;AqTMK_223;AqTMK_224;AqTMK_228;AqTMK_229;AqTMK_230;AqTMK_231;AqTMK_233;AqTMK_234;AqTMK_236;AqTMK_237;AqTMK_238;AqTMK_240;AqTMK_242;AqTMK_244;AqTMK_245;AqTMK_246;AqTMK_249;AqTMK_253;AqTMK_257;AqTMK_259;AqTMK_261;AqTMK_262;AqTMK_263;AqTMK_264;AqTMK_267;AqTMK_270;AqTMK_272;AqTMK_273;AqTMK_274;AqTMK_275;AqTMK_276;AqTMK_277;AqTMK_279;AqTMK_281;AqTMK_284;AqTMK_285;AqTMK_286;AqTMK_287;AqTMK_288;AqTMK_290;AqTMK_292;AqTMK_295;AqTMK_299;AqTMK_300;AqTMK_309;AqTMK_311,176
P3:LYS13A salt_bridges,K13 | Polar contact | ATP phosphate 3 unit,class_1;class_2;class_3;class_4;class_5;class_6;class_7;class_8;class_9;class_10;class_11;class_12;class_13;class_14;class_15;class_16;class_17;class_18;class_19;class_20;class_21;class_22;class_23;class_24;class_25;class_26;class_27;class_28;class_29;class_30;class_31;class_32;class_33;class_34;class_35;class_36;class_37;class_38;class_39;class_40;class_41;class_42;class_43;class_44;class_45;class_46;class_47;class_48;class_49;class_50;class_51;class_52;class_53;class_54;class_55;class_56;class_57;class_58;class_59;class_60;class_61;class_62;class_63;class_64;class_65;class_66;class_67;class_68;class_69;class_70;class_71;class_72;class_73;class_74;class_75;class_76;class_77;class_78;class_79;class_80;class_81;class_82;class_83;class_84;class_85;class_86;class_87;class_88;class_89;class_90;class_91;class_92;class_93;class_94;class_95;class_96;class_97;class_98;class_99;class_100;class_101,101,AqTMK_1;AqTMK_2;AqTMK_5;AqTMK_6;AqTMK_8;AqTMK_9;AqTMK_10;AqTMK_12;AqTMK_13;AqTMK_14;AqTMK_15;AqTMK_16;AqTMK_17;AqTMK_21;AqTMK_22;AqTMK_23;AqTMK_26;AqTMK_28;AqTMK_30;AqTMK_33;AqTMK_35;AqTMK_37;AqTMK_38;AqTMK_39;AqTMK_41;AqTMK_43;AqTMK_44;AqTMK_45;AqTMK_46;AqTMK_47;AqTMK_48;AqTMK_49;AqTMK_50;AqTMK_53;AqTMK_54;AqTMK_56;AqTMK_57;AqTMK_58;AqTMK_59;AqTMK_60;AqTMK_62;AqTMK_63;AqTMK_65;AqTMK_66;AqTMK_68;AqTMK_69;AqTMK_70;AqTMK_72;AqTMK_73;AqTMK_76;AqTMK_77;AqTMK_79;AqTMK_81;AqTMK_82;AqTMK_84;AqTMK_85;AqTMK_87;AqTMK_88;AqTMK_89;AqTMK_91;AqTMK_92;AqTMK_93;AqTMK_94;AqTMK_95;AqTMK_97;AqTMK_98;AqTMK_99;AqTMK_101;AqTMK_102;AqTMK_103;AqTMK_104;AqTMK_106;AqTMK_108;AqTMK_109;AqTMK_110;AqTMK_111;AqTMK_112;AqTMK_114;AqTMK_116;AqTMK_117;AqTMK_118;AqTMK_119;AqTMK_120;AqTMK_121;AqTMK_122;AqTMK_123;AqTMK_124;AqTMK_128;AqTMK_131;AqTMK_132;AqTMK_133;AqTMK_134;AqTMK_139;AqTMK_140;AqTMK_149;AqTMK_153;AqTMK_155;AqTMK_156;AqTMK_159;AqTMK_163;AqTMK_165;AqTMK_167;AqTMK_171;AqTMK_172;AqTMK_173;AqTMK_175;AqTMK_178;AqTMK_179;AqTMK_181;AqTMK_184;AqTMK_185;AqTMK_186;AqTMK_187;AqTMK_188;AqTMK_191;AqTMK_193;AqTMK_195;AqTMK_196;AqTMK_197;AqTMK_198;AqTMK_200;AqTMK_201;AqTMK_207;AqTMK_208;AqTMK_211;AqTMK_214;AqTMK_217;AqTMK_218;AqTMK_219;AqTMK_220;AqTMK_223;AqTMK_224;AqTMK_228;AqTMK_229;AqTMK_230;AqTMK_231;AqTMK_233;AqTMK_234;AqTMK_236;AqTMK_237;AqTMK_238;AqTMK_240;AqTMK_242;AqTMK_244;AqTMK_245;AqTMK_246;AqTMK_249;AqTMK_253;AqTMK_257;AqTMK_259;AqTMK_261;AqTMK_262;AqTMK_263;AqTMK_264;AqTMK_267;AqTMK_270;AqTMK_272;AqTMK_273;AqTMK_274;AqTMK_275;AqTMK_276;AqTMK_277;AqTMK_279;AqTMK_281;AqTMK_284;AqTMK_285;AqTMK_286;AqTMK_287;AqTMK_288;AqTMK_290;AqTMK_292;AqTMK_295;AqTMK_299;AqTMK_300;AqTMK_309;AqTMK_311,176
P4:LYS13A salt_bridges,K13 | Polar contact | dTMP phosphate unit,class_15;class_17;class_23;class_28;class_29;class_30;class_31;class_32;class_33;class_35;class_37;class_40;class_42;class_45;class_46;class_52;class_54;class_56;class_58;class_59;class_65;class_66;class_94,23,AqTMK_23;AqTMK_37;AqTMK_87;AqTMK_109;AqTMK_128;AqTMK_134;AqTMK_139;AqTMK_149;AqTMK_155;AqTMK_156;AqTMK_171;AqTMK_175;AqTMK_181;AqTMK_185;AqTMK_186;AqTMK_196;AqTMK_198;AqTMK_207;AqTMK_214;AqTMK_220;AqTMK_224;AqTMK_228;AqTMK_230;AqTMK_233;AqTMK_244;AqTMK_261;AqTMK_262;AqTMK_273;AqTMK_276;AqTMK_284,30
P1:LYS143A salt_bridges,K143 | Polar contact | ATP phosphate 1 unit,class_1;class_2;class_3;class_4;class_5;class_6;class_7;class_8;class_9;class_10;class_11;class_12;class_13;class_14;class_15;class_16;class_18;class_19;class_20;class_21;class_22;class_23;class_24;class_25;class_26;class_27;class_28;class_38,28,AqTMK_1;AqTMK_2;AqTMK_5;AqTMK_6;AqTMK_8;AqTMK_9;AqTMK_10;AqTMK_12;AqTMK_13;AqTMK_14;AqTMK_15;AqTMK_16;AqTMK_17;AqTMK_21;AqTMK_22;AqTMK_23;AqTMK_26;AqTMK_28;AqTMK_30;AqTMK_35;AqTMK_37;AqTMK_38;AqTMK_39;AqTMK_41;AqTMK_44;AqTMK_46;AqTMK_58;AqTMK_60;AqTMK_65;AqTMK_77;AqTMK_88;AqTMK_97;AqTMK_134;AqTMK_140;AqTMK_281,35
P2:LYS143A salt_bridges,K143 | Polar contact | ATP phosphate 2 unit,class_1;class_2;class_3;class_4;class_5;class_6;class_7;class_8;class_9;class_10;class_11;class_12;class_13;class_14;class_15;class_16;class_18;class_19;class_20;class_21;class_22;class_23;class_24;class_25;class_26;class_27;class_28,27,AqTMK_1;AqTMK_2;AqTMK_5;AqTMK_6;AqTMK_8;AqTMK_9;AqTMK_10;AqTMK_12;AqTMK_13;AqTMK_14;AqTMK_15;AqTMK_16;AqTMK_17;AqTMK_21;AqTMK_22;AqTMK_23;AqTMK_26;AqTMK_28;AqTMK_30;AqTMK_35;AqTMK_37;AqTMK_38;AqTMK_39;AqTMK_41;AqTMK_44;AqTMK_46;AqTMK_58;AqTMK_60;AqTMK_65;AqTMK_77;AqTMK_88;AqTMK_97;AqTMK_134;AqTMK_140,34
P3:LYS143A salt_bridges,K143 | Polar contact | ATP phosphate 3 unit,class_1;class_2;class_4;class_6;class_7;class_10;class_11;class_13;class_14;class_16;class_25,11,AqTMK_1;AqTMK_10;AqTMK_12;AqTMK_16;AqTMK_30;AqTMK_41;AqTMK_44;AqTMK_58;AqTMK_60;AqTMK_65;AqTMK_77;AqTMK_88;AqTMK_140,13
O7:SER11A hydrogen_bonds,S11 | Polar contact | ATP phosphate 2 unit,class_1;class_2;class_3;class_4;class_5;class_6;class_8;class_9;class_10;class_11;class_12;class_14;class_15;class_16;class_17;class_18;class_19;class_20;class_22;class_23;class_24;class_25;class_26;class_27;class_28;class_29;class_30;class_31;class_32;class_33;class_34;class_35;class_36;class_37;class_38;class_39;class_40;class_41;class_42;class_43;class_44;class_45;class_46;class_47;class_48;class_49;class_50;class_51;class_52;class_53;class_54;class_55;class_56;class_57;class_58;class_59;class_60;class_61;class_62;class_63;class_64;class_65;class_66;class_67;class_68;class_69;class_70;class_71;class_72;class_73;class_74;class_75;class_76;class_77;class_78;class_79;class_80;class_81;class_82;class_83;class_84;class_85;class_86;class_87;class_88;class_89;class_90;class_91;class_92;class_93;class_94;class_95;class_96;class_98;class_99;class_100;class_101,97,AqTMK_1;AqTMK_2;AqTMK_5;AqTMK_6;AqTMK_8;AqTMK_9;AqTMK_10;AqTMK_12;AqTMK_13;AqTMK_14;AqTMK_15;AqTMK_21;AqTMK_22;AqTMK_23;AqTMK_26;AqTMK_28;AqTMK_30;AqTMK_33;AqTMK_35;AqTMK_37;AqTMK_38;AqTMK_39;AqTMK_41;AqTMK_44;AqTMK_45;AqTMK_46;AqTMK_47;AqTMK_48;AqTMK_49;AqTMK_50;AqTMK_53;AqTMK_54;AqTMK_56;AqTMK_57;AqTMK_59;AqTMK_62;AqTMK_63;AqTMK_65;AqTMK_66;AqTMK_68;AqTMK_69;AqTMK_70;AqTMK_72;AqTMK_73;AqTMK_76;AqTMK_77;AqTMK_79;AqTMK_81;AqTMK_82;AqTMK_84;AqTMK_85;AqTMK_87;AqTMK_88;AqTMK_89;AqTMK_91;AqTMK_92;AqTMK_93;AqTMK_94;AqTMK_95;AqTMK_97;AqTMK_98;AqTMK_99;AqTMK_101;AqTMK_102;AqTMK_103;AqTMK_104;AqTMK_106;AqTMK_108;AqTMK_109;AqTMK_110;AqTMK_111;AqTMK_112;AqTMK_114;AqTMK_116;AqTMK_117;AqTMK_118;AqTMK_119;AqTMK_120;AqTMK_121;AqTMK_122;AqTMK_123;AqTMK_124;AqTMK_128;AqTMK_131;AqTMK_132;AqTMK_133;AqTMK_134;AqTMK_139;AqTMK_140;AqTMK_149;AqTMK_153;AqTMK_155;AqTMK_156;AqTMK_159;AqTMK_163;AqTMK_165;AqTMK_167;AqTMK_171;AqTMK_172;AqTMK_173;AqTMK_175;AqTMK_178;AqTMK_179;AqTMK_181;AqTMK_184;AqTMK_185;AqTMK_186;AqTMK_187;AqTMK_188;AqTMK_191;AqTMK_193;AqTMK_195;AqTMK_196;AqTMK_197;AqTMK_198;AqTMK_200;AqTMK_201;AqTMK_207;AqTMK_208;AqTMK_211;AqTMK_214;AqTMK_217;AqTMK_218;AqTMK_219;AqTMK_220;AqTMK_223;AqTMK_224;AqTMK_228;AqTMK_229;AqTMK_230;AqTMK_231;AqTMK_233;AqTMK_234;AqTMK_236;AqTMK_237;AqTMK_238;AqTMK_240;AqTMK_242;AqTMK_244;AqTMK_245;AqTMK_246;AqTMK_249;AqTMK_253;AqTMK_257;AqTMK_259;AqTMK_261;AqTMK_262;AqTMK_263;AqTMK_264;AqTMK_267;AqTMK_270;AqTMK_272;AqTMK_273;AqTMK_274;AqTMK_275;AqTMK_276;AqTMK_277;AqTMK_279;AqTMK_281;AqTMK_284;AqTMK_285;AqTMK_286;AqTMK_287;AqTMK_288;AqTMK_290;AqTMK_292;AqTMK_295;AqTMK_299;AqTMK_300;AqTMK_309;AqTMK_311,171
O8:SER11A hydrogen_bonds,S11 | Polar contact | ATP phosphate 2–3 bridging oxygen,class_7;class_13;class_21;class_97,4,AqTMK_16;AqTMK_17;AqTMK_43;AqTMK_58;AqTMK_60,5
MG:THR14A metal_complexes,T14 | Metal contact | Mg2+ ion,class_1;class_2;class_3;class_4;class_5;class_6;class_7;class_8;class_9;class_10;class_11;class_12;class_13;class_14;class_15;class_16;class_17;class_18;class_19;class_20;class_21;class_22;class_23;class_24;class_25;class_26;class_27;class_28;class_29;class_30;class_31;class_32;class_33;class_34;class_35;class_36;class_37;class_38;class_39;class_40;class_41;class_42;class_43;class_44;class_45;class_46;class_47;class_48;class_49;class_50;class_51;class_52;class_53;class_54;class_55;class_56;class_57;class_58;class_59;class_60;class_61;class_62;class_63;class_65;class_66;class_67;class_68;class_69;class_70;class_71;class_72;class_73;class_74;class_75;class_76;class_77;class_78;class_79;class_80;class_81;class_82;class_84;class_85;class_86;class_87;class_88;class_91;class_92;class_93;class_94;class_95;class_100,92,AqTMK_1;AqTMK_2;AqTMK_5;AqTMK_6;AqTMK_8;AqTMK_9;AqTMK_10;AqTMK_12;AqTMK_13;AqTMK_14;AqTMK_15;AqTMK_16;AqTMK_17;AqTMK_21;AqTMK_22;AqTMK_23;AqTMK_26;AqTMK_28;AqTMK_30;AqTMK_35;AqTMK_37;AqTMK_38;AqTMK_39;AqTMK_41;AqTMK_44;AqTMK_45;AqTMK_46;AqTMK_47;AqTMK_48;AqTMK_54;AqTMK_56;AqTMK_57;AqTMK_58;AqTMK_59;AqTMK_60;AqTMK_62;AqTMK_63;AqTMK_65;AqTMK_68;AqTMK_69;AqTMK_70;AqTMK_72;AqTMK_73;AqTMK_76;AqTMK_77;AqTMK_79;AqTMK_81;AqTMK_82;AqTMK_84;AqTMK_85;AqTMK_87;AqTMK_88;AqTMK_89;AqTMK_91;AqTMK_93;AqTMK_94;AqTMK_95;AqTMK_97;AqTMK_99;AqTMK_101;AqTMK_103;AqTMK_104;AqTMK_106;AqTMK_108;AqTMK_109;AqTMK_110;AqTMK_111;AqTMK_112;AqTMK_114;AqTMK_116;AqTMK_117;AqTMK_118;AqTMK_119;AqTMK_120;AqTMK_122;AqTMK_123;AqTMK_128;AqTMK_131;AqTMK_132;AqTMK_133;AqTMK_134;AqTMK_139;AqTMK_140;AqTMK_149;AqTMK_155;AqTMK_156;AqTMK_159;AqTMK_163;AqTMK_165;AqTMK_167;AqTMK_171;AqTMK_173;AqTMK_175;AqTMK_179;AqTMK_181;AqTMK_185;AqTMK_186;AqTMK_187;AqTMK_188;AqTMK_191;AqTMK_193;AqTMK_195;AqTMK_196;AqTMK_197;AqTMK_198;AqTMK_200;AqTMK_201;AqTMK_207;AqTMK_208;AqTMK_211;AqTMK_214;AqTMK_217;AqTMK_218;AqTMK_219;AqTMK_220;AqTMK_223;AqTMK_224;AqTMK_228;AqTMK_229;AqTMK_230;AqTMK_231;AqTMK_233;AqTMK_234;AqTMK_236;AqTMK_237;AqTMK_238;AqTMK_240;AqTMK_242;AqTMK_244;AqTMK_245;AqTMK_246;AqTMK_249;AqTMK_253;AqTMK_257;AqTMK_259;AqTMK_261;AqTMK_262;AqTMK_263;AqTMK_267;AqTMK_270;AqTMK_272;AqTMK_273;AqTMK_274;AqTMK_275;AqTMK_276;AqTMK_277;AqTMK_279;AqTMK_281;AqTMK_284;AqTMK_285;AqTMK_286;AqTMK_287;AqTMK_288;AqTMK_290;AqTMK_292;AqTMK_295;AqTMK_299;AqTMK_300;AqTMK_309;AqTMK_311,160
O11:THR14A hydrogen_bonds,T14 | Polar contact | ATP phosphate 3 unit,class_1;class_2;class_3;class_5;class_6;class_8;class_10;class_12;class_19;class_20;class_29;class_41;class_44;class_46;class_70,15,AqTMK_1;AqTMK_8;AqTMK_9;AqTMK_10;AqTMK_12;AqTMK_15;AqTMK_21;AqTMK_26;AqTMK_30;AqTMK_35;AqTMK_41;AqTMK_46;AqTMK_95;AqTMK_97;AqTMK_116;AqTMK_120;AqTMK_156;AqTMK_163;AqTMK_191;AqTMK_214,20
O6:THR14A hydrogen_bonds,T14 | Polar contact | ATP phosphate 2 unit,class_1;class_2;class_3;class_4;class_5;class_6;class_7;class_8;class_9;class_10;class_11;class_12;class_13;class_14;class_15;class_16;class_18;class_19;class_20;class_21;class_22;class_23;class_24;class_25;class_26;class_27;class_28;class_32;class_33;class_34;class_35;class_36;class_38;class_39;class_40;class_43;class_44;class_47;class_48;class_49;class_50;class_51;class_53;class_54;class_55;class_56;class_57;class_59;class_60;class_61;class_62;class_63;class_64;class_65;class_66;class_67;class_68;class_69;class_71;class_72;class_73;class_74;class_75;class_76;class_77;class_78;class_79;class_81;class_82;class_83;class_84;class_85;class_86;class_87;class_88;class_89;class_90;class_91;class_92;class_93;class_94;class_95;class_96;class_97;class_98;class_99;class_100;class_101,88,AqTMK_1;AqTMK_2;AqTMK_5;AqTMK_6;AqTMK_8;AqTMK_9;AqTMK_10;AqTMK_12;AqTMK_13;AqTMK_14;AqTMK_15;AqTMK_16;AqTMK_17;AqTMK_21;AqTMK_22;AqTMK_23;AqTMK_26;AqTMK_28;AqTMK_30;AqTMK_33;AqTMK_35;AqTMK_37;AqTMK_38;AqTMK_39;AqTMK_41;AqTMK_43;AqTMK_44;AqTMK_45;AqTMK_46;AqTMK_47;AqTMK_48;AqTMK_49;AqTMK_50;AqTMK_53;AqTMK_54;AqTMK_56;AqTMK_57;AqTMK_58;AqTMK_59;AqTMK_60;AqTMK_62;AqTMK_63;AqTMK_65;AqTMK_66;AqTMK_68;AqTMK_69;AqTMK_70;AqTMK_72;AqTMK_73;AqTMK_76;AqTMK_77;AqTMK_79;AqTMK_81;AqTMK_82;AqTMK_84;AqTMK_85;AqTMK_87;AqTMK_88;AqTMK_89;AqTMK_91;AqTMK_92;AqTMK_93;AqTMK_94;AqTMK_97;AqTMK_98;AqTMK_99;AqTMK_101;AqTMK_102;AqTMK_103;AqTMK_104;AqTMK_106;AqTMK_108;AqTMK_110;AqTMK_111;AqTMK_112;AqTMK_114;AqTMK_116;AqTMK_117;AqTMK_118;AqTMK_119;AqTMK_121;AqTMK_122;AqTMK_123;AqTMK_124;AqTMK_131;AqTMK_132;AqTMK_133;AqTMK_134;AqTMK_140;AqTMK_149;AqTMK_153;AqTMK_155;AqTMK_159;AqTMK_163;AqTMK_165;AqTMK_167;AqTMK_172;AqTMK_173;AqTMK_178;AqTMK_179;AqTMK_181;AqTMK_184;AqTMK_187;AqTMK_188;AqTMK_193;AqTMK_195;AqTMK_196;AqTMK_197;AqTMK_198;AqTMK_200;AqTMK_201;AqTMK_207;AqTMK_208;AqTMK_211;AqTMK_217;AqTMK_218;AqTMK_219;AqTMK_223;AqTMK_224;AqTMK_229;AqTMK_231;AqTMK_233;AqTMK_234;AqTMK_236;AqTMK_237;AqTMK_238;AqTMK_240;AqTMK_242;AqTMK_244;AqTMK_245;AqTMK_246;AqTMK_249;AqTMK_253;AqTMK_257;AqTMK_259;AqTMK_262;AqTMK_263;AqTMK_264;AqTMK_267;AqTMK_270;AqTMK_272;AqTMK_274;AqTMK_275;AqTMK_276;AqTMK_277;AqTMK_279;AqTMK_281;AqTMK_284;AqTMK_285;AqTMK_286;AqTMK_287;AqTMK_288;AqTMK_290;AqTMK_292;AqTMK_295;AqTMK_299;AqTMK_300;AqTMK_311,158
O7:THR14A hydrogen_bonds,T14 | Polar contact | ATP phosphate 2 unit,class_17;class_29;class_30;class_31;class_37;class_41;class_42;class_45;class_46;class_52;class_58;class_70;class_80,13,AqTMK_95;AqTMK_109;AqTMK_120;AqTMK_128;AqTMK_139;AqTMK_156;AqTMK_171;AqTMK_175;AqTMK_185;AqTMK_186;AqTMK_191;AqTMK_214;AqTMK_220;AqTMK_228;AqTMK_230;AqTMK_261;AqTMK_273;AqTMK_309,18
O2:THR15A hydrogen_bonds,T15 | Polar contact | ATP phosphate 1 unit,class_1;class_2;class_3;class_4;class_5;class_6;class_7;class_8;class_9;class_10;class_11;class_12;class_13;class_14;class_15;class_16;class_17;class_18;class_19;class_20;class_21;class_22;class_24;class_25;class_26;class_27;class_29;class_30;class_31;class_32;class_33;class_34;class_35;class_36;class_37;class_38;class_39;class_40;class_41;class_42;class_44;class_45;class_47;class_48;class_51;class_52;class_53;class_54;class_55;class_57;class_58;class_59;class_60;class_61;class_62;class_63;class_64;class_67;class_69;class_70;class_71;class_72;class_74;class_75;class_77;class_78;class_79;class_80;class_83;class_84;class_100,71,AqTMK_1;AqTMK_2;AqTMK_5;AqTMK_6;AqTMK_8;AqTMK_9;AqTMK_10;AqTMK_12;AqTMK_13;AqTMK_14;AqTMK_15;AqTMK_16;AqTMK_17;AqTMK_21;AqTMK_22;AqTMK_26;AqTMK_28;AqTMK_30;AqTMK_35;AqTMK_38;AqTMK_39;AqTMK_41;AqTMK_44;AqTMK_46;AqTMK_53;AqTMK_54;AqTMK_56;AqTMK_57;AqTMK_58;AqTMK_59;AqTMK_60;AqTMK_62;AqTMK_63;AqTMK_65;AqTMK_68;AqTMK_69;AqTMK_70;AqTMK_77;AqTMK_79;AqTMK_81;AqTMK_82;AqTMK_84;AqTMK_85;AqTMK_87;AqTMK_88;AqTMK_89;AqTMK_91;AqTMK_92;AqTMK_93;AqTMK_94;AqTMK_95;AqTMK_97;AqTMK_98;AqTMK_99;AqTMK_101;AqTMK_103;AqTMK_104;AqTMK_106;AqTMK_109;AqTMK_114;AqTMK_116;AqTMK_117;AqTMK_118;AqTMK_120;AqTMK_122;AqTMK_128;AqTMK_131;AqTMK_132;AqTMK_134;AqTMK_139;AqTMK_140;AqTMK_159;AqTMK_163;AqTMK_165;AqTMK_171;AqTMK_172;AqTMK_175;AqTMK_179;AqTMK_185;AqTMK_186;AqTMK_187;AqTMK_188;AqTMK_191;AqTMK_193;AqTMK_196;AqTMK_197;AqTMK_200;AqTMK_201;AqTMK_207;AqTMK_214;AqTMK_217;AqTMK_218;AqTMK_219;AqTMK_220;AqTMK_228;AqTMK_229;AqTMK_230;AqTMK_231;AqTMK_233;AqTMK_234;AqTMK_236;AqTMK_242;AqTMK_244;AqTMK_245;AqTMK_246;AqTMK_249;AqTMK_257;AqTMK_259;AqTMK_261;AqTMK_263;AqTMK_267;AqTMK_270;AqTMK_272;AqTMK_273;AqTMK_274;AqTMK_275;AqTMK_281;AqTMK_284;AqTMK_285;AqTMK_286;AqTMK_287;AqTMK_290;AqTMK_292;AqTMK_295;AqTMK_299;AqTMK_309;AqTMK_311,127
O4:THR15A hydrogen_bonds,T15 | Polar contact | ATP phosphate 1 unit,class_1;class_2;class_3;class_4;class_5;class_6;class_7;class_8;class_9;class_10;class_11;class_12;class_13;class_14;class_15;class_16;class_17;class_18;class_19;class_20;class_21;class_22;class_23;class_24;class_25;class_26;class_27;class_28;class_29;class_30;class_31;class_32;class_33;class_34;class_35;class_36;class_37;class_38;class_39;class_40;class_41;class_42;class_43;class_44;class_45;class_46;class_47;class_48;class_49;class_50;class_51;class_52;class_53;class_54;class_55;class_56;class_57;class_58;class_59;class_60;class_61;class_62;class_63;class_64;class_65;class_66;class_67;class_68;class_69;class_70;class_71;class_72;class_73;class_74;class_75;class_76;class_77;class_78;class_79;class_80;class_81;class_82;class_83;class_84;class_85;class_86;class_87;class_88;class_89;class_90;class_91;class_92;class_93;class_94;class_95;class_96;class_97;class_98;class_99;class_100;class_101,101,AqTMK_1;AqTMK_2;AqTMK_5;AqTMK_6;AqTMK_8;AqTMK_9;AqTMK_10;AqTMK_12;AqTMK_13;AqTMK_14;AqTMK_15;AqTMK_16;AqTMK_17;AqTMK_21;AqTMK_22;AqTMK_23;AqTMK_26;AqTMK_28;AqTMK_30;AqTMK_33;AqTMK_35;AqTMK_37;AqTMK_38;AqTMK_39;AqTMK_41;AqTMK_43;AqTMK_44;AqTMK_45;AqTMK_46;AqTMK_47;AqTMK_48;AqTMK_49;AqTMK_50;AqTMK_53;AqTMK_54;AqTMK_56;AqTMK_57;AqTMK_58;AqTMK_59;AqTMK_60;AqTMK_62;AqTMK_63;AqTMK_65;AqTMK_66;AqTMK_68;AqTMK_69;AqTMK_70;AqTMK_72;AqTMK_73;AqTMK_76;AqTMK_77;AqTMK_79;AqTMK_81;AqTMK_82;AqTMK_84;AqTMK_85;AqTMK_87;AqTMK_88;AqTMK_89;AqTMK_91;AqTMK_92;AqTMK_93;AqTMK_94;AqTMK_95;AqTMK_97;AqTMK_98;AqTMK_99;AqTMK_101;AqTMK_102;AqTMK_103;AqTMK_104;AqTMK_106;AqTMK_108;AqTMK_109;AqTMK_110;AqTMK_111;AqTMK_112;AqTMK_114;AqTMK_116;AqTMK_117;AqTMK_118;AqTMK_119;AqTMK_120;AqTMK_121;AqTMK_122;AqTMK_123;AqTMK_124;AqTMK_128;AqTMK_131;AqTMK_132;AqTMK_133;AqTMK_134;AqTMK_139;AqTMK_140;AqTMK_149;AqTMK_153;AqTMK_155;AqTMK_156;AqTMK_159;AqTMK_163;AqTMK_165;AqTMK_167;AqTMK_171;AqTMK_172;AqTMK_173;AqTMK_175;AqTMK_178;AqTMK_179;AqTMK_181;AqTMK_184;AqTMK_185;AqTMK_186;AqTMK_187;AqTMK_188;AqTMK_191;AqTMK_193;AqTMK_195;AqTMK_196;AqTMK_197;AqTMK_198;AqTMK_200;AqTMK_201;AqTMK_207;AqTMK_208;AqTMK_211;AqTMK_214;AqTMK_217;AqTMK_218;AqTMK_219;AqTMK_220;AqTMK_223;AqTMK_224;AqTMK_228;AqTMK_229;AqTMK_230;AqTMK_231;AqTMK_233;AqTMK_234;AqTMK_236;AqTMK_237;AqTMK_238;AqTMK_240;AqTMK_242;AqTMK_244;AqTMK_245;AqTMK_246;AqTMK_249;AqTMK_253;AqTMK_257;AqTMK_259;AqTMK_261;AqTMK_262;AqTMK_263;AqTMK_264;AqTMK_267;AqTMK_270;AqTMK_272;AqTMK_273;AqTMK_274;AqTMK_275;AqTMK_276;AqTMK_277;AqTMK_279;AqTMK_281;AqTMK_284;AqTMK_285;AqTMK_286;AqTMK_287;AqTMK_288;AqTMK_290;AqTMK_292;AqTMK_295;AqTMK_299;AqTMK_300;AqTMK_309;AqTMK_311,176
