original_class,merged_class,canonical_signature
class_1,class_1,D9 | Polar contact | ATP phosphate 3 unit;G10 | Polar contact | ATP phosphate 2–3 bridging oxygen;G12 | Polar contact | ATP phosphate 2 unit;K13 | Polar contact | ATP phosphate 2 unit;K13 | Polar contact | ATP phosphate 3 unit;K143 | Polar contact | ATP phosphate 1 unit;K143 | Polar contact | ATP phosphate 2 unit;K143 | Polar contact | ATP phosphate 3 unit;R145 | Polar contact | ATP phosphate 3 unit;R145 | Polar contact | dTMP phosphate unit;R47 | Polar contact | dTMP phosphate unit;R90 | Polar contact | ATP phosphate 3 unit;R90 | Polar contact | dTMP phosphate unit;S11 | Polar contact | ATP phosphate 2 unit;T14 | Metal contact | Mg2+ ion;T14 | Polar contact | ATP phosphate 2 unit;T14 | Polar contact | ATP phosphate 3 unit;T15 | Polar contact | ATP phosphate 1 unit
class_2,class_1,D9 | Polar contact | ATP phosphate 3 unit;G10 | Polar contact | ATP phosphate 2–3 bridging oxygen;G12 | Polar contact | ATP phosphate 2 unit;K13 | Polar contact | ATP phosphate 2 unit;K13 | Polar contact | ATP phosphate 3 unit;K143 | Polar contact | ATP phosphate 1 unit;K143 | Polar contact | ATP phosphate 2 unit;K143 | Polar contact | ATP phosphate 3 unit;R145 | Polar contact | ATP phosphate 3 unit;R145 | Polar contact | dTMP phosphate unit;R47 | Polar contact | dTMP phosphate unit;R90 | Polar contact | ATP phosphate 3 unit;R90 | Polar contact | dTMP phosphate unit;S11 | Polar contact | ATP phosphate 2 unit;T14 | Metal contact | Mg2+ ion;T14 | Polar contact | ATP phosphate 2 unit;T14 | Polar contact | ATP phosphate 3 unit;T15 | Polar contact | ATP phosphate 1 unit
class_3,class_2,D9 | Polar contact | ATP phosphate 3 unit;G10 | Polar contact | ATP phosphate 2–3 bridging oxygen;G12 | Polar contact | ATP phosphate 1–2 bridging oxygen;K13 | Polar contact | ATP phosphate 2 unit;K13 | Polar contact | ATP phosphate 3 unit;K143 | Polar contact | ATP phosphate 1 unit;K143 | Polar contact | ATP phosphate 2 unit;R145 | Polar contact | ATP phosphate 3 unit;R145 | Polar contact | dTMP phosphate unit;R35 | Polar contact | dTMP phosphate unit;R47 | Polar contact | dTMP phosphate unit;R90 | Polar contact | ATP phosphate 3 unit;R90 | Polar contact | dTMP phosphate unit;S11 | Polar contact | ATP phosphate 2 unit;T14 | Metal contact | Mg2+ ion;T14 | Polar contact | ATP phosphate 2 unit;T14 | Polar contact | ATP phosphate 3 unit;T15 | Polar contact | ATP phosphate 1 unit
class_4,class_3,D9 | Polar contact | ATP phosphate 3 unit;G10 | Polar contact | ATP phosphate 2–3 bridging oxygen;G12 | Polar contact | ATP phosphate 2 unit;K13 | Polar contact | ATP phosphate 2 unit;K13 | Polar contact | ATP phosphate 3 unit;K143 | Polar contact | ATP phosphate 1 unit;K143 | Polar contact | ATP phosphate 2 unit;K143 | Polar contact | ATP phosphate 3 unit;R145 | Polar contact | ATP phosphate 3 unit;R145 | Polar contact | dTMP phosphate unit;R35 | Polar contact | dTMP phosphate unit;R47 | Polar contact | dTMP phosphate unit;R90 | Polar contact | ATP phosphate 3 unit;R90 | Polar contact | dTMP phosphate unit;S11 | Polar contact | ATP phosphate 2 unit;T14 | Metal contact | Mg2+ ion;T14 | Polar contact | ATP phosphate 2 unit;T15 | Polar contact | ATP phosphate 1 unit
class_5,class_4,D9 | Polar contact | ATP phosphate 3 unit;G10 | Polar contact | ATP phosphate 2–3 bridging oxygen;G12 | Polar contact | ATP phosphate 2 unit;K13 | Polar contact | ATP phosphate 2 unit;K13 | Polar contact | ATP phosphate 3 unit;K143 | Polar contact | ATP phosphate 1 unit;K143 | Polar contact | ATP phosphate 2 unit;R145 | Polar contact | ATP phosphate 3 unit;R145 | Polar contact | dTMP phosphate unit;R47 | Polar contact | dTMP phosphate unit;R90 | Polar contact | ATP phosphate 3 unit;R90 | Polar contact | dTMP phosphate unit;S11 | Polar contact | ATP phosphate 2 unit;T14 | Metal contact | Mg2+ ion;T14 | Polar contact | ATP phosphate 2 unit;T14 | Polar contact | ATP phosphate 3 unit;T15 | Polar contact | ATP phosphate 1 unit
class_8,class_4,D9 | Polar contact | ATP phosphate 3 unit;G10 | Polar contact | ATP phosphate 2–3 bridging oxygen;G12 | Polar contact | ATP phosphate 2 unit;K13 | Polar contact | ATP phosphate 2 unit;K13 | Polar contact | ATP phosphate 3 unit;K143 | Polar contact | ATP phosphate 1 unit;K143 | Polar contact | ATP phosphate 2 unit;R145 | Polar contact | ATP phosphate 3 unit;R145 | Polar contact | dTMP phosphate unit;R47 | Polar contact | dTMP phosphate unit;R90 | Polar contact | ATP phosphate 3 unit;R90 | Polar contact | dTMP phosphate unit;S11 | Polar contact | ATP phosphate 2 unit;T14 | Metal contact | Mg2+ ion;T14 | Polar contact | ATP phosphate 2 unit;T14 | Polar contact | ATP phosphate 3 unit;T15 | Polar contact | ATP phosphate 1 unit
class_12,class_4,D9 | Polar contact | ATP phosphate 3 unit;G10 | Polar contact | ATP phosphate 2–3 bridging oxygen;G12 | Polar contact | ATP phosphate 2 unit;K13 | Polar contact | ATP phosphate 2 unit;K13 | Polar contact | ATP phosphate 3 unit;K143 | Polar contact | ATP phosphate 1 unit;K143 | Polar contact | ATP phosphate 2 unit;R145 | Polar contact | ATP phosphate 3 unit;R145 | Polar contact | dTMP phosphate unit;R47 | Polar contact | dTMP phosphate unit;R90 | Polar contact | ATP phosphate 3 unit;R90 | Polar contact | dTMP phosphate unit;S11 | Polar contact | ATP phosphate 2 unit;T14 | Metal contact | Mg2+ ion;T14 | Polar contact | ATP phosphate 2 unit;T14 | Polar contact | ATP phosphate 3 unit;T15 | Polar contact | ATP phosphate 1 unit
class_6,class_5,D9 | Polar contact | ATP phosphate 3 unit;G10 | Polar contact | ATP phosphate 2–3 bridging oxygen;G12 | Polar contact | ATP phosphate 2 unit;K13 | Polar contact | ATP phosphate 2 unit;K13 | Polar contact | ATP phosphate 3 unit;K143 | Polar contact | ATP phosphate 1 unit;K143 | Polar contact | ATP phosphate 2 unit;K143 | Polar contact | ATP phosphate 3 unit;R145 | Polar contact | ATP phosphate 3 unit;R47 | Polar contact | dTMP phosphate unit;R90 | Polar contact | ATP phosphate 3 unit;R90 | Polar contact | dTMP phosphate unit;S11 | Polar contact | ATP phosphate 2 unit;T14 | Metal contact | Mg2+ ion;T14 | Polar contact | ATP phosphate 2 unit;T14 | Polar contact | ATP phosphate 3 unit;T15 | Polar contact | ATP phosphate 1 unit
class_7,class_6,D9 | Polar contact | ATP phosphate 3 unit;G10 | Polar contact | ATP phosphate 2–3 bridging oxygen;G12 | Polar contact | ATP phosphate 2 unit;K13 | Polar contact | ATP phosphate 2 unit;K13 | Polar contact | ATP phosphate 3 unit;K143 | Polar contact | ATP phosphate 1 unit;K143 | Polar contact | ATP phosphate 2 unit;K143 | Polar contact | ATP phosphate 3 unit;R145 | Polar contact | ATP phosphate 3 unit;R145 | Polar contact | dTMP phosphate unit;R47 | Polar contact | dTMP phosphate unit;R90 | Polar contact | ATP phosphate 3 unit;R90 | Polar contact | dTMP phosphate unit;S11 | Polar contact | ATP phosphate 2–3 bridging oxygen;T14 | Metal contact | Mg2+ ion;T14 | Polar contact | ATP phosphate 2 unit;T15 | Polar contact | ATP phosphate 1 unit
class_9,class_7,D9 | Polar contact | ATP phosphate 3 unit;G10 | Polar contact | ATP phosphate 2–3 bridging oxygen;G12 | Polar contact | ATP phosphate 2 unit;K13 | Polar contact | ATP phosphate 2 unit;K13 | Polar contact | ATP phosphate 3 unit;K143 | Polar contact | ATP phosphate 1 unit;K143 | Polar contact | ATP phosphate 2 unit;R145 | Polar contact | ATP phosphate 3 unit;R145 | Polar contact | dTMP phosphate unit;R35 | Polar contact | dTMP phosphate unit;R47 | Polar contact | dTMP phosphate unit;R90 | Polar contact | ATP phosphate 3 unit;R90 | Polar contact | dTMP phosphate unit;S11 | Polar contact | ATP phosphate 2 unit;T14 | Metal contact | Mg2+ ion;T14 | Polar contact | ATP phosphate 2 unit;T15 | Polar contact | ATP phosphate 1 unit
class_10,class_8,D9 | Polar contact | ATP phosphate 3 unit;G10 | Polar contact | ATP phosphate 2–3 bridging oxygen;G12 | Polar contact | ATP phosphate 2 unit;K13 | Polar contact | ATP phosphate 2 unit;K13 | Polar contact | ATP phosphate 3 unit;K143 | Polar contact | ATP phosphate 1 unit;K143 | Polar contact | ATP phosphate 2 unit;K143 | Polar contact | ATP phosphate 3 unit;R145 | Polar contact | ATP phosphate 3 unit;R145 | Polar contact | dTMP phosphate unit;R90 | Polar contact | ATP phosphate 3 unit;R90 | Polar contact | dTMP phosphate unit;S11 | Polar contact | ATP phosphate 2 unit;T14 | Metal contact | Mg2+ ion;T14 | Polar contact | ATP phosphate 2 unit;T14 | Polar contact | ATP phosphate 3 unit;T15 | Polar contact | ATP phosphate 1 unit
class_11,class_9,D9 | Polar contact | ATP phosphate 3 unit;G10 | Polar contact | ATP phosphate 2–3 bridging oxygen;G12 | Polar contact | ATP phosphate 2 unit;K13 | Polar contact | ATP phosphate 2 unit;K13 | Polar contact | ATP phosphate 3 unit;K143 | Polar contact | ATP phosphate 1 unit;K143 | Polar contact | ATP phosphate 2 unit;K143 | Polar contact | ATP phosphate 3 unit;R145 | Polar contact | ATP phosphate 3 unit;R145 | Polar contact | dTMP phosphate unit;R47 | Polar contact | dTMP phosphate unit;R90 | Polar contact | ATP phosphate 3 unit;R90 | Polar contact | dTMP phosphate unit;S11 | Polar contact | ATP phosphate 2 unit;T14 | Metal contact | Mg2+ ion;T14 | Polar contact | ATP phosphate 2 unit;T15 | Polar contact | ATP phosphate 1 unit
class_16,class_9,D9 | Polar contact | ATP phosphate 3 unit;G10 | Polar contact | ATP phosphate 2–3 bridging oxygen;G12 | Polar contact | ATP phosphate 2 unit;K13 | Polar contact | ATP phosphate 2 unit;K13 | Polar contact | ATP phosphate 3 unit;K143 | Polar contact | ATP phosphate 1 unit;K143 | Polar contact | ATP phosphate 2 unit;K143 | Polar contact | ATP phosphate 3 unit;R145 | Polar contact | ATP phosphate 3 unit;R145 | Polar contact | dTMP phosphate unit;R47 | Polar contact | dTMP phosphate unit;R90 | Polar contact | ATP phosphate 3 unit;R90 | Polar contact | dTMP phosphate unit;S11 | Polar contact | ATP phosphate 2 unit;T14 | Metal contact | Mg2+ ion;T14 | Polar contact | ATP phosphate 2 unit;T15 | Polar contact | ATP phosphate 1 unit
class_13,class_10,D9 | Polar contact | ATP phosphate 3 unit;G10 | Polar contact | ATP phosphate 2–3 bridging oxygen;G12 | Polar contact | ATP phosphate 2–3 bridging oxygen;K13 | Polar contact | ATP phosphate 2 unit;K13 | Polar contact | ATP phosphate 3 unit;K143 | Polar contact | ATP phosphate 1 unit;K143 | Polar contact | ATP phosphate 2 unit;K143 | Polar contact | ATP phosphate 3 unit;R145 | Polar contact | ATP phosphate 3 unit;R145 | Polar contact | dTMP phosphate unit;R47 | Polar contact | dTMP phosphate unit;R90 | Polar contact | ATP phosphate 3 unit;R90 | Polar contact | dTMP phosphate unit;S11 | Polar contact | ATP phosphate 2–3 bridging oxygen;T14 | Metal contact | Mg2+ ion;T14 | Polar contact | ATP phosphate 2 unit;T15 | Polar contact | ATP phosphate 1 unit
class_14,class_11,D9 | Polar contact | ATP phosphate 3 unit;G10 | Polar contact | ATP phosphate 2–3 bridging oxygen;G12 | Polar contact | ATP phosphate 2 unit;K13 | Polar contact | ATP phosphate 2 unit;K13 | Polar contact | ATP phosphate 3 unit;K143 | Polar contact | ATP phosphate 1 unit;K143 | Polar contact | ATP phosphate 2 unit;K143 | Polar contact | ATP phosphate 3 unit;R145 | Polar contact | ATP phosphate 3 unit;R145 | Polar contact | dTMP phosphate unit;R35 | Polar contact | dTMP phosphate unit;R47 | Polar contact | dTMP phosphate unit;R90 | Polar contact | dTMP phosphate unit;S11 | Polar contact | ATP phosphate 2 unit;T14 | Metal contact | Mg2+ ion;T14 | Polar contact | ATP phosphate 2 unit;T15 | Polar contact | ATP phosphate 1 unit
class_15,class_12,D9 | Polar contact | ATP phosphate 3 unit;G10 | Polar contact | ATP phosphate 2–3 bridging oxygen;G12 | Polar contact | ATP phosphate 2 unit;K13 | Polar contact | ATP phosphate 2 unit;K13 | Polar contact | ATP phosphate 3 unit;K13 | Polar contact | dTMP phosphate unit;K143 | Polar contact | ATP phosphate 1 unit;K143 | Polar contact | ATP phosphate 2 unit;R145 | Polar contact | ATP phosphate 3 unit;R145 | Polar contact | dTMP phosphate unit;R47 | Polar contact | dTMP phosphate unit;R90 | Polar contact | ATP phosphate 3 unit;R90 | Polar contact | dTMP phosphate unit;S11 | Polar contact | ATP phosphate 2 unit;T14 | Metal contact | Mg2+ ion;T14 | Polar contact | ATP phosphate 2 unit;T15 | Polar contact | ATP phosphate 1 unit
class_23,class_12,D9 | Polar contact | ATP phosphate 3 unit;G10 | Polar contact | ATP phosphate 2–3 bridging oxygen;G12 | Polar contact | ATP phosphate 2 unit;K13 | Polar contact | ATP phosphate 2 unit;K13 | Polar contact | ATP phosphate 3 unit;K13 | Polar contact | dTMP phosphate unit;K143 | Polar contact | ATP phosphate 1 unit;K143 | Polar contact | ATP phosphate 2 unit;R145 | Polar contact | ATP phosphate 3 unit;R145 | Polar contact | dTMP phosphate unit;R47 | Polar contact | dTMP phosphate unit;R90 | Polar contact | ATP phosphate 3 unit;R90 | Polar contact | dTMP phosphate unit;S11 | Polar contact | ATP phosphate 2 unit;T14 | Metal contact | Mg2+ ion;T14 | Polar contact | ATP phosphate 2 unit;T15 | Polar contact | ATP phosphate 1 unit
class_17,class_13,D9 | Polar contact | ATP phosphate 3 unit;D9 | Polar contact | dTMP phosphate unit;G10 | Polar contact | ATP phosphate 2–3 bridging oxygen;G12 | Polar contact | ATP phosphate 2 unit;K13 | Polar contact | ATP phosphate 2 unit;K13 | Polar contact | ATP phosphate 3 unit;K13 | Polar contact | dTMP phosphate unit;R145 | Polar contact | ATP phosphate 3 unit;R145 | Polar contact | dTMP phosphate unit;R35 | Polar contact | dTMP phosphate unit;R47 | Polar contact | dTMP phosphate unit;R90 | Polar contact | ATP phosphate 3 unit;R90 | Polar contact | dTMP phosphate unit;S11 | Polar contact | ATP phosphate 2 unit;T14 | Metal contact | Mg2+ ion;T14 | Polar contact | ATP phosphate 2 unit;T15 | Polar contact | ATP phosphate 1 unit
class_18,class_14,D9 | Polar contact | ATP phosphate 3 unit;G10 | Polar contact | ATP phosphate 2–3 bridging oxygen;G12 | Polar contact | ATP phosphate 2 unit;K13 | Polar contact | ATP phosphate 2 unit;K13 | Polar contact | ATP phosphate 3 unit;K143 | Polar contact | ATP phosphate 1 unit;K143 | Polar contact | ATP phosphate 2 unit;R145 | Polar contact | ATP phosphate 3 unit;R145 | Polar contact | dTMP phosphate unit;R47 | Polar contact | dTMP phosphate unit;R90 | Polar contact | ATP phosphate 3 unit;R90 | Polar contact | dTMP phosphate unit;S11 | Polar contact | ATP phosphate 2 unit;T14 | Metal contact | Mg2+ ion;T14 | Polar contact | ATP phosphate 2 unit;T15 | Polar contact | ATP phosphate 1 unit
class_19,class_15,D9 | Polar contact | ATP phosphate 3 unit;G10 | Polar contact | ATP phosphate 2–3 bridging oxygen;G12 | Polar contact | ATP phosphate 2 unit;K13 | Polar contact | ATP phosphate 2 unit;K13 | Polar contact | ATP phosphate 3 unit;K143 | Polar contact | ATP phosphate 1 unit;K143 | Polar contact | ATP phosphate 2 unit;R145 | Polar contact | ATP phosphate 3 unit;R145 | Polar contact | dTMP phosphate unit;R90 | Polar contact | ATP phosphate 3 unit;R90 | Polar contact | dTMP phosphate unit;S11 | Polar contact | ATP phosphate 2 unit;T14 | Metal contact | Mg2+ ion;T14 | Polar contact | ATP phosphate 2 unit;T14 | Polar contact | ATP phosphate 3 unit;T15 | Polar contact | ATP phosphate 1 unit
class_20,class_16,D9 | Polar contact | ATP phosphate 3 unit;G10 | Polar contact | ATP phosphate 2–3 bridging oxygen;G12 | Polar contact | ATP phosphate 2 unit;K13 | Polar contact | ATP phosphate 2 unit;K13 | Polar contact | ATP phosphate 3 unit;K143 | Polar contact | ATP phosphate 1 unit;K143 | Polar contact | ATP phosphate 2 unit;R145 | Polar contact | ATP phosphate 3 unit;R47 | Polar contact | dTMP phosphate unit;R90 | Polar contact | ATP phosphate 3 unit;R90 | Polar contact | dTMP phosphate unit;S11 | Polar contact | ATP phosphate 2 unit;T14 | Metal contact | Mg2+ ion;T14 | Polar contact | ATP phosphate 2 unit;T14 | Polar contact | ATP phosphate 3 unit;T15 | Polar contact | ATP phosphate 1 unit
class_21,class_17,D9 | Polar contact | ATP phosphate 3 unit;G10 | Polar contact | ATP phosphate 2–3 bridging oxygen;G12 | Polar contact | ATP phosphate 1–2 bridging oxygen;K13 | Polar contact | ATP phosphate 2 unit;K13 | Polar contact | ATP phosphate 3 unit;K143 | Polar contact | ATP phosphate 1 unit;K143 | Polar contact | ATP phosphate 2 unit;R145 | Polar contact | ATP phosphate 3 unit;R145 | Polar contact | dTMP phosphate unit;R47 | Polar contact | dTMP phosphate unit;R90 | Polar contact | ATP phosphate 3 unit;R90 | Polar contact | dTMP phosphate unit;S11 | Polar contact | ATP phosphate 2–3 bridging oxygen;T14 | Metal contact | Mg2+ ion;T14 | Polar contact | ATP phosphate 2 unit;T15 | Polar contact | ATP phosphate 1 unit
class_22,class_18,D9 | Polar contact | ATP phosphate 3 unit;G10 | Polar contact | ATP phosphate 2–3 bridging oxygen;G12 | Polar contact | ATP phosphate 2 unit;K13 | Polar contact | ATP phosphate 2 unit;K13 | Polar contact | ATP phosphate 3 unit;K143 | Polar contact | ATP phosphate 1 unit;K143 | Polar contact | ATP phosphate 2 unit;R145 | Polar contact | ATP phosphate 3 unit;R145 | Polar contact | dTMP phosphate unit;R35 | Polar contact | dTMP phosphate unit;R90 | Polar contact | ATP phosphate 3 unit;R90 | Polar contact | dTMP phosphate unit;S11 | Polar contact | ATP phosphate 2 unit;T14 | Metal contact | Mg2+ ion;T14 | Polar contact | ATP phosphate 2 unit;T15 | Polar contact | ATP phosphate 1 unit
class_24,class_19,D9 | Polar contact | ATP phosphate 3 unit;G10 | Polar contact | ATP phosphate 2–3 bridging oxygen;G12 | Polar contact | ATP phosphate 2 unit;K13 | Polar contact | ATP phosphate 2 unit;K13 | Polar contact | ATP phosphate 3 unit;K143 | Polar contact | ATP phosphate 1 unit;K143 | Polar contact | ATP phosphate 2 unit;R145 | Polar contact | ATP phosphate 3 unit;R145 | Polar contact | dTMP phosphate unit;R35 | Polar contact | dTMP phosphate unit;R47 | Polar contact | dTMP phosphate unit;R90 | Polar contact | dTMP phosphate unit;S11 | Polar contact | ATP phosphate 2 unit;T14 | Metal contact | Mg2+ ion;T14 | Polar contact | ATP phosphate 2 unit;T15 | Polar contact | ATP phosphate 1 unit
class_25,class_20,D9 | Polar contact | ATP phosphate 3 unit;G10 | Polar contact | ATP phosphate 2–3 bridging oxygen;G12 | Polar contact | ATP phosphate 1–2 bridging oxygen;K13 | Polar contact | ATP phosphate 2 unit;K13 | Polar contact | ATP phosphate 3 unit;K143 | Polar contact | ATP phosphate 1 unit;K143 | Polar contact | ATP phosphate 2 unit;K143 | Polar contact | ATP phosphate 3 unit;R145 | Polar contact | ATP phosphate 3 unit;R145 | Polar contact | dTMP phosphate unit;R35 | Polar contact | dTMP phosphate unit;R90 | Polar contact | dTMP phosphate unit;S11 | Polar contact | ATP phosphate 2 unit;T14 | Metal contact | Mg2+ ion;T14 | Polar contact | ATP phosphate 2 unit;T15 | Polar contact | ATP phosphate 1 unit
class_26,class_21,D9 | Polar contact | ATP phosphate 3 unit;G10 | Polar contact | ATP phosphate 2–3 bridging oxygen;G12 | Polar contact | ATP phosphate 2 unit;K13 | Polar contact | ATP phosphate 2 unit;K13 | Polar contact | ATP phosphate 3 unit;K143 | Polar contact | ATP phosphate 1 unit;K143 | Polar contact | ATP phosphate 2 unit;R145 | Polar contact | ATP phosphate 3 unit;R47 | Polar contact | dTMP phosphate unit;R90 | Polar contact | ATP phosphate 3 unit;R90 | Polar contact | dTMP phosphate unit;S11 | Polar contact | ATP phosphate 2 unit;T14 | Metal contact | Mg2+ ion;T14 | Polar contact | ATP phosphate 2 unit;T15 | Polar contact | ATP phosphate 1 unit
class_27,class_21,D9 | Polar contact | ATP phosphate 3 unit;G10 | Polar contact | ATP phosphate 2–3 bridging oxygen;G12 | Polar contact | ATP phosphate 2 unit;K13 | Polar contact | ATP phosphate 2 unit;K13 | Polar contact | ATP phosphate 3 unit;K143 | Polar contact | ATP phosphate 1 unit;K143 | Polar contact | ATP phosphate 2 unit;R145 | Polar contact | ATP phosphate 3 unit;R47 | Polar contact | dTMP phosphate unit;R90 | Polar contact | ATP phosphate 3 unit;R90 | Polar contact | dTMP phosphate unit;S11 | Polar contact | ATP phosphate 2 unit;T14 | Metal contact | Mg2+ ion;T14 | Polar contact | ATP phosphate 2 unit;T15 | Polar contact | ATP phosphate 1 unit
class_28,class_22,D9 | Polar contact | ATP phosphate 3 unit;G10 | Polar contact | ATP phosphate 2–3 bridging oxygen;G12 | Polar contact | ATP phosphate 2 unit;K13 | Polar contact | ATP phosphate 2 unit;K13 | Polar contact | ATP phosphate 3 unit;K13 | Polar contact | dTMP phosphate unit;K143 | Polar contact | ATP phosphate 1 unit;K143 | Polar contact | ATP phosphate 2 unit;R145 | Polar contact | ATP phosphate 3 unit;R145 | Polar contact | dTMP phosphate unit;R47 | Polar contact | dTMP phosphate unit;R90 | Polar contact | dTMP phosphate unit;S11 | Polar contact | ATP phosphate 2 unit;T14 | Metal contact | Mg2+ ion;T14 | Polar contact | ATP phosphate 2 unit;T15 | Polar contact | ATP phosphate 1 unit
class_29,class_23,D9 | Polar contact | ATP phosphate 3 unit;G10 | Polar contact | ATP phosphate 2–3 bridging oxygen;G12 | Polar contact | ATP phosphate 2 unit;K13 | Polar contact | ATP phosphate 2 unit;K13 | Polar contact | ATP phosphate 3 unit;K13 | Polar contact | dTMP phosphate unit;R35 | Polar contact | dTMP phosphate unit;R47 | Polar contact | dTMP phosphate unit;R90 | Polar contact | ATP phosphate 3 unit;R90 | Polar contact | dTMP phosphate unit;S11 | Polar contact | ATP phosphate 2 unit;T14 | Metal contact | Mg2+ ion;T14 | Polar contact | ATP phosphate 2 unit;T14 | Polar contact | ATP phosphate 3 unit;T15 | Polar contact | ATP phosphate 1 unit
class_30,class_24,D9 | Polar contact | ATP phosphate 3 unit;G10 | Polar contact | ATP phosphate 2–3 bridging oxygen;G12 | Polar contact | ATP phosphate 2 unit;K13 | Polar contact | ATP phosphate 2 unit;K13 | Polar contact | ATP phosphate 3 unit;K13 | Polar contact | dTMP phosphate unit;R35 | Polar contact | dTMP phosphate unit;R47 | Polar contact | dTMP phosphate unit;R90 | Polar contact | ATP phosphate 3 unit;R90 | Polar contact | dTMP phosphate unit;S11 | Polar contact | ATP phosphate 2 unit;T14 | Metal contact | Mg2+ ion;T14 | Polar contact | ATP phosphate 2 unit;T15 | Polar contact | ATP phosphate 1 unit
class_31,class_24,D9 | Polar contact | ATP phosphate 3 unit;G10 | Polar contact | ATP phosphate 2–3 bridging oxygen;G12 | Polar contact | ATP phosphate 2 unit;K13 | Polar contact | ATP phosphate 2 unit;K13 | Polar contact | ATP phosphate 3 unit;K13 | Polar contact | dTMP phosphate unit;R35 | Polar contact | dTMP phosphate unit;R47 | Polar contact | dTMP phosphate unit;R90 | Polar contact | ATP phosphate 3 unit;R90 | Polar contact | dTMP phosphate unit;S11 | Polar contact | ATP phosphate 2 unit;T14 | Metal contact | Mg2+ ion;T14 | Polar contact | ATP phosphate 2 unit;T15 | Polar contact | ATP phosphate 1 unit
class_32,class_24,D9 | Polar contact | ATP phosphate 3 unit;G10 | Polar contact | ATP phosphate 2–3 bridging oxygen;G12 | Polar contact | ATP phosphate 2 unit;K13 | Polar contact | ATP phosphate 2 unit;K13 | Polar contact | ATP phosphate 3 unit;K13 | Polar contact | dTMP phosphate unit;R35 | Polar contact | dTMP phosphate unit;R47 | Polar contact | dTMP phosphate unit;R90 | Polar contact | ATP phosphate 3 unit;R90 | Polar contact | dTMP phosphate unit;S11 | Polar contact | ATP phosphate 2 unit;T14 | Metal contact | Mg2+ ion;T14 | Polar contact | ATP phosphate 2 unit;T15 | Polar contact | ATP phosphate 1 unit
class_35,class_24,D9 | Polar contact | ATP phosphate 3 unit;G10 | Polar contact | ATP phosphate 2–3 bridging oxygen;G12 | Polar contact | ATP phosphate 2 unit;K13 | Polar contact | ATP phosphate 2 unit;K13 | Polar contact | ATP phosphate 3 unit;K13 | Polar contact | dTMP phosphate unit;R35 | Polar contact | dTMP phosphate unit;R47 | Polar contact | dTMP phosphate unit;R90 | Polar contact | ATP phosphate 3 unit;R90 | Polar contact | dTMP phosphate unit;S11 | Polar contact | ATP phosphate 2 unit;T14 | Metal contact | Mg2+ ion;T14 | Polar contact | ATP phosphate 2 unit;T15 | Polar contact | ATP phosphate 1 unit
class_56,class_24,D9 | Polar contact | ATP phosphate 3 unit;G10 | Polar contact | ATP phosphate 2–3 bridging oxygen;G12 | Polar contact | ATP phosphate 2 unit;K13 | Polar contact | ATP phosphate 2 unit;K13 | Polar contact | ATP phosphate 3 unit;K13 | Polar contact | dTMP phosphate unit;R35 | Polar contact | dTMP phosphate unit;R47 | Polar contact | dTMP phosphate unit;R90 | Polar contact | ATP phosphate 3 unit;R90 | Polar contact | dTMP phosphate unit;S11 | Polar contact | ATP phosphate 2 unit;T14 | Metal contact | Mg2+ ion;T14 | Polar contact | ATP phosphate 2 unit;T15 | Polar contact | ATP phosphate 1 unit
class_33,class_25,D9 | Polar contact | ATP phosphate 3 unit;G10 | Polar contact | ATP phosphate 2–3 bridging oxygen;G12 | Polar contact | ATP phosphate 2 unit;K13 | Polar contact | ATP phosphate 2 unit;K13 | Polar contact | ATP phosphate 3 unit;K13 | Polar contact | dTMP phosphate unit;R145 | Polar contact | ATP phosphate 3 unit;R145 | Polar contact | dTMP phosphate unit;R47 | Polar contact | dTMP phosphate unit;R90 | Polar contact | dTMP phosphate unit;S11 | Polar contact | ATP phosphate 2 unit;T14 | Metal contact | Mg2+ ion;T14 | Polar contact | ATP phosphate 2 unit;T15 | Polar contact | ATP phosphate 1 unit
class_34,class_26,D9 | Polar contact | ATP phosphate 3 unit;G10 | Polar contact | ATP phosphate 2–3 bridging oxygen;G12 | Polar contact | ATP phosphate 1–2 bridging oxygen;K13 | Polar contact | ATP phosphate 2 unit;K13 | Polar contact | ATP phosphate 3 unit;R145 | Polar contact | dTMP phosphate unit;R35 | Polar contact | dTMP phosphate unit;R47 | Polar contact | dTMP phosphate unit;R90 | Polar contact | ATP phosphate 3 unit;R90 | Polar contact | dTMP phosphate unit;S11 | Polar contact | ATP phosphate 2 unit;T14 | Metal contact | Mg2+ ion;T14 | Polar contact | ATP phosphate 2 unit;T15 | Polar contact | ATP phosphate 1 unit
class_36,class_27,D9 | Polar contact | ATP phosphate 3 unit;G10 | Polar contact | ATP phosphate 2–3 bridging oxygen;G12 | Polar contact | ATP phosphate 1–2 bridging oxygen;K13 | Polar contact | ATP phosphate 2 unit;K13 | Polar contact | ATP phosphate 3 unit;R145 | Polar contact | ATP phosphate 3 unit;R145 | Polar contact | dTMP phosphate unit;R47 | Polar contact | dTMP phosphate unit;R90 | Polar contact | ATP phosphate 3 unit;R90 | Polar contact | dTMP phosphate unit;S11 | Polar contact | ATP phosphate 2 unit;T14 | Metal contact | Mg2+ ion;T14 | Polar contact | ATP phosphate 2 unit;T15 | Polar contact | ATP phosphate 1 unit
class_37,class_28,D9 | Polar contact | ATP phosphate 3 unit;D9 | Polar contact | dTMP phosphate unit;G10 | Polar contact | ATP phosphate 2–3 bridging oxygen;G12 | Polar contact | ATP phosphate 2 unit;K13 | Polar contact | ATP phosphate 2 unit;K13 | Polar contact | ATP phosphate 3 unit;K13 | Polar contact | dTMP phosphate unit;R35 | Polar contact | dTMP phosphate unit;R90 | Polar contact | ATP phosphate 3 unit;R90 | Polar contact | dTMP phosphate unit;S11 | Polar contact | ATP phosphate 2 unit;T14 | Metal contact | Mg2+ ion;T14 | Polar contact | ATP phosphate 2 unit;T15 | Polar contact | ATP phosphate 1 unit
class_38,class_29,D9 | Polar contact | ATP phosphate 3 unit;G10 | Polar contact | ATP phosphate 2–3 bridging oxygen;G12 | Polar contact | ATP phosphate 1–2 bridging oxygen;K13 | Polar contact | ATP phosphate 2 unit;K13 | Polar contact | ATP phosphate 3 unit;K143 | Polar contact | ATP phosphate 1 unit;R35 | Polar contact | dTMP phosphate unit;R47 | Polar contact | dTMP phosphate unit;R90 | Polar contact | ATP phosphate 3 unit;R90 | Polar contact | dTMP phosphate unit;S11 | Polar contact | ATP phosphate 2 unit;T14 | Metal contact | Mg2+ ion;T14 | Polar contact | ATP phosphate 2 unit;T15 | Polar contact | ATP phosphate 1 unit
class_39,class_30,D9 | Polar contact | ATP phosphate 3 unit;G10 | Polar contact | ATP phosphate 2–3 bridging oxygen;G12 | Polar contact | ATP phosphate 2 unit;K13 | Polar contact | ATP phosphate 2 unit;K13 | Polar contact | ATP phosphate 3 unit;R145 | Polar contact | dTMP phosphate unit;R47 | Polar contact | dTMP phosphate unit;R90 | Polar contact | ATP phosphate 3 unit;R90 | Polar contact | dTMP phosphate unit;S11 | Polar contact | ATP phosphate 2 unit;T14 | Metal contact | Mg2+ ion;T14 | Polar contact | ATP phosphate 2 unit;T15 | Polar contact | ATP phosphate 1 unit
class_40,class_31,D9 | Polar contact | ATP phosphate 3 unit;G10 | Polar contact | ATP phosphate 2–3 bridging oxygen;G12 | Polar contact | ATP phosphate 2 unit;K13 | Polar contact | ATP phosphate 2 unit;K13 | Polar contact | ATP phosphate 3 unit;K13 | Polar contact | dTMP phosphate unit;R47 | Polar contact | dTMP phosphate unit;R90 | Polar contact | ATP phosphate 3 unit;R90 | Polar contact | dTMP phosphate unit;S11 | Polar contact | ATP phosphate 2 unit;T14 | Metal contact | Mg2+ ion;T14 | Polar contact | ATP phosphate 2 unit;T15 | Polar contact | ATP phosphate 1 unit
class_42,class_31,D9 | Polar contact | ATP phosphate 3 unit;G10 | Polar contact | ATP phosphate 2–3 bridging oxygen;G12 | Polar contact | ATP phosphate 2 unit;K13 | Polar contact | ATP phosphate 2 unit;K13 | Polar contact | ATP phosphate 3 unit;K13 | Polar contact | dTMP phosphate unit;R47 | Polar contact | dTMP phosphate unit;R90 | Polar contact | ATP phosphate 3 unit;R90 | Polar contact | dTMP phosphate unit;S11 | Polar contact | ATP phosphate 2 unit;T14 | Metal contact | Mg2+ ion;T14 | Polar contact | ATP phosphate 2 unit;T15 | Polar contact | ATP phosphate 1 unit
class_54,class_31,D9 | Polar contact | ATP phosphate 3 unit;G10 | Polar contact | ATP phosphate 2–3 bridging oxygen;G12 | Polar contact | ATP phosphate 2 unit;K13 | Polar contact | ATP phosphate 2 unit;K13 | Polar contact | ATP phosphate 3 unit;K13 | Polar contact | dTMP phosphate unit;R47 | Polar contact | dTMP phosphate unit;R90 | Polar contact | ATP phosphate 3 unit;R90 | Polar contact | dTMP phosphate unit;S11 | Polar contact | ATP phosphate 2 unit;T14 | Metal contact | Mg2+ ion;T14 | Polar contact | ATP phosphate 2 unit;T15 | Polar contact | ATP phosphate 1 unit
class_58,class_31,D9 | Polar contact | ATP phosphate 3 unit;G10 | Polar contact | ATP phosphate 2–3 bridging oxygen;G12 | Polar contact | ATP phosphate 2 unit;K13 | Polar contact | ATP phosphate 2 unit;K13 | Polar contact | ATP phosphate 3 unit;K13 | Polar contact | dTMP phosphate unit;R47 | Polar contact | dTMP phosphate unit;R90 | Polar contact | ATP phosphate 3 unit;R90 | Polar contact | dTMP phosphate unit;S11 | Polar contact | ATP phosphate 2 unit;T14 | Metal contact | Mg2+ ion;T14 | Polar contact | ATP phosphate 2 unit;T15 | Polar contact | ATP phosphate 1 unit
class_41,class_32,D9 | Polar contact | ATP phosphate 3 unit;G10 | Polar contact | ATP phosphate 2–3 bridging oxygen;G12 | Polar contact | ATP phosphate 2 unit;K13 | Polar contact | ATP phosphate 2 unit;K13 | Polar contact | ATP phosphate 3 unit;R47 | Polar contact | dTMP phosphate unit;R90 | Polar contact | ATP phosphate 3 unit;R90 | Polar contact | dTMP phosphate unit;S11 | Polar contact | ATP phosphate 2 unit;T14 | Metal contact | Mg2+ ion;T14 | Polar contact | ATP phosphate 2 unit;T14 | Polar contact | ATP phosphate 3 unit;T15 | Polar contact | ATP phosphate 1 unit
class_44,class_32,D9 | Polar contact | ATP phosphate 3 unit;G10 | Polar contact | ATP phosphate 2–3 bridging oxygen;G12 | Polar contact | ATP phosphate 2 unit;K13 | Polar contact | ATP phosphate 2 unit;K13 | Polar contact | ATP phosphate 3 unit;R47 | Polar contact | dTMP phosphate unit;R90 | Polar contact | ATP phosphate 3 unit;R90 | Polar contact | dTMP phosphate unit;S11 | Polar contact | ATP phosphate 2 unit;T14 | Metal contact | Mg2+ ion;T14 | Polar contact | ATP phosphate 2 unit;T14 | Polar contact | ATP phosphate 3 unit;T15 | Polar contact | ATP phosphate 1 unit
class_43,class_33,D9 | Polar contact | ATP phosphate 3 unit;G10 | Polar contact | ATP phosphate 2–3 bridging oxygen;G12 | Polar contact | ATP phosphate 2 unit;K13 | Polar contact | ATP phosphate 2 unit;K13 | Polar contact | ATP phosphate 3 unit;N144 | Polar contact | ATP phosphate 3 unit;R47 | Polar contact | dTMP phosphate unit;R90 | Polar contact | ATP phosphate 2 unit;R90 | Polar contact | ATP phosphate 3 unit;R90 | Polar contact | dTMP phosphate unit;S11 | Polar contact | ATP phosphate 2 unit;T14 | Metal contact | Mg2+ ion;T14 | Polar contact | ATP phosphate 2 unit;T15 | Polar contact | ATP phosphate 1 unit
class_45,class_34,D9 | Polar contact | ATP phosphate 3 unit;G10 | Polar contact | ATP phosphate 2–3 bridging oxygen;G12 | Polar contact | ATP phosphate 2 unit;K13 | Polar contact | ATP phosphate 2 unit;K13 | Polar contact | ATP phosphate 3 unit;K13 | Polar contact | dTMP phosphate unit;R35 | Polar contact | dTMP phosphate unit;R90 | Polar contact | ATP phosphate 3 unit;R90 | Polar contact | dTMP phosphate unit;S11 | Polar contact | ATP phosphate 2 unit;T14 | Metal contact | Mg2+ ion;T14 | Polar contact | ATP phosphate 2 unit;T15 | Polar contact | ATP phosphate 1 unit
class_46,class_35,D9 | Polar contact | ATP phosphate 2–3 bridging oxygen;G10 | Polar contact | ATP phosphate 2–3 bridging oxygen;G12 | Polar contact | ATP phosphate 1–2 bridging oxygen;K13 | Polar contact | ATP phosphate 2 unit;K13 | Polar contact | ATP phosphate 3 unit;K13 | Polar contact | dTMP phosphate unit;R47 | Polar contact | dTMP phosphate unit;R90 | Polar contact | ATP phosphate 3 unit;R90 | Polar contact | dTMP phosphate unit;S11 | Polar contact | ATP phosphate 2 unit;T14 | Metal contact | Mg2+ ion;T14 | Polar contact | ATP phosphate 2 unit;T14 | Polar contact | ATP phosphate 3 unit;T15 | Polar contact | ATP phosphate 1 unit
class_47,class_36,D9 | Polar contact | ATP phosphate 3 unit;G10 | Polar contact | ATP phosphate 2–3 bridging oxygen;G12 | Polar contact | ATP phosphate 1–2 bridging oxygen;K13 | Polar contact | ATP phosphate 2 unit;K13 | Polar contact | ATP phosphate 3 unit;R35 | Polar contact | dTMP phosphate unit;R47 | Polar contact | dTMP phosphate unit;R90 | Polar contact | ATP phosphate 3 unit;R90 | Polar contact | dTMP phosphate unit;S11 | Polar contact | ATP phosphate 2 unit;T14 | Metal contact | Mg2+ ion;T14 | Polar contact | ATP phosphate 2 unit;T15 | Polar contact | ATP phosphate 1 unit
class_51,class_36,D9 | Polar contact | ATP phosphate 3 unit;G10 | Polar contact | ATP phosphate 2–3 bridging oxygen;G12 | Polar contact | ATP phosphate 1–2 bridging oxygen;K13 | Polar contact | ATP phosphate 2 unit;K13 | Polar contact | ATP phosphate 3 unit;R35 | Polar contact | dTMP phosphate unit;R47 | Polar contact | dTMP phosphate unit;R90 | Polar contact | ATP phosphate 3 unit;R90 | Polar contact | dTMP phosphate unit;S11 | Polar contact | ATP phosphate 2 unit;T14 | Metal contact | Mg2+ ion;T14 | Polar contact | ATP phosphate 2 unit;T15 | Polar contact | ATP phosphate 1 unit
class_61,class_36,D9 | Polar contact | ATP phosphate 3 unit;G10 | Polar contact | ATP phosphate 2–3 bridging oxygen;G12 | Polar contact | ATP phosphate 1–2 bridging oxygen;K13 | Polar contact | ATP phosphate 2 unit;K13 | Polar contact | ATP phosphate 3 unit;R35 | Polar contact | dTMP phosphate unit;R47 | Polar contact | dTMP phosphate unit;R90 | Polar contact | ATP phosphate 3 unit;R90 | Polar contact | dTMP phosphate unit;S11 | Polar contact | ATP phosphate 2 unit;T14 | Metal contact | Mg2+ ion;T14 | Polar contact | ATP phosphate 2 unit;T15 | Polar contact | ATP phosphate 1 unit
class_48,class_37,D9 | Polar contact | ATP phosphate 3 unit;G10 | Polar contact | ATP phosphate 2–3 bridging oxygen;G12 | Polar contact | ATP phosphate 2 unit;K13 | Polar contact | ATP phosphate 2 unit;K13 | Polar contact | ATP phosphate 3 unit;R35 | Polar contact | dTMP phosphate unit;R47 | Polar contact | dTMP phosphate unit;R90 | Polar contact | ATP phosphate 3 unit;R90 | Polar contact | dTMP phosphate unit;S11 | Polar contact | ATP phosphate 2 unit;T14 | Metal contact | Mg2+ ion;T14 | Polar contact | ATP phosphate 2 unit;T15 | Polar contact | ATP phosphate 1 unit
class_57,class_37,D9 | Polar contact | ATP phosphate 3 unit;G10 | Polar contact | ATP phosphate 2–3 bridging oxygen;G12 | Polar contact | ATP phosphate 2 unit;K13 | Polar contact | ATP phosphate 2 unit;K13 | Polar contact | ATP phosphate 3 unit;R35 | Polar contact | dTMP phosphate unit;R47 | Polar contact | dTMP phosphate unit;R90 | Polar contact | ATP phosphate 3 unit;R90 | Polar contact | dTMP phosphate unit;S11 | Polar contact | ATP phosphate 2 unit;T14 | Metal contact | Mg2+ ion;T14 | Polar contact | ATP phosphate 2 unit;T15 | Polar contact | ATP phosphate 1 unit
class_60,class_37,D9 | Polar contact | ATP phosphate 3 unit;G10 | Polar contact | ATP phosphate 2–3 bridging oxygen;G12 | Polar contact | ATP phosphate 2 unit;K13 | Polar contact | ATP phosphate 2 unit;K13 | Polar contact | ATP phosphate 3 unit;R35 | Polar contact | dTMP phosphate unit;R47 | Polar contact | dTMP phosphate unit;R90 | Polar contact | ATP phosphate 3 unit;R90 | Polar contact | dTMP phosphate unit;S11 | Polar contact | ATP phosphate 2 unit;T14 | Metal contact | Mg2+ ion;T14 | Polar contact | ATP phosphate 2 unit;T15 | Polar contact | ATP phosphate 1 unit
class_68,class_37,D9 | Polar contact | ATP phosphate 3 unit;G10 | Polar contact | ATP phosphate 2–3 bridging oxygen;G12 | Polar contact | ATP phosphate 2 unit;K13 | Polar contact | ATP phosphate 2 unit;K13 | Polar contact | ATP phosphate 3 unit;R35 | Polar contact | dTMP phosphate unit;R47 | Polar contact | dTMP phosphate unit;R90 | Polar contact | ATP phosphate 3 unit;R90 | Polar contact | dTMP phosphate unit;S11 | Polar contact | ATP phosphate 2 unit;T14 | Metal contact | Mg2+ ion;T14 | Polar contact | ATP phosphate 2 unit;T15 | Polar contact | ATP phosphate 1 unit
class_49,class_38,D9 | Polar contact | ATP phosphate 2–3 bridging oxygen;G10 | Polar contact | ATP phosphate 2–3 bridging oxygen;G12 | Polar contact | ATP phosphate 1–2 bridging oxygen;K13 | Polar contact | ATP phosphate 2 unit;K13 | Polar contact | ATP phosphate 3 unit;R35 | Polar contact | dTMP phosphate unit;R47 | Polar contact | dTMP phosphate unit;R90 | Polar contact | ATP phosphate 2 unit;R90 | Polar contact | ATP phosphate 3 unit;R90 | Polar contact | dTMP phosphate unit;S11 | Polar contact | ATP phosphate 2 unit;T14 | Metal contact | Mg2+ ion;T14 | Polar contact | ATP phosphate 2 unit;T15 | Polar contact | ATP phosphate 1 unit
class_50,class_39,D9 | Polar contact | ATP phosphate 3 unit;D9 | Polar contact | dTMP phosphate unit;G10 | Polar contact | ATP phosphate 2–3 bridging oxygen;G12 | Polar contact | ATP phosphate 2 unit;K13 | Polar contact | ATP phosphate 2 unit;K13 | Polar contact | ATP phosphate 3 unit;R35 | Polar contact | dTMP phosphate unit;R47 | Polar contact | dTMP phosphate unit;R90 | Polar contact | ATP phosphate 3 unit;R90 | Polar contact | dTMP phosphate unit;S11 | Polar contact | ATP phosphate 2 unit;T14 | Metal contact | Mg2+ ion;T14 | Polar contact | ATP phosphate 2 unit;T15 | Polar contact | ATP phosphate 1 unit
class_52,class_40,D9 | Polar contact | ATP phosphate 3 unit;G10 | Polar contact | ATP phosphate 2–3 bridging oxygen;G12 | Polar contact | ATP phosphate 1–2 bridging oxygen;K13 | Polar contact | ATP phosphate 2 unit;K13 | Polar contact | ATP phosphate 3 unit;K13 | Polar contact | dTMP phosphate unit;R35 | Polar contact | dTMP phosphate unit;R47 | Polar contact | dTMP phosphate unit;R90 | Polar contact | dTMP phosphate unit;S11 | Polar contact | ATP phosphate 2 unit;T14 | Metal contact | Mg2+ ion;T14 | Polar contact | ATP phosphate 2 unit;T15 | Polar contact | ATP phosphate 1 unit
class_53,class_41,D9 | Polar contact | ATP phosphate 3 unit;G10 | Polar contact | ATP phosphate 2–3 bridging oxygen;G12 | Polar contact | ATP phosphate 1–2 bridging oxygen;K13 | Polar contact | ATP phosphate 2 unit;K13 | Polar contact | ATP phosphate 3 unit;N144 | Polar contact | ATP phosphate 3 unit;R47 | Polar contact | dTMP phosphate unit;R90 | Polar contact | ATP phosphate 3 unit;R90 | Polar contact | dTMP phosphate unit;S11 | Polar contact | ATP phosphate 2 unit;T14 | Metal contact | Mg2+ ion;T14 | Polar contact | ATP phosphate 2 unit;T15 | Polar contact | ATP phosphate 1 unit
class_55,class_42,D9 | Polar contact | ATP phosphate 2–3 bridging oxygen;G10 | Polar contact | ATP phosphate 2–3 bridging oxygen;G12 | Polar contact | ATP phosphate 1–2 bridging oxygen;K13 | Polar contact | ATP phosphate 2 unit;K13 | Polar contact | ATP phosphate 3 unit;R35 | Polar contact | dTMP phosphate unit;R47 | Polar contact | dTMP phosphate unit;R90 | Polar contact | ATP phosphate 3 unit;R90 | Polar contact | dTMP phosphate unit;S11 | Polar contact | ATP phosphate 2 unit;T14 | Metal contact | Mg2+ ion;T14 | Polar contact | ATP phosphate 2 unit;T15 | Polar contact | ATP phosphate 1 unit
class_73,class_42,D9 | Polar contact | ATP phosphate 2–3 bridging oxygen;G10 | Polar contact | ATP phosphate 2–3 bridging oxygen;G12 | Polar contact | ATP phosphate 1–2 bridging oxygen;K13 | Polar contact | ATP phosphate 2 unit;K13 | Polar contact | ATP phosphate 3 unit;R35 | Polar contact | dTMP phosphate unit;R47 | Polar contact | dTMP phosphate unit;R90 | Polar contact | ATP phosphate 3 unit;R90 | Polar contact | dTMP phosphate unit;S11 | Polar contact | ATP phosphate 2 unit;T14 | Metal contact | Mg2+ ion;T14 | Polar contact | ATP phosphate 2 unit;T15 | Polar contact | ATP phosphate 1 unit
class_59,class_43,D9 | Polar contact | ATP phosphate 3 unit;G10 | Polar contact | ATP phosphate 2–3 bridging oxygen;G12 | Polar contact | ATP phosphate 2 unit;K13 | Polar contact | ATP phosphate 2 unit;K13 | Polar contact | ATP phosphate 3 unit;K13 | Polar contact | dTMP phosphate unit;R35 | Polar contact | dTMP phosphate unit;R47 | Polar contact | dTMP phosphate unit;R90 | Polar contact | dTMP phosphate unit;S11 | Polar contact | ATP phosphate 2 unit;T14 | Metal contact | Mg2+ ion;T14 | Polar contact | ATP phosphate 2 unit;T15 | Polar contact | ATP phosphate 1 unit
class_62,class_44,D9 | Polar contact | ATP phosphate 3 unit;G10 | Polar contact | ATP phosphate 2–3 bridging oxygen;G12 | Polar contact | ATP phosphate 2 unit;K13 | Polar contact | ATP phosphate 2 unit;K13 | Polar contact | ATP phosphate 3 unit;R47 | Polar contact | dTMP phosphate unit;R90 | Polar contact | ATP phosphate 3 unit;R90 | Polar contact | dTMP phosphate unit;S11 | Polar contact | ATP phosphate 2 unit;T14 | Metal contact | Mg2+ ion;T14 | Polar contact | ATP phosphate 2 unit;T15 | Polar contact | ATP phosphate 1 unit
class_63,class_44,D9 | Polar contact | ATP phosphate 3 unit;G10 | Polar contact | ATP phosphate 2–3 bridging oxygen;G12 | Polar contact | ATP phosphate 2 unit;K13 | Polar contact | ATP phosphate 2 unit;K13 | Polar contact | ATP phosphate 3 unit;R47 | Polar contact | dTMP phosphate unit;R90 | Polar contact | ATP phosphate 3 unit;R90 | Polar contact | dTMP phosphate unit;S11 | Polar contact | ATP phosphate 2 unit;T14 | Metal contact | Mg2+ ion;T14 | Polar contact | ATP phosphate 2 unit;T15 | Polar contact | ATP phosphate 1 unit
class_69,class_44,D9 | Polar contact | ATP phosphate 3 unit;G10 | Polar contact | ATP phosphate 2–3 bridging oxygen;G12 | Polar contact | ATP phosphate 2 unit;K13 | Polar contact | ATP phosphate 2 unit;K13 | Polar contact | ATP phosphate 3 unit;R47 | Polar contact | dTMP phosphate unit;R90 | Polar contact | ATP phosphate 3 unit;R90 | Polar contact | dTMP phosphate unit;S11 | Polar contact | ATP phosphate 2 unit;T14 | Metal contact | Mg2+ ion;T14 | Polar contact | ATP phosphate 2 unit;T15 | Polar contact | ATP phosphate 1 unit
class_80,class_44,D9 | Polar contact | ATP phosphate 3 unit;G10 | Polar contact | ATP phosphate 2–3 bridging oxygen;G12 | Polar contact | ATP phosphate 2 unit;K13 | Polar contact | ATP phosphate 2 unit;K13 | Polar contact | ATP phosphate 3 unit;R47 | Polar contact | dTMP phosphate unit;R90 | Polar contact | ATP phosphate 3 unit;R90 | Polar contact | dTMP phosphate unit;S11 | Polar contact | ATP phosphate 2 unit;T14 | Metal contact | Mg2+ ion;T14 | Polar contact | ATP phosphate 2 unit;T15 | Polar contact | ATP phosphate 1 unit
class_82,class_44,D9 | Polar contact | ATP phosphate 3 unit;G10 | Polar contact | ATP phosphate 2–3 bridging oxygen;G12 | Polar contact | ATP phosphate 2 unit;K13 | Polar contact | ATP phosphate 2 unit;K13 | Polar contact | ATP phosphate 3 unit;R47 | Polar contact | dTMP phosphate unit;R90 | Polar contact | ATP phosphate 3 unit;R90 | Polar contact | dTMP phosphate unit;S11 | Polar contact | ATP phosphate 2 unit;T14 | Metal contact | Mg2+ ion;T14 | Polar contact | ATP phosphate 2 unit;T15 | Polar contact | ATP phosphate 1 unit
class_85,class_44,D9 | Polar contact | ATP phosphate 3 unit;G10 | Polar contact | ATP phosphate 2–3 bridging oxygen;G12 | Polar contact | ATP phosphate 2 unit;K13 | Polar contact | ATP phosphate 2 unit;K13 | Polar contact | ATP phosphate 3 unit;R47 | Polar contact | dTMP phosphate unit;R90 | Polar contact | ATP phosphate 3 unit;R90 | Polar contact | dTMP phosphate unit;S11 | Polar contact | ATP phosphate 2 unit;T14 | Metal contact | Mg2+ ion;T14 | Polar contact | ATP phosphate 2 unit;T15 | Polar contact | ATP phosphate 1 unit
class_87,class_44,D9 | Polar contact | ATP phosphate 3 unit;G10 | Polar contact | ATP phosphate 2–3 bridging oxygen;G12 | Polar contact | ATP phosphate 2 unit;K13 | Polar contact | ATP phosphate 2 unit;K13 | Polar contact | ATP phosphate 3 unit;R47 | Polar contact | dTMP phosphate unit;R90 | Polar contact | ATP phosphate 3 unit;R90 | Polar contact | dTMP phosphate unit;S11 | Polar contact | ATP phosphate 2 unit;T14 | Metal contact | Mg2+ ion;T14 | Polar contact | ATP phosphate 2 unit;T15 | Polar contact | ATP phosphate 1 unit
class_88,class_44,D9 | Polar contact | ATP phosphate 3 unit;G10 | Polar contact | ATP phosphate 2–3 bridging oxygen;G12 | Polar contact | ATP phosphate 2 unit;K13 | Polar contact | ATP phosphate 2 unit;K13 | Polar contact | ATP phosphate 3 unit;R47 | Polar contact | dTMP phosphate unit;R90 | Polar contact | ATP phosphate 3 unit;R90 | Polar contact | dTMP phosphate unit;S11 | Polar contact | ATP phosphate 2 unit;T14 | Metal contact | Mg2+ ion;T14 | Polar contact | ATP phosphate 2 unit;T15 | Polar contact | ATP phosphate 1 unit
class_64,class_45,D9 | Polar contact | ATP phosphate 3 unit;G10 | Polar contact | ATP phosphate 2–3 bridging oxygen;G12 | Polar contact | ATP phosphate 2 unit;K13 | Polar contact | ATP phosphate 2 unit;K13 | Polar contact | ATP phosphate 3 unit;R35 | Polar contact | dTMP phosphate unit;R47 | Polar contact | dTMP phosphate unit;R90 | Polar contact | ATP phosphate 3 unit;R90 | Polar contact | dTMP phosphate unit;S11 | Polar contact | ATP phosphate 2 unit;T14 | Polar contact | ATP phosphate 2 unit;T15 | Polar contact | ATP phosphate 1 unit
class_65,class_46,D9 | Polar contact | ATP phosphate 2–3 bridging oxygen;G10 | Polar contact | ATP phosphate 2–3 bridging oxygen;G12 | Polar contact | ATP phosphate 2 unit;K13 | Polar contact | ATP phosphate 2 unit;K13 | Polar contact | ATP phosphate 3 unit;K13 | Polar contact | dTMP phosphate unit;R47 | Polar contact | dTMP phosphate unit;R90 | Polar contact | ATP phosphate 3 unit;R90 | Polar contact | dTMP phosphate unit;S11 | Polar contact | ATP phosphate 2 unit;T14 | Metal contact | Mg2+ ion;T14 | Polar contact | ATP phosphate 2 unit;T15 | Polar contact | ATP phosphate 1 unit
class_66,class_47,D9 | Polar contact | ATP phosphate 2–3 bridging oxygen;G10 | Polar contact | ATP phosphate 2–3 bridging oxygen;G12 | Polar contact | ATP phosphate 1–2 bridging oxygen;K13 | Polar contact | ATP phosphate 2 unit;K13 | Polar contact | ATP phosphate 3 unit;K13 | Polar contact | dTMP phosphate unit;R47 | Polar contact | dTMP phosphate unit;R90 | Polar contact | ATP phosphate 3 unit;R90 | Polar contact | dTMP phosphate unit;S11 | Polar contact | ATP phosphate 2 unit;T14 | Metal contact | Mg2+ ion;T14 | Polar contact | ATP phosphate 2 unit;T15 | Polar contact | ATP phosphate 1 unit
class_67,class_48,D9 | Polar contact | ATP phosphate 3 unit;G10 | Polar contact | ATP phosphate 2–3 bridging oxygen;G12 | Polar contact | ATP phosphate 1–2 bridging oxygen;K13 | Polar contact | ATP phosphate 2 unit;K13 | Polar contact | ATP phosphate 3 unit;R47 | Polar contact | dTMP phosphate unit;R90 | Polar contact | ATP phosphate 3 unit;R90 | Polar contact | dTMP phosphate unit;S11 | Polar contact | ATP phosphate 2 unit;T14 | Metal contact | Mg2+ ion;T14 | Polar contact | ATP phosphate 2 unit;T15 | Polar contact | ATP phosphate 1 unit
class_72,class_48,D9 | Polar contact | ATP phosphate 3 unit;G10 | Polar contact | ATP phosphate 2–3 bridging oxygen;G12 | Polar contact | ATP phosphate 1–2 bridging oxygen;K13 | Polar contact | ATP phosphate 2 unit;K13 | Polar contact | ATP phosphate 3 unit;R47 | Polar contact | dTMP phosphate unit;R90 | Polar contact | ATP phosphate 3 unit;R90 | Polar contact | dTMP phosphate unit;S11 | Polar contact | ATP phosphate 2 unit;T14 | Metal contact | Mg2+ ion;T14 | Polar contact | ATP phosphate 2 unit;T15 | Polar contact | ATP phosphate 1 unit
class_77,class_48,D9 | Polar contact | ATP phosphate 3 unit;G10 | Polar contact | ATP phosphate 2–3 bridging oxygen;G12 | Polar contact | ATP phosphate 1–2 bridging oxygen;K13 | Polar contact | ATP phosphate 2 unit;K13 | Polar contact | ATP phosphate 3 unit;R47 | Polar contact | dTMP phosphate unit;R90 | Polar contact | ATP phosphate 3 unit;R90 | Polar contact | dTMP phosphate unit;S11 | Polar contact | ATP phosphate 2 unit;T14 | Metal contact | Mg2+ ion;T14 | Polar contact | ATP phosphate 2 unit;T15 | Polar contact | ATP phosphate 1 unit
class_81,class_48,D9 | Polar contact | ATP phosphate 3 unit;G10 | Polar contact | ATP phosphate 2–3 bridging oxygen;G12 | Polar contact | ATP phosphate 1–2 bridging oxygen;K13 | Polar contact | ATP phosphate 2 unit;K13 | Polar contact | ATP phosphate 3 unit;R47 | Polar contact | dTMP phosphate unit;R90 | Polar contact | ATP phosphate 3 unit;R90 | Polar contact | dTMP phosphate unit;S11 | Polar contact | ATP phosphate 2 unit;T14 | Metal contact | Mg2+ ion;T14 | Polar contact | ATP phosphate 2 unit;T15 | Polar contact | ATP phosphate 1 unit
class_70,class_49,D9 | Polar contact | ATP phosphate 3 unit;G10 | Polar contact | ATP phosphate 2–3 bridging oxygen;G12 | Polar contact | ATP phosphate 2 unit;K13 | Polar contact | ATP phosphate 2 unit;K13 | Polar contact | ATP phosphate 3 unit;R90 | Polar contact | ATP phosphate 3 unit;R90 | Polar contact | dTMP phosphate unit;S11 | Polar contact | ATP phosphate 2 unit;T14 | Metal contact | Mg2+ ion;T14 | Polar contact | ATP phosphate 2 unit;T14 | Polar contact | ATP phosphate 3 unit;T15 | Polar contact | ATP phosphate 1 unit
class_71,class_50,D9 | Polar contact | ATP phosphate 2–3 bridging oxygen;G10 | Polar contact | ATP phosphate 2–3 bridging oxygen;G12 | Polar contact | ATP phosphate 1–2 bridging oxygen;K13 | Polar contact | ATP phosphate 2 unit;K13 | Polar contact | ATP phosphate 3 unit;R47 | Polar contact | dTMP phosphate unit;R90 | Polar contact | ATP phosphate 3 unit;R90 | Polar contact | dTMP phosphate unit;S11 | Polar contact | ATP phosphate 2 unit;T14 | Metal contact | Mg2+ ion;T14 | Polar contact | ATP phosphate 2 unit;T15 | Polar contact | ATP phosphate 1 unit
class_74,class_51,D9 | Polar contact | ATP phosphate 2–3 bridging oxygen;G10 | Polar contact | ATP phosphate 2–3 bridging oxygen;G12 | Polar contact | ATP phosphate 1–2 bridging oxygen;K13 | Polar contact | ATP phosphate 2 unit;K13 | Polar contact | ATP phosphate 3 unit;R35 | Polar contact | dTMP phosphate unit;R90 | Polar contact | ATP phosphate 3 unit;R90 | Polar contact | dTMP phosphate unit;S11 | Polar contact | ATP phosphate 2 unit;T14 | Metal contact | Mg2+ ion;T14 | Polar contact | ATP phosphate 2 unit;T15 | Polar contact | ATP phosphate 1 unit
class_75,class_52,D9 | Polar contact | ATP phosphate 3 unit;G10 | Polar contact | ATP phosphate 2–3 bridging oxygen;G12 | Polar contact | ATP phosphate 1–2 bridging oxygen;K13 | Polar contact | ATP phosphate 2 unit;K13 | Polar contact | ATP phosphate 3 unit;R145 | Polar contact | dTMP phosphate unit;R47 | Polar contact | dTMP phosphate unit;R90 | Polar contact | dTMP phosphate unit;S11 | Polar contact | ATP phosphate 2 unit;T14 | Metal contact | Mg2+ ion;T14 | Polar contact | ATP phosphate 2 unit;T15 | Polar contact | ATP phosphate 1 unit
class_76,class_53,D9 | Polar contact | ATP phosphate 2–3 bridging oxygen;D9 | Polar contact | dTMP phosphate unit;G10 | Polar contact | ATP phosphate 2–3 bridging oxygen;G12 | Polar contact | ATP phosphate 1–2 bridging oxygen;K13 | Polar contact | ATP phosphate 2 unit;K13 | Polar contact | ATP phosphate 3 unit;R35 | Polar contact | dTMP phosphate unit;R90 | Polar contact | ATP phosphate 3 unit;R90 | Polar contact | dTMP phosphate unit;S11 | Polar contact | ATP phosphate 2 unit;T14 | Metal contact | Mg2+ ion;T14 | Polar contact | ATP phosphate 2 unit;T15 | Polar contact | ATP phosphate 1 unit
class_78,class_54,D9 | Polar contact | ATP phosphate 3 unit;G10 | Polar contact | ATP phosphate 2–3 bridging oxygen;G12 | Polar contact | ATP phosphate 2 unit;K13 | Polar contact | ATP phosphate 2 unit;K13 | Polar contact | ATP phosphate 3 unit;R35 | Polar contact | dTMP phosphate unit;R90 | Polar contact | ATP phosphate 3 unit;R90 | Polar contact | dTMP phosphate unit;S11 | Polar contact | ATP phosphate 2 unit;T14 | Metal contact | Mg2+ ion;T14 | Polar contact | ATP phosphate 2 unit;T15 | Polar contact | ATP phosphate 1 unit
class_91,class_54,D9 | Polar contact | ATP phosphate 3 unit;G10 | Polar contact | ATP phosphate 2–3 bridging oxygen;G12 | Polar contact | ATP phosphate 2 unit;K13 | Polar contact | ATP phosphate 2 unit;K13 | Polar contact | ATP phosphate 3 unit;R35 | Polar contact | dTMP phosphate unit;R90 | Polar contact | ATP phosphate 3 unit;R90 | Polar contact | dTMP phosphate unit;S11 | Polar contact | ATP phosphate 2 unit;T14 | Metal contact | Mg2+ ion;T14 | Polar contact | ATP phosphate 2 unit;T15 | Polar contact | ATP phosphate 1 unit
class_79,class_55,D9 | Polar contact | ATP phosphate 3 unit;G10 | Polar contact | ATP phosphate 2–3 bridging oxygen;G12 | Polar contact | ATP phosphate 1–2 bridging oxygen;K13 | Polar contact | ATP phosphate 2 unit;K13 | Polar contact | ATP phosphate 3 unit;R35 | Polar contact | dTMP phosphate unit;R90 | Polar contact | ATP phosphate 3 unit;R90 | Polar contact | dTMP phosphate unit;S11 | Polar contact | ATP phosphate 2 unit;T14 | Metal contact | Mg2+ ion;T14 | Polar contact | ATP phosphate 2 unit;T15 | Polar contact | ATP phosphate 1 unit
class_95,class_55,D9 | Polar contact | ATP phosphate 3 unit;G10 | Polar contact | ATP phosphate 2–3 bridging oxygen;G12 | Polar contact | ATP phosphate 1–2 bridging oxygen;K13 | Polar contact | ATP phosphate 2 unit;K13 | Polar contact | ATP phosphate 3 unit;R35 | Polar contact | dTMP phosphate unit;R90 | Polar contact | ATP phosphate 3 unit;R90 | Polar contact | dTMP phosphate unit;S11 | Polar contact | ATP phosphate 2 unit;T14 | Metal contact | Mg2+ ion;T14 | Polar contact | ATP phosphate 2 unit;T15 | Polar contact | ATP phosphate 1 unit
class_83,class_56,D9 | Polar contact | ATP phosphate 3 unit;G10 | Polar contact | ATP phosphate 2–3 bridging oxygen;G12 | Polar contact | ATP phosphate 2 unit;K13 | Polar contact | ATP phosphate 2 unit;K13 | Polar contact | ATP phosphate 3 unit;R47 | Polar contact | dTMP phosphate unit;R90 | Polar contact | ATP phosphate 3 unit;R90 | Polar contact | dTMP phosphate unit;S11 | Polar contact | ATP phosphate 2 unit;T14 | Polar contact | ATP phosphate 2 unit;T15 | Polar contact | ATP phosphate 1 unit
class_96,class_56,D9 | Polar contact | ATP phosphate 3 unit;G10 | Polar contact | ATP phosphate 2–3 bridging oxygen;G12 | Polar contact | ATP phosphate 2 unit;K13 | Polar contact | ATP phosphate 2 unit;K13 | Polar contact | ATP phosphate 3 unit;R47 | Polar contact | dTMP phosphate unit;R90 | Polar contact | ATP phosphate 3 unit;R90 | Polar contact | dTMP phosphate unit;S11 | Polar contact | ATP phosphate 2 unit;T14 | Polar contact | ATP phosphate 2 unit;T15 | Polar contact | ATP phosphate 1 unit
class_98,class_56,D9 | Polar contact | ATP phosphate 3 unit;G10 | Polar contact | ATP phosphate 2–3 bridging oxygen;G12 | Polar contact | ATP phosphate 2 unit;K13 | Polar contact | ATP phosphate 2 unit;K13 | Polar contact | ATP phosphate 3 unit;R47 | Polar contact | dTMP phosphate unit;R90 | Polar contact | ATP phosphate 3 unit;R90 | Polar contact | dTMP phosphate unit;S11 | Polar contact | ATP phosphate 2 unit;T14 | Polar contact | ATP phosphate 2 unit;T15 | Polar contact | ATP phosphate 1 unit
class_84,class_57,G10 | Polar contact | ATP phosphate 2–3 bridging oxygen;G12 | Polar contact | ATP phosphate 2 unit;K13 | Polar contact | ATP phosphate 2 unit;K13 | Polar contact | ATP phosphate 3 unit;R47 | Polar contact | dTMP phosphate unit;R90 | Polar contact | ATP phosphate 3 unit;R90 | Polar contact | dTMP phosphate unit;S11 | Polar contact | ATP phosphate 2 unit;T14 | Metal contact | Mg2+ ion;T14 | Polar contact | ATP phosphate 2 unit;T15 | Polar contact | ATP phosphate 1 unit
class_86,class_58,D9 | Polar contact | ATP phosphate 3 unit;G10 | Polar contact | ATP phosphate 3 unit;G12 | Polar contact | ATP phosphate 2 unit;K13 | Polar contact | ATP phosphate 2 unit;K13 | Polar contact | ATP phosphate 3 unit;R47 | Polar contact | dTMP phosphate unit;R90 | Polar contact | ATP phosphate 3 unit;R90 | Polar contact | dTMP phosphate unit;S11 | Polar contact | ATP phosphate 2 unit;T14 | Metal contact | Mg2+ ion;T14 | Polar contact | ATP phosphate 2 unit;T15 | Polar contact | ATP phosphate 1 unit
class_89,class_59,D9 | Polar contact | ATP phosphate 2–3 bridging oxygen;G10 | Polar contact | ATP phosphate 2–3 bridging oxygen;G12 | Polar contact | ATP phosphate 2 unit;K13 | Polar contact | ATP phosphate 2 unit;K13 | Polar contact | ATP phosphate 3 unit;R47 | Polar contact | dTMP phosphate unit;R90 | Polar contact | ATP phosphate 2 unit;R90 | Polar contact | ATP phosphate 3 unit;R90 | Polar contact | dTMP phosphate unit;S11 | Polar contact | ATP phosphate 2 unit;T14 | Polar contact | ATP phosphate 2 unit;T15 | Polar contact | ATP phosphate 1 unit
class_90,class_60,D9 | Polar contact | ATP phosphate 3 unit;G10 | Polar contact | ATP phosphate 2–3 bridging oxygen;G12 | Polar contact | ATP phosphate 2 unit;K13 | Polar contact | ATP phosphate 2 unit;K13 | Polar contact | ATP phosphate 3 unit;R145 | Polar contact | dTMP phosphate unit;R47 | Polar contact | dTMP phosphate unit;R90 | Polar contact | ATP phosphate 3 unit;R90 | Polar contact | dTMP phosphate unit;S11 | Polar contact | ATP phosphate 2 unit;T14 | Polar contact | ATP phosphate 2 unit;T15 | Polar contact | ATP phosphate 1 unit
class_92,class_61,D9 | Polar contact | ATP phosphate 2–3 bridging oxygen;G10 | Polar contact | ATP phosphate 2–3 bridging oxygen;G12 | Polar contact | ATP phosphate 1–2 bridging oxygen;K13 | Polar contact | ATP phosphate 2 unit;K13 | Polar contact | ATP phosphate 3 unit;R35 | Polar contact | dTMP phosphate unit;R47 | Polar contact | dTMP phosphate unit;R90 | Polar contact | dTMP phosphate unit;S11 | Polar contact | ATP phosphate 2 unit;T14 | Metal contact | Mg2+ ion;T14 | Polar contact | ATP phosphate 2 unit;T15 | Polar contact | ATP phosphate 1 unit
class_93,class_62,D9 | Polar contact | ATP phosphate 3 unit;G10 | Polar contact | ATP phosphate 2–3 bridging oxygen;G12 | Polar contact | ATP phosphate 1–2 bridging oxygen;K13 | Polar contact | ATP phosphate 2 unit;K13 | Polar contact | ATP phosphate 3 unit;R35 | Polar contact | dTMP phosphate unit;R47 | Polar contact | dTMP phosphate unit;R90 | Polar contact | dTMP phosphate unit;S11 | Polar contact | ATP phosphate 2 unit;T14 | Metal contact | Mg2+ ion;T14 | Polar contact | ATP phosphate 2 unit;T15 | Polar contact | ATP phosphate 1 unit
class_94,class_63,D9 | Polar contact | ATP phosphate 3 unit;G10 | Polar contact | ATP phosphate 2–3 bridging oxygen;G12 | Polar contact | ATP phosphate 2 unit;K13 | Polar contact | ATP phosphate 2 unit;K13 | Polar contact | ATP phosphate 3 unit;K13 | Polar contact | dTMP phosphate unit;R35 | Polar contact | dTMP phosphate unit;R47 | Polar contact | dTMP phosphate unit;S11 | Polar contact | ATP phosphate 2 unit;T14 | Metal contact | Mg2+ ion;T14 | Polar contact | ATP phosphate 2 unit;T15 | Polar contact | ATP phosphate 1 unit
class_97,class_64,D9 | Polar contact | ATP phosphate 3 unit;G10 | Polar contact | ATP phosphate 2–3 bridging oxygen;G12 | Polar contact | ATP phosphate 2 unit;K13 | Polar contact | ATP phosphate 2 unit;K13 | Polar contact | ATP phosphate 3 unit;R47 | Polar contact | dTMP phosphate unit;R90 | Polar contact | ATP phosphate 3 unit;R90 | Polar contact | dTMP phosphate unit;S11 | Polar contact | ATP phosphate 2–3 bridging oxygen;T14 | Polar contact | ATP phosphate 2 unit;T15 | Polar contact | ATP phosphate 1 unit
class_99,class_65,D9 | Polar contact | ATP phosphate 2–3 bridging oxygen;G10 | Polar contact | ATP phosphate 2–3 bridging oxygen;G12 | Polar contact | ATP phosphate 1–2 bridging oxygen;K13 | Polar contact | ATP phosphate 2 unit;K13 | Polar contact | ATP phosphate 3 unit;R47 | Polar contact | dTMP phosphate unit;R90 | Polar contact | ATP phosphate 3 unit;R90 | Polar contact | dTMP phosphate unit;S11 | Polar contact | ATP phosphate 2 unit;T14 | Polar contact | ATP phosphate 2 unit;T15 | Polar contact | ATP phosphate 1 unit
class_100,class_66,G10 | Polar contact | ATP phosphate 2–3 bridging oxygen;G12 | Polar contact | ATP phosphate 2 unit;K13 | Polar contact | ATP phosphate 2 unit;K13 | Polar contact | ATP phosphate 3 unit;R90 | Polar contact | ATP phosphate 3 unit;R90 | Polar contact | dTMP phosphate unit;S11 | Polar contact | ATP phosphate 2 unit;T14 | Metal contact | Mg2+ ion;T14 | Polar contact | ATP phosphate 2 unit;T15 | Polar contact | ATP phosphate 1 unit
class_101,class_67,D9 | Polar contact | ATP phosphate 3 unit;G10 | Polar contact | ATP phosphate 2–3 bridging oxygen;G12 | Polar contact | ATP phosphate 2 unit;K13 | Polar contact | ATP phosphate 2 unit;K13 | Polar contact | ATP phosphate 3 unit;R90 | Polar contact | ATP phosphate 3 unit;R90 | Polar contact | dTMP phosphate unit;S11 | Polar contact | ATP phosphate 2 unit;T14 | Polar contact | ATP phosphate 2 unit;T15 | Polar contact | ATP phosphate 1 unit
