Original class,Merged class,Canonical signature
Class 1,Class 1,E310 | Polar contact | Carboxylate oxygen unit;E310 | Polar contact | N2 site;F247 | Hydrophobic contact | Aliphatic carbon unit;N264 | Polar contact | Carboxylate oxygen unit;N317 | Polar contact | Carboxylate oxygen unit;S215 | Polar contact | O1 site;V413 | Hydrophobic contact | Aliphatic carbon unit;V413 | Polar contact | O1 site;Y178 | Polar contact | N2 site;Y343 | Polar contact | Carboxylate oxygen unit;Y395 | Polar contact | N1 site;Y395 | Polar contact | O1 site
Class 2,Class 2,E310 | Polar contact | Carboxylate oxygen unit;E310 | Polar contact | N2 site;N264 | Polar contact | Carboxylate oxygen unit;N317 | Polar contact | Carboxylate oxygen unit;S215 | Polar contact | O1 site;V413 | Hydrophobic contact | Aliphatic carbon unit;V413 | Polar contact | O1 site;Y178 | Polar contact | N2 site;Y343 | Polar contact | Carboxylate oxygen unit;Y395 | Polar contact | N1 site;Y395 | Polar contact | O1 site
Class 3,Class 3,E310 | Polar contact | Carboxylate oxygen unit;E310 | Polar contact | N2 site;F247 | Hydrophobic contact | Aliphatic carbon unit;N264 | Polar contact | Carboxylate oxygen unit;N317 | Polar contact | Carboxylate oxygen unit;S215 | Polar contact | O1 site;V413 | Hydrophobic contact | Aliphatic carbon unit;V413 | Polar contact | O1 site;Y343 | Polar contact | Carboxylate oxygen unit;Y395 | Polar contact | N1 site;Y395 | Polar contact | O1 site
Class 4,Class 4,C347 | Polar contact | N2 site;E310 | Polar contact | Carboxylate oxygen unit;E310 | Polar contact | N2 site;N264 | Polar contact | Carboxylate oxygen unit;N317 | Polar contact | Carboxylate oxygen unit;S215 | Polar contact | O1 site;V413 | Hydrophobic contact | Aliphatic carbon unit;V413 | Polar contact | O1 site;Y343 | Polar contact | Carboxylate oxygen unit;Y395 | Polar contact | N1 site;Y395 | Polar contact | O1 site
Class 5,Class 5,C347 | Polar contact | Carboxylate oxygen unit;E310 | Polar contact | Carboxylate oxygen unit;E310 | Polar contact | N2 site;F247 | Hydrophobic contact | Aliphatic carbon unit;N264 | Polar contact | Carboxylate oxygen unit;N317 | Polar contact | Carboxylate oxygen unit;S215 | Polar contact | O1 site;V413 | Hydrophobic contact | Aliphatic carbon unit;V413 | Polar contact | O1 site;Y343 | Polar contact | Carboxylate oxygen unit;Y395 | Polar contact | N1 site
Class 6,Class 6,E310 | Polar contact | Carboxylate oxygen unit;E310 | Polar contact | N2 site;N264 | Polar contact | Carboxylate oxygen unit;N317 | Polar contact | Carboxylate oxygen unit;S215 | Polar contact | O1 site;V413 | Hydrophobic contact | Aliphatic carbon unit;V413 | Polar contact | O1 site;Y343 | Polar contact | Carboxylate oxygen unit;Y395 | Polar contact | N1 site;Y395 | Polar contact | O1 site
Class 7,Class 7,E310 | Polar contact | Carboxylate oxygen unit;N264 | Polar contact | Carboxylate oxygen unit;N317 | Polar contact | Carboxylate oxygen unit;Q214 | Polar contact | N2 site;S215 | Polar contact | O1 site;V413 | Hydrophobic contact | Aliphatic carbon unit;V413 | Polar contact | O1 site;Y343 | Polar contact | Carboxylate oxygen unit;Y395 | Polar contact | N1 site;Y395 | Polar contact | O1 site
Class 8,Class 8,E310 | Polar contact | Carboxylate oxygen unit;E310 | Polar contact | N2 site;N264 | Polar contact | Carboxylate oxygen unit;N317 | Polar contact | Carboxylate oxygen unit;S215 | Polar contact | O1 site;V413 | Hydrophobic contact | Aliphatic carbon unit;V413 | Polar contact | O1 site;Y178 | Polar contact | N2 site;Y343 | Polar contact | Carboxylate oxygen unit;Y395 | Polar contact | N1 site
Class 9,Class 9,E310 | Polar contact | Carboxylate oxygen unit;E310 | Polar contact | N2 site;F247 | Hydrophobic contact | Aliphatic carbon unit;N264 | Polar contact | Carboxylate oxygen unit;N317 | Polar contact | Carboxylate oxygen unit;S215 | Polar contact | O1 site;V413 | Hydrophobic contact | Aliphatic carbon unit;V413 | Polar contact | O1 site;Y343 | Polar contact | Carboxylate oxygen unit;Y395 | Polar contact | N1 site
Class 10,Class 10,C347 | Polar contact | N2 site;E310 | Polar contact | Carboxylate oxygen unit;E310 | Polar contact | N2 site;N317 | Polar contact | Carboxylate oxygen unit;S215 | Polar contact | O1 site;V413 | Hydrophobic contact | Aliphatic carbon unit;V413 | Polar contact | O1 site;Y343 | Polar contact | Carboxylate oxygen unit;Y395 | Polar contact | N1 site;Y395 | Polar contact | O1 site
Class 11,Class 11,E310 | Polar contact | Carboxylate oxygen unit;E310 | Polar contact | N2 site;N264 | Polar contact | Carboxylate oxygen unit;N317 | Polar contact | Carboxylate oxygen unit;S215 | Polar contact | O1 site;V413 | Hydrophobic contact | Aliphatic carbon unit;V413 | Polar contact | O1 site;Y343 | Polar contact | Carboxylate oxygen unit;Y395 | Polar contact | N1 site
Class 12,Class 12,E310 | Polar contact | Carboxylate oxygen unit;E310 | Polar contact | N2 site;N317 | Polar contact | Carboxylate oxygen unit;S215 | Polar contact | O1 site;V413 | Hydrophobic contact | Aliphatic carbon unit;V413 | Polar contact | O1 site;Y343 | Polar contact | Carboxylate oxygen unit;Y395 | Polar contact | N1 site;Y395 | Polar contact | O1 site
Class 13,Class 13,C347 | Polar contact | N2 site;E310 | Polar contact | Carboxylate oxygen unit;E310 | Polar contact | N2 site;N317 | Polar contact | Carboxylate oxygen unit;S215 | Polar contact | O1 site;V413 | Hydrophobic contact | Aliphatic carbon unit;V413 | Polar contact | O1 site;Y343 | Polar contact | Carboxylate oxygen unit;Y395 | Polar contact | N1 site
