residue_key,chain,resseq,icode,resname,consurf_grade,consurf_score,consurf_mapping_status,consurf_mapping_method,source_residue_key,n_structures_with_distance,distance_contact_count,distance_contact_frequency,min_distance_min,min_distance_median,min_distance_mean,graph_occurrence_count,graph_occurrence_frequency,conservation_pass,distance_frequency_pass,graph_frequency_pass,key_residue
THR15A,A,15,,THR,9,-1.016,,,,176,174,0.9886363636363636,2.0323230550284075,2.4907032208626645,2.512609657276055,176,1.0,True,True,True,True
LYS13A,A,13,,LYS,9,-1.11,,,,176,152,0.8636363636363636,2.006317273015412,2.8036950336427466,2.718195644711699,176,1.0,True,True,True,True
THR14A,A,14,,THR,8,-0.759,,,,176,168,0.9545454545454546,2.147394933401865,2.750988549423009,2.7385781030384746,176,1.0,True,True,True,True
ARG90A,A,90,,ARG,9,-1.133,,,,176,136,0.7727272727272727,1.9997632359857005,2.0697137159639696,2.367805964772849,175,0.9943181818181818,True,False,True,False
GLY12A,A,12,,GLY,9,-1.133,,,,176,109,0.6193181818181818,2.096819257828391,2.865193980144228,2.8873592113581115,176,1.0,True,False,True,False
GLY10A,A,10,,GLY,9,-0.954,,,,176,22,0.125,2.4358210114866807,3.2967297413282575,3.265129209371376,176,1.0,True,False,True,False
ARG145A,A,145,,ARG,9,-0.911,,,,176,17,0.09659090909090909,2.271366549018454,10.195328649556082,8.374385400306988,42,0.23863636363636365,True,False,False,False
ARG47A,A,47,,ARG,9,-1.093,,,,176,7,0.03977272727272727,2.2629796729091494,3.6127119484860355,3.6364458926642684,160,0.9090909090909091,True,False,True,False
ILE3A,A,3,,ILE,9,-0.935,,,,176,0,0.0,12.76308418839271,13.050446888831342,13.048882530367377,0,0.0,True,False,False,False
GLU6A,A,6,,GLU,9,-1.111,,,,176,0,0.0,6.301291692978511,7.167620793146103,7.184715154457307,0,0.0,True,False,False,False
GLY7A,A,7,,GLY,9,-1.133,,,,176,0,0.0,4.8514184523704,5.650395723977102,5.672157136265079,0,0.0,True,False,False,False
GLU36A,A,36,,GLU,9,-1.054,,,,176,0,0.0,3.4684480679404732,3.9368032448546124,3.964423139366258,0,0.0,True,False,False,False
PRO37A,A,37,,PRO,9,-1.119,,,,176,0,0.0,3.6593023925333092,4.449632747331526,4.447701830024565,0,0.0,True,False,False,False
GLY38A,A,38,,GLY,9,-1.06,,,,176,0,0.0,7.205924437572185,8.342328890395446,8.311166144947903,0,0.0,True,False,False,False
GLU60A,A,60,,GLU,9,-1.041,,,,176,0,0.0,6.160540885344402,6.879933688091796,6.9473431498438565,0,0.0,True,False,False,False
LEU63A,A,63,,LEU,9,-1.087,,,,176,0,0.0,10.340613569803294,10.911034023371446,10.962367391797354,0,0.0,True,False,False,False
ALA66A,A,66,,ALA,9,-1.029,,,,176,0,0.0,13.11756886774375,13.632678380657527,13.680698733224409,0,0.0,True,False,False,False
ARG68A,A,68,,ARG,9,-1.123,,,,176,0,0.0,9.183105466017473,9.813169620058565,9.820107564678539,0,0.0,True,False,False,False
ILE76A,A,76,,ILE,9,-0.973,,,,176,0,0.0,14.054996442546686,14.241546246805685,14.273670603087021,0,0.0,True,False,False,False
PRO78A,A,78,,PRO,9,-0.997,,,,176,0,0.0,20.733205854377662,21.188234593616585,21.19993385082128,0,0.0,True,False,False,False
LEU80A,A,80,,LEU,9,-0.898,,,,176,0,0.0,20.01755641930353,20.24232965913588,20.250785100537666,0,0.0,True,False,False,False
VAL86A,A,86,,VAL,9,-1.022,,,,176,0,0.0,15.014218760894622,15.162453808636384,15.167827141090351,0,0.0,True,False,False,False
ASP89A,A,89,,ASP,9,-1.104,,,,176,0,0.0,3.407818950589952,3.71693446528454,3.8555461434829352,0,0.0,True,False,False,False
SER94A,A,94,,SER,9,-1.007,,,,176,0,0.0,7.015581087835847,7.354980998142912,7.420108641387061,0,0.0,True,False,False,False
THR95A,A,95,,THR,9,-0.892,,,,176,0,0.0,8.978487233381802,9.245816700632517,9.299215445207018,0,0.0,True,False,False,False
ALA97A,A,97,,ALA,9,-0.951,,,,176,0,0.0,10.992528007696864,11.491575788857244,11.503316122391762,0,0.0,True,False,False,False
TYR98A,A,98,,TYR,9,-1.083,,,,176,0,0.0,5.182706146406527,5.828631015624756,5.892854568112745,0,0.0,True,False,False,False
GLN99A,A,99,,GLN,9,-1.113,,,,176,0,0.0,7.710643682598749,8.557864407717794,8.519600512267736,0,0.0,True,False,False,False
PRO123A,A,123,,PRO,9,-1.077,,,,176,0,0.0,15.35671872504019,15.538287986657842,15.5998043610918,0,0.0,True,False,False,False
THR126A,A,126,,THR,9,-0.917,,,,176,0,0.0,12.262721802275381,13.012733921829353,13.001361905285155,0,0.0,True,False,False,False
ARG139A,A,139,,ARG,9,-1.113,,,,176,0,0.0,3.594765778183608,4.280925502258155,4.334350419962163,0,0.0,True,False,False,False
GLU147A,A,147,,GLU,9,-1.023,,,,176,0,0.0,4.393927059021348,6.738173739276869,6.913354850655972,0,0.0,True,False,False,False
ASP9A,A,9,,ASP,8,-0.869,,,,176,113,0.6420454545454546,2.176789149182805,2.884195917985921,2.871289902835878,170,0.9659090909090909,True,False,True,False
ARG35A,A,35,,ARG,8,-0.839,,,,176,40,0.22727272727272727,2.0045470810135644,6.257129273556993,5.227515423692702,46,0.26136363636363635,True,False,False,False
ASN144A,A,144,,ASN,8,-0.728,,,,176,0,0.0,3.9569662621761132,6.2006909689615615,6.961648386863117,2,0.011363636363636364,True,False,False,False
LEU2A,A,2,,LEU,8,-0.801,,,,176,0,0.0,15.420429501152036,15.742946993483603,15.751102692733191,0,0.0,True,False,False,False
ALA4A,A,4,,ALA,8,-0.737,,,,176,0,0.0,10.762890782684734,11.310005385911957,11.317883664376069,0,0.0,True,False,False,False
GLN16A,A,16,,GLN,8,-0.849,,,,176,0,0.0,4.754426674163774,5.222669369273881,5.220229837759481,0,0.0,True,False,False,False
LEU20A,A,20,,LEU,8,-0.638,,,,176,0,0.0,10.597312017676936,10.972136391452173,10.985530092224296,0,0.0,True,False,False,False
LEU24A,A,24,,LEU,8,-0.668,,,,176,0,0.0,16.55421544501581,16.88731414401234,16.919061991741263,0,0.0,True,False,False,False
TYR34A,A,34,,TYR,8,-0.85,,,,176,0,0.0,8.573962736098169,8.761119131727556,8.767589575995796,0,0.0,True,False,False,False
GLY39A,A,39,,GLY,8,-0.781,,,,176,0,0.0,9.72692870334722,10.699024254343946,10.673892801374254,0,0.0,True,False,False,False
THR40A,A,40,,THR,8,-0.838,,,,176,0,0.0,12.22160464096266,13.222614671337581,13.183059815785514,0,0.0,True,False,False,False
GLY43A,A,43,,GLY,8,-0.672,,,,176,0,0.0,8.832348894829734,10.573447201628202,10.483819843855256,0,0.0,True,False,False,False
LEU46A,A,46,,LEU,8,-0.756,,,,176,0,0.0,7.520170609766776,9.590902920994516,9.49912757600099,0,0.0,True,False,False,False
LEU50A,A,50,,LEU,8,-0.749,,,,176,0,0.0,4.29503178102328,6.899260379892395,6.742153713301226,0,0.0,True,False,False,False
LEU51A,A,51,,LEU,8,-0.728,,,,176,0,0.0,4.381453868295317,5.381872948027743,5.541699983938255,0,0.0,True,False,False,False
SER67A,A,67,,SER,8,-0.64,,,,176,0,0.0,9.643714896242008,10.339439661938172,10.367719985664035,0,0.0,True,False,False,False
LEU71A,A,71,,LEU,8,-0.794,,,,176,0,0.0,10.801554008567471,11.236116524491221,11.260608275057551,0,0.0,True,False,False,False
ASP79A,A,79,,ASP,8,-0.716,,,,176,0,0.0,18.091299594003743,18.280247057938535,18.28718212403999,0,0.0,True,False,False,False
ASP83A,A,83,,ASP,8,-0.728,,,,176,0,0.0,23.952040163626982,24.106449547215163,24.110614590915556,0,0.0,True,False,False,False
LEU93A,A,93,,LEU,8,-0.766,,,,176,0,0.0,10.953545453413705,11.214054786782633,11.268915507340104,0,0.0,True,False,False,False
GLY100A,A,100,,GLY,8,-0.772,,,,176,0,0.0,12.939729363475884,13.471163758230515,13.485685581796794,0,0.0,True,False,False,False
LYS103A,A,103,,LYS,8,-0.705,,,,176,0,0.0,8.73503028042834,9.637543339560866,9.82262580913485,0,0.0,True,False,False,False
ASP124A,A,124,,ASP,8,-0.804,,,,176,0,0.0,18.98498725309027,19.321213781790657,19.324780773638352,0,0.0,True,False,False,False
ASP130A,A,130,,ASP,8,-0.846,,,,176,0,0.0,8.487084599554784,9.331525355611713,9.326656359435935,0,0.0,True,False,False,False
PHE151A,A,151,,PHE,8,-0.849,,,,176,0,0.0,9.123104625071445,9.839022301057263,9.850027575858553,0,0.0,True,False,False,False
VAL155A,A,155,,VAL,8,-0.87,,,,176,0,0.0,9.26422846220882,10.03654709732483,10.039378503085707,0,0.0,True,False,False,False
ARG156A,A,156,,ARG,8,-0.707,,,,176,0,0.0,11.501350398974894,12.117918418665138,12.122954762822785,0,0.0,True,False,False,False
ALA163A,A,163,,ALA,8,-0.767,,,,176,0,0.0,15.326424925598273,16.193443968697544,16.229522538048517,0,0.0,True,False,False,False
ASN168A,A,168,,ASN,8,-0.838,,,,176,0,0.0,16.812057250675778,17.591328281148275,17.569690367328633,0,0.0,True,False,False,False
ASP173A,A,173,,ASP,8,-0.639,,,,176,0,0.0,11.027154347337303,11.806620068019049,11.756757675553263,0,0.0,True,False,False,False
ALA174A,A,174,,ALA,8,-0.733,,,,176,0,0.0,7.529109243463,8.320284225252703,8.263048472864432,0,0.0,True,False,False,False
VAL181A,A,181,,VAL,8,-0.737,,,,176,0,0.0,8.7227074925163,9.712536563595336,9.659897663888133,0,0.0,True,False,False,False
SER11A,A,11,,SER,7,-0.605,,,,176,34,0.19318181818181818,2.38584701940422,3.2348290470495096,3.2123163465495512,176,1.0,False,False,True,False
MET1A,A,1,,MET,7,-0.599,,,,176,0,0.0,18.807307143767286,18.98521425838137,18.98955406790938,0,0.0,False,False,False,False
GLY28A,A,28,,GLY,7,-0.484,,,,176,0,0.0,22.61718819835923,23.005479400226232,23.010838487942127,0,0.0,False,False,False,False
VAL31A,A,31,,VAL,7,-0.537,,,,176,0,0.0,16.479546292298217,16.85874205978584,16.867088470259212,0,0.0,False,False,False,False
THR59A,A,59,,THR,7,-0.546,,,,176,0,0.0,12.046452216316636,12.789162693721178,12.783467936012329,0,0.0,False,False,False,False
LEU61A,A,61,,LEU,7,-0.598,,,,176,0,0.0,10.613977105684748,11.36265032099421,11.371565639082164,0,0.0,False,False,False,False
LEU62A,A,62,,LEU,7,-0.545,,,,176,0,0.0,12.415889859369726,13.113951650351957,13.140086902912895,0,0.0,False,False,False,False
SER69A,A,69,,SER,7,-0.486,,,,176,0,0.0,14.425958443029009,14.849271700372213,14.875509885087707,0,0.0,False,False,False,False
LYS70A,A,70,,LYS,7,-0.57,,,,176,0,0.0,15.56500446514552,16.118834235910676,16.130219947162466,0,0.0,False,False,False,False
ILE72A,A,72,,ILE,7,-0.616,,,,176,0,0.0,15.237534380601081,15.680599783701757,15.690387966079726,0,0.0,False,False,False,False
ILE87A,A,87,,ILE,7,-0.402,,,,176,0,0.0,11.190386990627267,11.463370593748493,11.465577523426122,0,0.0,False,False,False,False
PHE91A,A,91,,PHE,7,-0.556,,,,176,0,0.0,8.32255135159886,8.534727691273373,8.609200449514319,0,0.0,False,False,False,False
GLY102A,A,102,,GLY,7,-0.588,,,,176,0,0.0,12.606992147217353,13.312599153400509,13.3197431128132,0,0.0,False,False,False,False
GLY104A,A,104,,GLY,7,-0.522,,,,176,0,0.0,15.204357040006657,15.927703031129942,15.928427230713304,0,0.0,False,False,False,False
ILE110A,A,110,,ILE,7,-0.538,,,,176,0,0.0,14.092765874731617,14.430197113621869,14.474184627507112,0,0.0,False,False,False,False
LEU113A,A,113,,LEU,7,-0.382,,,,176,0,0.0,15.588751393232236,16.229925050298682,16.256021251218243,0,0.0,False,False,False,False
ASN114A,A,114,,ASN,7,-0.559,,,,176,0,0.0,13.262028502457685,13.530488656116784,13.564526512282493,0,0.0,False,False,False,False
ALA117A,A,117,,ALA,7,-0.577,,,,176,0,0.0,15.948568242948959,16.286058253093394,16.298927115053832,0,0.0,False,False,False,False
LEU129A,A,129,,LEU,7,-0.527,,,,176,0,0.0,5.590948756695951,6.263643827368547,6.282470040419472,0,0.0,False,False,False,False
ALA136A,A,136,,ALA,7,-0.432,,,,176,0,0.0,6.000543475386209,6.6531919313593555,6.643306833153108,0,0.0,False,False,False,False
LEU152A,A,152,,LEU,7,-0.6,,,,176,0,0.0,7.452814032296793,8.175550742622253,8.154157350228159,0,0.0,False,False,False,False
GLY158A,A,158,,GLY,7,-0.448,,,,176,0,0.0,14.283143666574246,15.083158291982222,15.107729104334991,0,0.0,False,False,False,False
PHE159A,A,159,,PHE,7,-0.607,,,,176,0,0.0,8.177516065407636,8.99798454206848,9.030088696187043,0,0.0,False,False,False,False
ILE172A,A,172,,ILE,7,-0.565,,,,176,0,0.0,10.195505872687239,11.045400921615977,11.01642879810179,0,0.0,False,False,False,False
ILE185A,A,185,,ILE,7,-0.542,,,,176,0,0.0,9.358738109382054,10.226176866862499,10.213043752900845,0,0.0,False,False,False,False
LEU193A,A,193,,LEU,7,-0.456,,,,176,0,0.0,18.336278521008563,19.367708399810823,19.46241699875861,0,0.0,False,False,False,False
VAL195A,A,195,,VAL,7,-0.479,,,,176,0,0.0,19.175561243416055,20.11246792981472,20.530077416552754,0,0.0,False,False,False,False
PHE5A,A,5,,PHE,6,-0.321,,,,176,0,0.0,7.532855036438708,8.031382597084455,8.036595902333078,0,0.0,False,False,False,False
GLU44A,A,44,,GLU,6,-0.285,,,,176,0,0.0,9.288883140614914,10.38107165328344,10.386820993610952,0,0.0,False,False,False,False
ILE49A,A,49,,ILE,6,-0.213,,,,176,0,0.0,9.154123114749986,10.351504189419348,10.321002571638413,0,0.0,False,False,False,False
PHE64A,A,64,,PHE,6,-0.341,,,,176,0,0.0,3.9022001486341016,4.63271582483679,4.687448859799401,0,0.0,False,False,False,False
GLU65A,A,65,,GLU,6,-0.133,,,,176,0,0.0,11.177237807258107,11.694702096372605,11.73575153262688,0,0.0,False,False,False,False
LYS75A,A,75,,LYS,6,-0.208,,,,176,0,0.0,15.75806898068415,16.40501121013937,16.408241501764195,0,0.0,False,False,False,False
LEU88A,A,88,,LEU,6,-0.198,,,,176,0,0.0,8.915664024625423,9.051496449630461,9.055422223290867,0,0.0,False,False,False,False
THR118A,A,118,,THR,6,-0.334,,,,176,0,0.0,15.710577137712033,15.946082335546496,15.963851736979564,0,0.0,False,False,False,False
ILE125A,A,125,,ILE,6,-0.16,,,,176,0,0.0,14.938594846905781,15.526429121857134,15.528655498360875,0,0.0,False,False,False,False
ILE131A,A,131,,ILE,6,-0.131,,,,176,0,0.0,6.75303968594884,7.48158384564563,7.451562180242044,0,0.0,False,False,False,False
PHE146A,A,146,,PHE,6,-0.178,,,,176,0,0.0,5.160273829943523,9.468374860423738,9.582539020707651,0,0.0,False,False,False,False
LYS149A,A,149,,LYS,6,-0.376,,,,176,0,0.0,12.433073755109797,13.314748747733706,13.280619275517502,0,0.0,False,False,False,False
LYS154A,A,154,,LYS,6,-0.331,,,,176,0,0.0,13.771484560496738,14.574850289190369,14.548398865249133,0,0.0,False,False,False,False
LEU160A,A,160,,LEU,6,-0.136,,,,176,0,0.0,13.730043736274114,14.590654199247727,14.597958900361744,0,0.0,False,False,False,False
LEU162A,A,162,,LEU,6,-0.273,,,,176,0,0.0,14.48985262174878,15.21383922293526,15.17865005447389,0,0.0,False,False,False,False
VAL171A,A,171,,VAL,6,-0.32,,,,176,0,0.0,13.122393988903092,13.998483397881904,14.00627228980457,0,0.0,False,False,False,False
LEU189A,A,189,,LEU,6,-0.148,,,,176,0,0.0,15.228784521425208,15.91293884561523,15.917265772167616,0,0.0,False,False,False,False
ILE8A,A,8,,ILE,5,-0.111,,,,176,0,0.0,3.372783568508362,3.940493881734497,3.916631713576818,0,0.0,False,False,False,False
ALA17A,A,17,,ALA,5,0.469,,,,176,0,0.0,6.80785112939465,7.214438175129498,7.246311308150544,0,0.0,False,False,False,False
TYR21A,A,21,,TYR,5,0.228,,,,176,0,0.0,12.233840525362426,12.545264319061744,12.579439839646732,0,0.0,False,False,False,False
SER32A,A,32,,SER,5,0.056,,,,176,0,0.0,14.187147176229617,14.429655133038779,14.432294872831092,0,0.0,False,False,False,False
VAL42A,A,42,,VAL,5,-0.013,,,,176,0,0.0,11.685938302079126,13.737310453212654,13.61687148397232,0,0.0,False,False,False,False
THR52A,A,52,,THR,5,0.266,,,,176,0,0.0,9.448108593787437,10.357184822817796,10.42330673773001,0,0.0,False,False,False,False
LEU55A,A,55,,LEU,5,-0.101,,,,176,0,0.0,10.100463058691913,11.028883193604436,11.026698446516463,0,0.0,False,False,False,False
ASP56A,A,56,,ASP,5,0.286,,,,176,0,0.0,12.533473979707301,13.256421790422625,13.242182951030811,0,0.0,False,False,False,False
GLU57A,A,57,,GLU,5,0.414,,,,176,0,0.0,12.060205097758494,12.815343264831416,12.823999872891441,0,0.0,False,False,False,False
GLU74A,A,74,,GLU,5,0.11,,,,176,0,0.0,17.82773847126999,18.718212427616592,18.699035527781465,0,0.0,False,False,False,False
ILE77A,A,77,,ILE,5,0.566,,,,176,0,0.0,19.325905955478515,19.63869672255988,19.6667868632441,0,0.0,False,False,False,False
ARG82A,A,82,,ARG,5,0.403,,,,176,0,0.0,24.417681831001076,25.002648414924046,25.01150344149144,0,0.0,False,False,False,False
LYS84A,A,84,,LYS,5,0.412,,,,176,0,0.0,18.38482803835815,20.990610101872452,20.927970771981343,0,0.0,False,False,False,False
VAL85A,A,85,,VAL,5,0.103,,,,176,0,0.0,17.509950913694762,17.69052039811139,17.692692767797176,0,0.0,False,False,False,False
VAL92A,A,92,,VAL,5,0.449,,,,176,0,0.0,11.09788727641437,11.286361149573054,11.360466183851665,0,0.0,False,False,False,False
ILE96A,A,96,,ILE,5,0.48,,,,176,0,0.0,11.399482225083732,11.665214401781599,11.73573304023172,0,0.0,False,False,False,False
TYR101A,A,101,,TYR,5,0.498,,,,176,0,0.0,14.320429916730852,14.856906121351964,14.892860605224714,0,0.0,False,False,False,False
LEU105A,A,105,,LEU,5,-0.118,,,,176,0,0.0,13.941371022966141,14.58767303634443,14.600036083181873,0,0.0,False,False,False,False
ASP106A,A,106,,ASP,5,0.198,,,,176,0,0.0,18.057829576114624,18.514504729245367,18.553884055315855,0,0.0,False,False,False,False
GLU108A,A,108,,GLU,5,0.662,,,,176,0,0.0,20.1687953532183,20.5205971889981,20.57324817626574,0,0.0,False,False,False,False
GLY120A,A,120,,GLY,5,0.119,,,,176,0,0.0,21.087329702928248,21.305832974919774,21.33947240402819,0,0.0,False,False,False,False
VAL121A,A,121,,VAL,5,0.319,,,,176,0,0.0,17.984591210255516,18.154416693909667,18.19852809838776,0,0.0,False,False,False,False
LEU127A,A,127,,LEU,5,0.05,,,,176,0,0.0,8.940079977270898,9.65571433643036,9.639100226392532,0,0.0,False,False,False,False
LEU128A,A,128,,LEU,5,-0.102,,,,176,0,0.0,8.951546179292157,9.792289048142257,9.830805145003316,0,0.0,False,False,False,False
PRO132A,A,132,,PRO,5,0.406,,,,176,0,0.0,9.987158404671472,10.836808358284568,10.798538894357954,0,0.0,False,False,False,False
VAL133A,A,133,,VAL,5,0.422,,,,176,0,0.0,10.38934252010203,11.233231924316105,11.196470793538687,0,0.0,False,False,False,False
ASP134A,A,134,,ASP,5,0.047,,,,176,0,0.0,10.595097781521416,11.488563594186513,11.450026527660837,0,0.0,False,False,False,False
LEU137A,A,137,,LEU,5,0.015,,,,176,0,0.0,8.018658803066758,8.624983888067472,8.64365009655781,0,0.0,False,False,False,False
LEU140A,A,140,,LEU,5,0.591,,,,176,0,0.0,3.151980964409524,3.9309089936376123,3.9113043651509427,0,0.0,False,False,False,False
ASN148A,A,148,,ASN,5,0.622,,,,176,0,0.0,8.47250388019976,12.043014129612764,11.906747275845687,0,0.0,False,False,False,False
GLU153A,A,153,,GLU,5,0.475,,,,176,0,0.0,12.616844811600085,13.31898450842204,13.291230187066594,0,0.0,False,False,False,False
GLU166A,A,166,,GLU,5,0.491,,,,176,0,0.0,18.549706358861854,19.450307954832603,19.419084228685865,0,0.0,False,False,False,False
VAL169A,A,169,,VAL,5,0.285,,,,176,0,0.0,14.247581724629622,15.054084846081345,15.05599865639441,0,0.0,False,False,False,False
SER175A,A,175,,SER,5,0.463,,,,176,0,0.0,10.339828480202176,11.124591331449352,11.079159676919556,0,0.0,False,False,False,False
GLY176A,A,176,,GLY,5,0.645,,,,176,0,0.0,9.32112616586644,10.279527227311672,10.210694023381933,0,0.0,False,False,False,False
GLU177A,A,177,,GLU,5,0.014,,,,176,0,0.0,9.92006375987574,10.838461974474292,10.803330819875882,0,0.0,False,False,False,False
GLU179A,A,179,,GLU,5,-0.034,,,,176,0,0.0,10.389420243690212,11.248214300944912,11.251868970614325,0,0.0,False,False,False,False
GLU180A,A,180,,GLU,5,0.316,,,,176,0,0.0,12.321931707325763,13.228210013624626,13.21118743096808,0,0.0,False,False,False,False
PHE182A,A,182,,PHE,5,0.7,,,,176,0,0.0,10.61784502618116,11.330380943743005,11.296767576556753,0,0.0,False,False,False,False
LYS183A,A,183,,LYS,5,0.697,,,,176,0,0.0,13.286989011811517,14.128446721840666,14.080915734429846,0,0.0,False,False,False,False
GLU184A,A,184,,GLU,5,0.692,,,,176,0,0.0,13.815299851975707,15.082954048552857,14.984033481431174,0,0.0,False,False,False,False
ARG194A,A,194,,ARG,5,0.249,,,,176,0,0.0,22.751586625991607,23.917974493077665,24.001536248752064,0,0.0,False,False,False,False
LYS143A,A,143,,LYS,4,1.453,,,,176,35,0.19886363636363635,2.003061157328952,9.304697858394658,7.959667318647758,35,0.19886363636363635,False,False,False,False
LYS18A,A,18,,LYS,4,0.992,,,,176,0,0.0,6.881091628513604,7.512698360114358,7.519722160793333,0,0.0,False,False,False,False
LYS19A,A,19,,LYS,4,0.772,,,,176,0,0.0,8.47777217198009,8.96063037057838,8.976641089294485,0,0.0,False,False,False,False
GLU22A,A,22,,GLU,4,1.01,,,,176,0,0.0,12.829354075712464,13.252986100398168,13.278907924011778,0,0.0,False,False,False,False
TYR23A,A,23,,TYR,4,1.57,,,,176,0,0.0,14.65700433240026,15.05376965068901,15.061461806729206,0,0.0,False,False,False,False
LYS25A,A,25,,LYS,4,0.86,,,,176,0,0.0,17.75589873816586,18.30242532799592,18.321938548243715,0,0.0,False,False,False,False
GLN26A,A,26,,GLN,4,1.155,,,,176,0,0.0,17.300033930602567,17.89585339572387,17.88285106203321,0,0.0,False,False,False,False
LYS27A,A,27,,LYS,4,1.355,,,,176,0,0.0,20.555701034019737,21.094360347385475,21.09552205936633,0,0.0,False,False,False,False
PHE30A,A,30,,PHE,4,1.433,,,,176,0,0.0,20.69981280108591,21.026295619919367,21.055324232144322,0,0.0,False,False,False,False
LEU33A,A,33,,LEU,4,1.847,,,,176,0,0.0,9.546911751975086,9.839352490393981,9.840905729875349,0,0.0,False,False,False,False
LYS41A,A,41,,LYS,4,1.717,,,,176,0,0.0,13.83204222087252,15.548700010159223,15.462248376112864,0,0.0,False,False,False,False
VAL45A,A,45,,VAL,4,0.859,,,,176,0,0.0,10.54814092624857,12.400628462416373,12.332720328050835,0,0.0,False,False,False,False
GLU48A,A,48,,GLU,4,1.071,,,,176,0,0.0,8.655924733961127,9.886465802278254,9.844814990498953,0,0.0,False,False,False,False
GLU53A,A,53,,GLU,4,1.805,,,,176,0,0.0,10.416704037266298,11.479704174004446,11.46278964821183,0,0.0,False,False,False,False
GLU54A,A,54,,GLU,4,1.174,,,,176,0,0.0,12.482618675582456,13.681991808668627,13.644974154351162,0,0.0,False,False,False,False
ARG58A,A,58,,ARG,4,0.824,,,,176,0,0.0,13.758792861294191,14.543142410571217,14.560088061616069,0,0.0,False,False,False,False
GLU73A,A,73,,GLU,4,0.758,,,,176,0,0.0,17.98262283428088,18.47211647061808,18.48512944881041,0,0.0,False,False,False,False
LYS81A,A,81,,LYS,4,1.351,,,,176,0,0.0,24.069318665055725,24.340300963412364,24.350028284223587,0,0.0,False,False,False,False
VAL107A,A,107,,VAL,4,0.97,,,,176,0,0.0,17.8038737638751,18.254378356671737,18.302085122252414,0,0.0,False,False,False,False
PHE109A,A,109,,PHE,4,1.792,,,,176,0,0.0,17.903211192409028,18.68180719991232,18.67516100549658,0,0.0,False,False,False,False
LYS111A,A,111,,LYS,4,0.88,,,,176,0,0.0,17.57794109103794,17.866625787585058,17.918945287138442,0,0.0,False,False,False,False
ASN112A,A,112,,ASN,4,1.325,,,,176,0,0.0,19.583873620915757,19.922108915869785,19.967550114742323,0,0.0,False,False,False,False
GLU115A,A,115,,GLU,4,1.78,,,,176,0,0.0,18.457812004677045,18.688798651300104,18.72190809400282,0,0.0,False,False,False,False
PHE116A,A,116,,PHE,4,1.392,,,,176,0,0.0,19.51406520948416,19.860777071086304,19.876035431847296,0,0.0,False,False,False,False
ARG119A,A,119,,ARG,4,0.969,,,,176,0,0.0,19.51449230700097,20.167783037912486,20.16871733623666,0,0.0,False,False,False,False
LYS122A,A,122,,LYS,4,1.191,,,,176,0,0.0,18.534998840032333,18.691219942020126,18.744552838545243,0,0.0,False,False,False,False
ILE135A,A,135,,ILE,4,0.908,,,,176,0,0.0,7.502937091566209,8.45301951506205,8.419164655711674,0,0.0,False,False,False,False
ARG138A,A,138,,ARG,4,1.348,,,,176,0,0.0,7.152298162129429,7.871576872264434,7.853438486392826,0,0.0,False,False,False,False
LYS141A,A,141,,LYS,4,1.794,,,,176,0,0.0,5.177428898594359,6.403764442639774,6.66850037893859,0,0.0,False,False,False,False
GLU142A,A,142,,GLU,4,1.895,,,,176,0,0.0,6.049865866281665,7.846291896797689,8.08043434880488,0,0.0,False,False,False,False
GLU150A,A,150,,GLU,4,0.947,,,,176,0,0.0,14.398484677215167,15.10124788895398,15.065483533203398,0,0.0,False,False,False,False
LYS157A,A,157,,LYS,4,0.997,,,,176,0,0.0,13.882845025426166,14.568737341545212,14.577111446462773,0,0.0,False,False,False,False
GLU161A,A,161,,GLU,4,1.0,,,,176,0,0.0,16.562739930337614,17.397644092958565,17.403953353298515,0,0.0,False,False,False,False
LYS164A,A,164,,LYS,4,0.988,,,,176,0,0.0,18.352414282595085,19.218230601112218,19.263027252008957,0,0.0,False,False,False,False
GLU165A,A,165,,GLU,4,1.53,,,,176,0,0.0,20.23873387838281,21.115013977767386,21.154830159004266,0,0.0,False,False,False,False
GLU167A,A,167,,GLU,4,0.811,,,,176,0,0.0,20.39876162907935,21.21215692367307,21.243012409978334,0,0.0,False,False,False,False
VAL170A,A,170,,VAL,4,1.467,,,,176,0,0.0,12.778801547876077,13.53264497162792,13.565525996946997,0,0.0,False,False,False,False
GLU178A,A,178,,GLU,4,0.971,,,,176,0,0.0,6.495012240173224,7.083139098573886,7.083343295362183,0,0.0,False,False,False,False
ARG187A,A,187,,ARG,4,1.446,,,,176,0,0.0,17.312221838920618,18.173220833607935,18.13082095279411,0,0.0,False,False,False,False
ALA188A,A,188,,ALA,4,0.96,,,,176,0,0.0,16.15109017992284,16.864237883603426,16.848891681371395,0,0.0,False,False,False,False
SER190A,A,190,,SER,4,1.464,,,,176,0,0.0,20.090007416623816,20.9095138459342,20.90179641398291,0,0.0,False,False,False,False
VAL192A,A,192,,VAL,4,0.784,,,,176,0,0.0,20.11398868946684,20.794548553895602,20.879071964688446,0,0.0,False,False,False,False
TYR29A,A,29,,TYR,3,2.425,,,,176,0,0.0,21.086510024183706,21.45257481389207,21.477116372413356,0,0.0,False,False,False,False
GLY191A,A,191,,GLY,3,2.266,,,,176,0,0.0,22.265947925026683,22.976746375402456,22.974031503037732,0,0.0,False,False,False,False
LEU186A,A,186,,LEU,1,6.798,,,,176,0,0.0,14.776171628672971,15.596736620047682,15.566433979227645,0,0.0,False,False,False,False
