Type,Residue,Screen,Structures,Required residues,Required residue source,Missing required residues,Representative structure,Structure IDs,Contact definition
Type1,"D9, G10, S11, G12, K13, T14, T15, R35, R47, R90, K143, R145",Retained,5,T15; K13; T14,auto_step06_key_residues,,AqTMK_35_complex,AqTMK_35_complex;AqTMK_38_complex;AqTMK_39_complex;AqTMK_65_complex;AqTMK_88_complex,graph
Type2,"D9, G10, S11, G12, K13, T14, T15, R47, R90, K143, R145",Retained,25,T15; K13; T14,auto_step06_key_residues,,AqTMK_1_complex,AqTMK_1_complex;AqTMK_2_complex;AqTMK_5_complex;AqTMK_6_complex;AqTMK_8_complex;AqTMK_10_complex;AqTMK_12_complex;AqTMK_13_complex;AqTMK_14_complex;AqTMK_15_complex;AqTMK_16_complex;AqTMK_17_complex;AqTMK_21_complex;AqTMK_22_complex;AqTMK_23_complex;AqTMK_26_complex;AqTMK_30_complex;AqTMK_37_complex;AqTMK_44_complex;AqTMK_46_complex;AqTMK_58_complex;AqTMK_60_complex;AqTMK_97_complex;AqTMK_134_complex;AqTMK_140_complex,graph
Type3,"D9, G10, S11, G12, K13, T14, T15, R35, R90, K143, R145",Retained,2,T15; K13; T14,auto_step06_key_residues,,AqTMK_28_complex,AqTMK_28_complex;AqTMK_77_complex,graph
Type4,"D9, G10, S11, G12, K13, T14, T15, R35, R47, R90, R145",Retained,2,T15; K13; T14,auto_step06_key_residues,,AqTMK_217_complex,AqTMK_217_complex;AqTMK_228_complex,graph
Type5,"D9, G10, S11, G12, K13, T14, T15, R35, R47, R90, K143",Retained,1,T15; K13; T14,auto_step06_key_residues,,AqTMK_281_complex,AqTMK_281_complex,graph
Type6,"D9, G10, S11, G12, K13, T14, T15, R35, R47, R90",Retained,26,T15; K13; T14,auto_step06_key_residues,,AqTMK_98_complex,AqTMK_98_complex;AqTMK_128_complex;AqTMK_173_complex;AqTMK_175_complex;AqTMK_185_complex;AqTMK_196_complex;AqTMK_197_complex;AqTMK_200_complex;AqTMK_208_complex;AqTMK_211_complex;AqTMK_214_complex;AqTMK_220_complex;AqTMK_223_complex;AqTMK_229_complex;AqTMK_230_complex;AqTMK_238_complex;AqTMK_240_complex;AqTMK_244_complex;AqTMK_257_complex;AqTMK_259_complex;AqTMK_262_complex;AqTMK_270_complex;AqTMK_284_complex;AqTMK_285_complex;AqTMK_295_complex;AqTMK_311_complex,graph
Type7,"D9, G10, S11, G12, K13, T14, T15, R47, R90, R145",Retained,6,T15; K13; T14,auto_step06_key_residues,,AqTMK_69_complex,AqTMK_69_complex;AqTMK_184_complex;AqTMK_207_complex;AqTMK_246_complex;AqTMK_275_complex;AqTMK_287_complex,graph
Type8,"D9, G10, S11, G12, K13, T14, T15, R90, K143, R145",Retained,2,T15; K13; T14,auto_step06_key_residues,,AqTMK_9_complex,AqTMK_9_complex;AqTMK_41_complex,graph
Type9,"D9, G10, S11, G12, K13, T14, T15, R47, R90, N144",Retained,2,T15; K13; T14,auto_step06_key_residues,,AqTMK_111_complex,AqTMK_111_complex;AqTMK_231_complex,graph
Type10,"D9, G10, S11, G12, K13, T14, T15, R47, R90",Retained,87,T15; K13; T14,auto_step06_key_residues,,AqTMK_33_complex,AqTMK_33_complex;AqTMK_43_complex;AqTMK_45_complex;AqTMK_47_complex;AqTMK_48_complex;AqTMK_49_complex;AqTMK_50_complex;AqTMK_53_complex;AqTMK_54_complex;AqTMK_56_complex;AqTMK_59_complex;AqTMK_62_complex;AqTMK_63_complex;AqTMK_66_complex;AqTMK_68_complex;AqTMK_70_complex;AqTMK_72_complex;AqTMK_73_complex;AqTMK_76_complex;AqTMK_79_complex;AqTMK_81_complex;AqTMK_82_complex;AqTMK_84_complex;AqTMK_85_complex;AqTMK_87_complex;AqTMK_89_complex;AqTMK_91_complex;AqTMK_92_complex;AqTMK_93_complex;AqTMK_95_complex;AqTMK_99_complex;AqTMK_101_complex;AqTMK_102_complex;AqTMK_103_complex;AqTMK_104_complex;AqTMK_106_complex;AqTMK_108_complex;AqTMK_109_complex;AqTMK_110_complex;AqTMK_112_complex;AqTMK_114_complex;AqTMK_116_complex;AqTMK_117_complex;AqTMK_118_complex;AqTMK_119_complex;AqTMK_120_complex;AqTMK_123_complex;AqTMK_124_complex;AqTMK_131_complex;AqTMK_133_complex;AqTMK_149_complex;AqTMK_153_complex;AqTMK_155_complex;AqTMK_156_complex;AqTMK_159_complex;AqTMK_163_complex;AqTMK_165_complex;AqTMK_167_complex;AqTMK_171_complex;AqTMK_172_complex;AqTMK_178_complex;AqTMK_179_complex;AqTMK_181_complex;AqTMK_186_complex;AqTMK_187_complex;AqTMK_188_complex;AqTMK_198_complex;AqTMK_218_complex;AqTMK_219_complex;AqTMK_224_complex;AqTMK_233_complex;AqTMK_234_complex;AqTMK_236_complex;AqTMK_237_complex;AqTMK_245_complex;AqTMK_249_complex;AqTMK_253_complex;AqTMK_263_complex;AqTMK_264_complex;AqTMK_267_complex;AqTMK_272_complex;AqTMK_273_complex;AqTMK_274_complex;AqTMK_286_complex;AqTMK_288_complex;AqTMK_292_complex;AqTMK_309_complex,graph
Type11,"D9, G10, S11, G12, K13, T14, T15, R35, R90",Retained,9,T15; K13; T14,auto_step06_key_residues,,AqTMK_139_complex,AqTMK_139_complex;AqTMK_195_complex;AqTMK_242_complex;AqTMK_261_complex;AqTMK_277_complex;AqTMK_279_complex;AqTMK_290_complex;AqTMK_299_complex;AqTMK_300_complex,graph
Type12,"D9, G10, S11, G12, K13, T14, T15, R35, R47",Retained,1,T15; K13; T14,auto_step06_key_residues,,AqTMK_276_complex,AqTMK_276_complex,graph
Type13,"G10, S11, G12, K13, T14, T15, R47, R90",Retained,5,T15; K13; T14,auto_step06_key_residues,,AqTMK_57_complex,AqTMK_57_complex;AqTMK_94_complex;AqTMK_122_complex;AqTMK_132_complex;AqTMK_201_complex,graph
Type14,"D9, G10, S11, G12, K13, T14, T15, R90",Retained,2,T15; K13; T14,auto_step06_key_residues,,AqTMK_121_complex,AqTMK_121_complex;AqTMK_191_complex,graph
Type15,"G10, S11, G12, K13, T14, T15, R90",Retained,1,T15; K13; T14,auto_step06_key_residues,,AqTMK_193_complex,AqTMK_193_complex,graph
