Residue,Residue key,Chain,Residue number,Residue name,ConSurf grade,ConSurf score,Structures within 3 Å,Total structures,Frequency within 3 Å,PLIP graph occurrence count,PLIP graph occurrence frequency,Minimum distance (Å),Median distance (Å),Mean distance (Å),Conservation pass,Distance-frequency pass,PLIP-frequency pass,Key residue,Selection status,Structure IDs within 3 Å
T15,THR15A,A,15,THR,9,-1.016,174,176,0.9886363636363636,176,1.0,2.0323230550284075,2.4907032208626645,2.512609657276055,True,True,True,True,Selected key residue,AqTMK_1_complex;AqTMK_2_complex;AqTMK_5_complex;AqTMK_6_complex;AqTMK_8_complex;AqTMK_9_complex;AqTMK_10_complex;AqTMK_12_complex;AqTMK_13_complex;AqTMK_14_complex;AqTMK_15_complex;AqTMK_16_complex;AqTMK_17_complex;AqTMK_21_complex;AqTMK_22_complex;AqTMK_23_complex;AqTMK_26_complex;AqTMK_28_complex;AqTMK_30_complex;AqTMK_33_complex;AqTMK_35_complex;AqTMK_37_complex;AqTMK_38_complex;AqTMK_39_complex;AqTMK_41_complex;AqTMK_44_complex;AqTMK_46_complex;AqTMK_47_complex;AqTMK_48_complex;AqTMK_49_complex;AqTMK_50_complex;AqTMK_53_complex;AqTMK_54_complex;AqTMK_56_complex;AqTMK_57_complex;AqTMK_58_complex;AqTMK_59_complex;AqTMK_60_complex;AqTMK_62_complex;AqTMK_63_complex;AqTMK_65_complex;AqTMK_66_complex;AqTMK_68_complex;AqTMK_69_complex;AqTMK_70_complex;AqTMK_72_complex;AqTMK_73_complex;AqTMK_76_complex;AqTMK_77_complex;AqTMK_79_complex;AqTMK_81_complex;AqTMK_82_complex;AqTMK_84_complex;AqTMK_85_complex;AqTMK_87_complex;AqTMK_88_complex;AqTMK_89_complex;AqTMK_91_complex;AqTMK_92_complex;AqTMK_93_complex;AqTMK_94_complex;AqTMK_95_complex;AqTMK_97_complex;AqTMK_98_complex;AqTMK_99_complex;AqTMK_101_complex;AqTMK_102_complex;AqTMK_103_complex;AqTMK_104_complex;AqTMK_106_complex;AqTMK_108_complex;AqTMK_109_complex;AqTMK_110_complex;AqTMK_111_complex;AqTMK_112_complex;AqTMK_114_complex;AqTMK_116_complex;AqTMK_117_complex;AqTMK_118_complex;AqTMK_119_complex;AqTMK_120_complex;AqTMK_121_complex;AqTMK_122_complex;AqTMK_123_complex;AqTMK_124_complex;AqTMK_128_complex;AqTMK_131_complex;AqTMK_132_complex;AqTMK_133_complex;AqTMK_134_complex;AqTMK_139_complex;AqTMK_140_complex;AqTMK_149_complex;AqTMK_153_complex;AqTMK_155_complex;AqTMK_156_complex;AqTMK_159_complex;AqTMK_163_complex;AqTMK_165_complex;AqTMK_167_complex;AqTMK_171_complex;AqTMK_172_complex;AqTMK_173_complex;AqTMK_175_complex;AqTMK_178_complex;AqTMK_179_complex;AqTMK_181_complex;AqTMK_184_complex;AqTMK_185_complex;AqTMK_186_complex;AqTMK_187_complex;AqTMK_188_complex;AqTMK_191_complex;AqTMK_193_complex;AqTMK_195_complex;AqTMK_196_complex;AqTMK_197_complex;AqTMK_198_complex;AqTMK_200_complex;AqTMK_201_complex;AqTMK_207_complex;AqTMK_208_complex;AqTMK_211_complex;AqTMK_214_complex;AqTMK_217_complex;AqTMK_218_complex;AqTMK_219_complex;AqTMK_220_complex;AqTMK_223_complex;AqTMK_224_complex;AqTMK_228_complex;AqTMK_229_complex;AqTMK_230_complex;AqTMK_231_complex;AqTMK_233_complex;AqTMK_234_complex;AqTMK_236_complex;AqTMK_237_complex;AqTMK_238_complex;AqTMK_240_complex;AqTMK_242_complex;AqTMK_244_complex;AqTMK_245_complex;AqTMK_246_complex;AqTMK_249_complex;AqTMK_253_complex;AqTMK_257_complex;AqTMK_259_complex;AqTMK_261_complex;AqTMK_262_complex;AqTMK_263_complex;AqTMK_264_complex;AqTMK_267_complex;AqTMK_270_complex;AqTMK_272_complex;AqTMK_273_complex;AqTMK_274_complex;AqTMK_275_complex;AqTMK_276_complex;AqTMK_277_complex;AqTMK_279_complex;AqTMK_281_complex;AqTMK_284_complex;AqTMK_285_complex;AqTMK_286_complex;AqTMK_287_complex;AqTMK_288_complex;AqTMK_290_complex;AqTMK_292_complex;AqTMK_295_complex;AqTMK_299_complex;AqTMK_300_complex;AqTMK_309_complex;AqTMK_311_complex
T14,THR14A,A,14,THR,8,-0.759,168,176,0.9545454545454546,176,1.0,2.147394933401865,2.750988549423009,2.7385781030384746,True,True,True,True,Selected key residue,AqTMK_1_complex;AqTMK_2_complex;AqTMK_5_complex;AqTMK_6_complex;AqTMK_8_complex;AqTMK_9_complex;AqTMK_10_complex;AqTMK_12_complex;AqTMK_13_complex;AqTMK_14_complex;AqTMK_15_complex;AqTMK_16_complex;AqTMK_17_complex;AqTMK_21_complex;AqTMK_22_complex;AqTMK_23_complex;AqTMK_26_complex;AqTMK_28_complex;AqTMK_30_complex;AqTMK_35_complex;AqTMK_37_complex;AqTMK_38_complex;AqTMK_39_complex;AqTMK_41_complex;AqTMK_44_complex;AqTMK_45_complex;AqTMK_46_complex;AqTMK_47_complex;AqTMK_48_complex;AqTMK_49_complex;AqTMK_50_complex;AqTMK_53_complex;AqTMK_54_complex;AqTMK_56_complex;AqTMK_57_complex;AqTMK_58_complex;AqTMK_59_complex;AqTMK_60_complex;AqTMK_62_complex;AqTMK_63_complex;AqTMK_65_complex;AqTMK_68_complex;AqTMK_69_complex;AqTMK_70_complex;AqTMK_72_complex;AqTMK_73_complex;AqTMK_76_complex;AqTMK_77_complex;AqTMK_79_complex;AqTMK_81_complex;AqTMK_82_complex;AqTMK_84_complex;AqTMK_85_complex;AqTMK_87_complex;AqTMK_88_complex;AqTMK_89_complex;AqTMK_91_complex;AqTMK_92_complex;AqTMK_93_complex;AqTMK_94_complex;AqTMK_95_complex;AqTMK_97_complex;AqTMK_99_complex;AqTMK_101_complex;AqTMK_103_complex;AqTMK_104_complex;AqTMK_106_complex;AqTMK_108_complex;AqTMK_109_complex;AqTMK_110_complex;AqTMK_111_complex;AqTMK_112_complex;AqTMK_114_complex;AqTMK_116_complex;AqTMK_117_complex;AqTMK_118_complex;AqTMK_119_complex;AqTMK_120_complex;AqTMK_121_complex;AqTMK_122_complex;AqTMK_123_complex;AqTMK_128_complex;AqTMK_131_complex;AqTMK_132_complex;AqTMK_133_complex;AqTMK_134_complex;AqTMK_139_complex;AqTMK_140_complex;AqTMK_149_complex;AqTMK_153_complex;AqTMK_155_complex;AqTMK_156_complex;AqTMK_159_complex;AqTMK_163_complex;AqTMK_165_complex;AqTMK_167_complex;AqTMK_171_complex;AqTMK_173_complex;AqTMK_175_complex;AqTMK_178_complex;AqTMK_179_complex;AqTMK_181_complex;AqTMK_185_complex;AqTMK_186_complex;AqTMK_187_complex;AqTMK_188_complex;AqTMK_191_complex;AqTMK_193_complex;AqTMK_195_complex;AqTMK_196_complex;AqTMK_197_complex;AqTMK_198_complex;AqTMK_200_complex;AqTMK_201_complex;AqTMK_207_complex;AqTMK_208_complex;AqTMK_211_complex;AqTMK_214_complex;AqTMK_217_complex;AqTMK_218_complex;AqTMK_219_complex;AqTMK_220_complex;AqTMK_223_complex;AqTMK_224_complex;AqTMK_228_complex;AqTMK_229_complex;AqTMK_230_complex;AqTMK_231_complex;AqTMK_233_complex;AqTMK_234_complex;AqTMK_236_complex;AqTMK_237_complex;AqTMK_238_complex;AqTMK_240_complex;AqTMK_242_complex;AqTMK_244_complex;AqTMK_245_complex;AqTMK_246_complex;AqTMK_249_complex;AqTMK_253_complex;AqTMK_257_complex;AqTMK_259_complex;AqTMK_261_complex;AqTMK_262_complex;AqTMK_263_complex;AqTMK_264_complex;AqTMK_267_complex;AqTMK_270_complex;AqTMK_272_complex;AqTMK_273_complex;AqTMK_274_complex;AqTMK_275_complex;AqTMK_276_complex;AqTMK_277_complex;AqTMK_279_complex;AqTMK_281_complex;AqTMK_284_complex;AqTMK_285_complex;AqTMK_286_complex;AqTMK_287_complex;AqTMK_288_complex;AqTMK_290_complex;AqTMK_292_complex;AqTMK_295_complex;AqTMK_299_complex;AqTMK_300_complex;AqTMK_309_complex;AqTMK_311_complex
K13,LYS13A,A,13,LYS,9,-1.11,152,176,0.8636363636363636,176,1.0,2.006317273015412,2.8036950336427466,2.718195644711699,True,True,True,True,Selected key residue,AqTMK_1_complex;AqTMK_2_complex;AqTMK_5_complex;AqTMK_6_complex;AqTMK_8_complex;AqTMK_9_complex;AqTMK_10_complex;AqTMK_12_complex;AqTMK_13_complex;AqTMK_14_complex;AqTMK_15_complex;AqTMK_16_complex;AqTMK_17_complex;AqTMK_21_complex;AqTMK_22_complex;AqTMK_23_complex;AqTMK_26_complex;AqTMK_28_complex;AqTMK_30_complex;AqTMK_33_complex;AqTMK_35_complex;AqTMK_37_complex;AqTMK_38_complex;AqTMK_39_complex;AqTMK_41_complex;AqTMK_44_complex;AqTMK_45_complex;AqTMK_46_complex;AqTMK_48_complex;AqTMK_50_complex;AqTMK_53_complex;AqTMK_54_complex;AqTMK_58_complex;AqTMK_59_complex;AqTMK_60_complex;AqTMK_62_complex;AqTMK_65_complex;AqTMK_68_complex;AqTMK_70_complex;AqTMK_72_complex;AqTMK_77_complex;AqTMK_79_complex;AqTMK_81_complex;AqTMK_82_complex;AqTMK_84_complex;AqTMK_85_complex;AqTMK_87_complex;AqTMK_88_complex;AqTMK_89_complex;AqTMK_91_complex;AqTMK_92_complex;AqTMK_93_complex;AqTMK_94_complex;AqTMK_95_complex;AqTMK_97_complex;AqTMK_99_complex;AqTMK_101_complex;AqTMK_103_complex;AqTMK_104_complex;AqTMK_106_complex;AqTMK_108_complex;AqTMK_109_complex;AqTMK_114_complex;AqTMK_116_complex;AqTMK_117_complex;AqTMK_118_complex;AqTMK_120_complex;AqTMK_122_complex;AqTMK_123_complex;AqTMK_128_complex;AqTMK_131_complex;AqTMK_132_complex;AqTMK_133_complex;AqTMK_134_complex;AqTMK_139_complex;AqTMK_140_complex;AqTMK_149_complex;AqTMK_153_complex;AqTMK_155_complex;AqTMK_156_complex;AqTMK_159_complex;AqTMK_163_complex;AqTMK_165_complex;AqTMK_167_complex;AqTMK_171_complex;AqTMK_172_complex;AqTMK_173_complex;AqTMK_175_complex;AqTMK_178_complex;AqTMK_179_complex;AqTMK_181_complex;AqTMK_185_complex;AqTMK_186_complex;AqTMK_187_complex;AqTMK_188_complex;AqTMK_191_complex;AqTMK_193_complex;AqTMK_196_complex;AqTMK_197_complex;AqTMK_198_complex;AqTMK_200_complex;AqTMK_201_complex;AqTMK_207_complex;AqTMK_208_complex;AqTMK_211_complex;AqTMK_214_complex;AqTMK_217_complex;AqTMK_219_complex;AqTMK_220_complex;AqTMK_224_complex;AqTMK_228_complex;AqTMK_229_complex;AqTMK_230_complex;AqTMK_231_complex;AqTMK_233_complex;AqTMK_234_complex;AqTMK_236_complex;AqTMK_237_complex;AqTMK_238_complex;AqTMK_240_complex;AqTMK_242_complex;AqTMK_244_complex;AqTMK_245_complex;AqTMK_246_complex;AqTMK_249_complex;AqTMK_257_complex;AqTMK_259_complex;AqTMK_261_complex;AqTMK_262_complex;AqTMK_263_complex;AqTMK_264_complex;AqTMK_267_complex;AqTMK_270_complex;AqTMK_272_complex;AqTMK_273_complex;AqTMK_275_complex;AqTMK_276_complex;AqTMK_277_complex;AqTMK_279_complex;AqTMK_281_complex;AqTMK_284_complex;AqTMK_285_complex;AqTMK_286_complex;AqTMK_287_complex;AqTMK_288_complex;AqTMK_290_complex;AqTMK_292_complex;AqTMK_295_complex;AqTMK_299_complex;AqTMK_300_complex;AqTMK_309_complex;AqTMK_311_complex
R90,ARG90A,A,90,ARG,9,-1.133,136,176,0.7727272727272727,175,0.9943181818181818,1.9997632359857005,2.0697137159639696,2.367805964772849,True,False,True,False,ConSurf mapping missing; distance frequency below threshold,AqTMK_1_complex;AqTMK_2_complex;AqTMK_5_complex;AqTMK_6_complex;AqTMK_8_complex;AqTMK_9_complex;AqTMK_10_complex;AqTMK_12_complex;AqTMK_13_complex;AqTMK_14_complex;AqTMK_15_complex;AqTMK_16_complex;AqTMK_17_complex;AqTMK_21_complex;AqTMK_22_complex;AqTMK_26_complex;AqTMK_28_complex;AqTMK_30_complex;AqTMK_33_complex;AqTMK_35_complex;AqTMK_37_complex;AqTMK_41_complex;AqTMK_43_complex;AqTMK_44_complex;AqTMK_45_complex;AqTMK_46_complex;AqTMK_47_complex;AqTMK_48_complex;AqTMK_49_complex;AqTMK_50_complex;AqTMK_53_complex;AqTMK_54_complex;AqTMK_56_complex;AqTMK_57_complex;AqTMK_58_complex;AqTMK_59_complex;AqTMK_60_complex;AqTMK_62_complex;AqTMK_63_complex;AqTMK_65_complex;AqTMK_66_complex;AqTMK_68_complex;AqTMK_69_complex;AqTMK_70_complex;AqTMK_72_complex;AqTMK_73_complex;AqTMK_76_complex;AqTMK_79_complex;AqTMK_81_complex;AqTMK_82_complex;AqTMK_84_complex;AqTMK_85_complex;AqTMK_87_complex;AqTMK_89_complex;AqTMK_91_complex;AqTMK_92_complex;AqTMK_93_complex;AqTMK_94_complex;AqTMK_95_complex;AqTMK_98_complex;AqTMK_99_complex;AqTMK_101_complex;AqTMK_102_complex;AqTMK_103_complex;AqTMK_104_complex;AqTMK_106_complex;AqTMK_108_complex;AqTMK_109_complex;AqTMK_110_complex;AqTMK_111_complex;AqTMK_112_complex;AqTMK_114_complex;AqTMK_116_complex;AqTMK_117_complex;AqTMK_118_complex;AqTMK_119_complex;AqTMK_120_complex;AqTMK_121_complex;AqTMK_122_complex;AqTMK_124_complex;AqTMK_128_complex;AqTMK_131_complex;AqTMK_132_complex;AqTMK_133_complex;AqTMK_134_complex;AqTMK_139_complex;AqTMK_140_complex;AqTMK_155_complex;AqTMK_156_complex;AqTMK_159_complex;AqTMK_163_complex;AqTMK_165_complex;AqTMK_167_complex;AqTMK_171_complex;AqTMK_172_complex;AqTMK_173_complex;AqTMK_175_complex;AqTMK_178_complex;AqTMK_179_complex;AqTMK_184_complex;AqTMK_185_complex;AqTMK_186_complex;AqTMK_187_complex;AqTMK_188_complex;AqTMK_191_complex;AqTMK_193_complex;AqTMK_195_complex;AqTMK_200_complex;AqTMK_201_complex;AqTMK_208_complex;AqTMK_214_complex;AqTMK_218_complex;AqTMK_220_complex;AqTMK_223_complex;AqTMK_228_complex;AqTMK_229_complex;AqTMK_236_complex;AqTMK_237_complex;AqTMK_244_complex;AqTMK_246_complex;AqTMK_249_complex;AqTMK_253_complex;AqTMK_259_complex;AqTMK_261_complex;AqTMK_263_complex;AqTMK_270_complex;AqTMK_273_complex;AqTMK_274_complex;AqTMK_275_complex;AqTMK_281_complex;AqTMK_285_complex;AqTMK_287_complex;AqTMK_288_complex;AqTMK_290_complex;AqTMK_292_complex;AqTMK_309_complex
D9,ASP9A,A,9,ASP,8,-0.869,113,176,0.6420454545454546,170,0.9659090909090909,2.176789149182805,2.884195917985921,2.871289902835878,True,False,True,False,ConSurf mapping missing; distance frequency below threshold,AqTMK_17_complex;AqTMK_23_complex;AqTMK_26_complex;AqTMK_28_complex;AqTMK_33_complex;AqTMK_35_complex;AqTMK_37_complex;AqTMK_38_complex;AqTMK_39_complex;AqTMK_43_complex;AqTMK_45_complex;AqTMK_46_complex;AqTMK_63_complex;AqTMK_69_complex;AqTMK_76_complex;AqTMK_77_complex;AqTMK_84_complex;AqTMK_88_complex;AqTMK_89_complex;AqTMK_92_complex;AqTMK_93_complex;AqTMK_97_complex;AqTMK_99_complex;AqTMK_101_complex;AqTMK_102_complex;AqTMK_103_complex;AqTMK_109_complex;AqTMK_110_complex;AqTMK_111_complex;AqTMK_114_complex;AqTMK_119_complex;AqTMK_123_complex;AqTMK_124_complex;AqTMK_128_complex;AqTMK_133_complex;AqTMK_134_complex;AqTMK_139_complex;AqTMK_149_complex;AqTMK_153_complex;AqTMK_155_complex;AqTMK_156_complex;AqTMK_159_complex;AqTMK_167_complex;AqTMK_171_complex;AqTMK_172_complex;AqTMK_173_complex;AqTMK_175_complex;AqTMK_178_complex;AqTMK_179_complex;AqTMK_181_complex;AqTMK_184_complex;AqTMK_185_complex;AqTMK_186_complex;AqTMK_187_complex;AqTMK_188_complex;AqTMK_195_complex;AqTMK_196_complex;AqTMK_197_complex;AqTMK_198_complex;AqTMK_200_complex;AqTMK_201_complex;AqTMK_207_complex;AqTMK_208_complex;AqTMK_211_complex;AqTMK_214_complex;AqTMK_217_complex;AqTMK_219_complex;AqTMK_220_complex;AqTMK_223_complex;AqTMK_224_complex;AqTMK_228_complex;AqTMK_229_complex;AqTMK_230_complex;AqTMK_231_complex;AqTMK_233_complex;AqTMK_234_complex;AqTMK_236_complex;AqTMK_237_complex;AqTMK_238_complex;AqTMK_240_complex;AqTMK_242_complex;AqTMK_244_complex;AqTMK_245_complex;AqTMK_246_complex;AqTMK_249_complex;AqTMK_253_complex;AqTMK_257_complex;AqTMK_259_complex;AqTMK_261_complex;AqTMK_262_complex;AqTMK_263_complex;AqTMK_264_complex;AqTMK_267_complex;AqTMK_270_complex;AqTMK_272_complex;AqTMK_273_complex;AqTMK_274_complex;AqTMK_275_complex;AqTMK_276_complex;AqTMK_277_complex;AqTMK_279_complex;AqTMK_281_complex;AqTMK_284_complex;AqTMK_285_complex;AqTMK_286_complex;AqTMK_287_complex;AqTMK_288_complex;AqTMK_292_complex;AqTMK_295_complex;AqTMK_299_complex;AqTMK_300_complex;AqTMK_309_complex;AqTMK_311_complex
G12,GLY12A,A,12,GLY,9,-1.133,109,176,0.6193181818181818,176,1.0,2.096819257828391,2.865193980144228,2.8873592113581115,True,False,True,False,ConSurf mapping missing; distance frequency below threshold,AqTMK_1_complex;AqTMK_2_complex;AqTMK_5_complex;AqTMK_6_complex;AqTMK_8_complex;AqTMK_9_complex;AqTMK_10_complex;AqTMK_12_complex;AqTMK_13_complex;AqTMK_14_complex;AqTMK_15_complex;AqTMK_16_complex;AqTMK_17_complex;AqTMK_21_complex;AqTMK_22_complex;AqTMK_23_complex;AqTMK_26_complex;AqTMK_28_complex;AqTMK_30_complex;AqTMK_33_complex;AqTMK_35_complex;AqTMK_37_complex;AqTMK_38_complex;AqTMK_39_complex;AqTMK_41_complex;AqTMK_43_complex;AqTMK_44_complex;AqTMK_45_complex;AqTMK_46_complex;AqTMK_47_complex;AqTMK_48_complex;AqTMK_49_complex;AqTMK_50_complex;AqTMK_53_complex;AqTMK_54_complex;AqTMK_56_complex;AqTMK_57_complex;AqTMK_58_complex;AqTMK_59_complex;AqTMK_60_complex;AqTMK_62_complex;AqTMK_63_complex;AqTMK_65_complex;AqTMK_66_complex;AqTMK_68_complex;AqTMK_70_complex;AqTMK_72_complex;AqTMK_73_complex;AqTMK_76_complex;AqTMK_77_complex;AqTMK_79_complex;AqTMK_81_complex;AqTMK_82_complex;AqTMK_84_complex;AqTMK_85_complex;AqTMK_87_complex;AqTMK_88_complex;AqTMK_89_complex;AqTMK_91_complex;AqTMK_93_complex;AqTMK_94_complex;AqTMK_95_complex;AqTMK_97_complex;AqTMK_98_complex;AqTMK_99_complex;AqTMK_101_complex;AqTMK_102_complex;AqTMK_103_complex;AqTMK_104_complex;AqTMK_106_complex;AqTMK_108_complex;AqTMK_110_complex;AqTMK_111_complex;AqTMK_112_complex;AqTMK_114_complex;AqTMK_116_complex;AqTMK_117_complex;AqTMK_118_complex;AqTMK_119_complex;AqTMK_120_complex;AqTMK_121_complex;AqTMK_122_complex;AqTMK_123_complex;AqTMK_124_complex;AqTMK_132_complex;AqTMK_133_complex;AqTMK_134_complex;AqTMK_140_complex;AqTMK_163_complex;AqTMK_165_complex;AqTMK_172_complex;AqTMK_173_complex;AqTMK_184_complex;AqTMK_188_complex;AqTMK_191_complex;AqTMK_193_complex;AqTMK_195_complex;AqTMK_201_complex;AqTMK_208_complex;AqTMK_218_complex;AqTMK_223_complex;AqTMK_253_complex;AqTMK_270_complex;AqTMK_281_complex;AqTMK_285_complex;AqTMK_290_complex;AqTMK_295_complex;AqTMK_300_complex;AqTMK_309_complex
R35,ARG35A,A,35,ARG,8,-0.839,40,176,0.22727272727272727,46,0.26136363636363635,2.0045470810135644,6.257129273556993,5.227515423692702,True,False,False,False,ConSurf mapping missing; distance frequency below threshold; PLIP graph frequency below threshold,AqTMK_28_complex;AqTMK_35_complex;AqTMK_38_complex;AqTMK_65_complex;AqTMK_77_complex;AqTMK_88_complex;AqTMK_98_complex;AqTMK_128_complex;AqTMK_139_complex;AqTMK_173_complex;AqTMK_185_complex;AqTMK_195_complex;AqTMK_196_complex;AqTMK_197_complex;AqTMK_200_complex;AqTMK_208_complex;AqTMK_211_complex;AqTMK_220_complex;AqTMK_223_complex;AqTMK_228_complex;AqTMK_229_complex;AqTMK_238_complex;AqTMK_240_complex;AqTMK_242_complex;AqTMK_244_complex;AqTMK_257_complex;AqTMK_259_complex;AqTMK_261_complex;AqTMK_262_complex;AqTMK_270_complex;AqTMK_277_complex;AqTMK_279_complex;AqTMK_281_complex;AqTMK_284_complex;AqTMK_285_complex;AqTMK_290_complex;AqTMK_295_complex;AqTMK_299_complex;AqTMK_300_complex;AqTMK_311_complex
K143,LYS143A,A,143,LYS,4,1.453,35,176,0.19886363636363635,35,0.19886363636363635,2.003061157328952,9.304697858394658,7.959667318647758,False,False,False,False,ConSurf mapping missing; distance frequency below threshold; PLIP graph frequency below threshold,AqTMK_1_complex;AqTMK_2_complex;AqTMK_5_complex;AqTMK_6_complex;AqTMK_8_complex;AqTMK_9_complex;AqTMK_10_complex;AqTMK_12_complex;AqTMK_13_complex;AqTMK_14_complex;AqTMK_15_complex;AqTMK_16_complex;AqTMK_17_complex;AqTMK_21_complex;AqTMK_22_complex;AqTMK_23_complex;AqTMK_26_complex;AqTMK_28_complex;AqTMK_30_complex;AqTMK_35_complex;AqTMK_37_complex;AqTMK_38_complex;AqTMK_39_complex;AqTMK_41_complex;AqTMK_44_complex;AqTMK_46_complex;AqTMK_58_complex;AqTMK_60_complex;AqTMK_65_complex;AqTMK_77_complex;AqTMK_88_complex;AqTMK_97_complex;AqTMK_134_complex;AqTMK_140_complex;AqTMK_281_complex
S11,SER11A,A,11,SER,7,-0.605,34,176,0.19318181818181818,176,1.0,2.38584701940422,3.2348290470495096,3.2123163465495512,False,False,True,False,ConSurf mapping missing; distance frequency below threshold,AqTMK_6_complex;AqTMK_14_complex;AqTMK_16_complex;AqTMK_17_complex;AqTMK_21_complex;AqTMK_22_complex;AqTMK_23_complex;AqTMK_26_complex;AqTMK_28_complex;AqTMK_33_complex;AqTMK_35_complex;AqTMK_38_complex;AqTMK_39_complex;AqTMK_41_complex;AqTMK_43_complex;AqTMK_44_complex;AqTMK_45_complex;AqTMK_46_complex;AqTMK_58_complex;AqTMK_60_complex;AqTMK_76_complex;AqTMK_77_complex;AqTMK_102_complex;AqTMK_110_complex;AqTMK_111_complex;AqTMK_119_complex;AqTMK_124_complex;AqTMK_133_complex;AqTMK_173_complex;AqTMK_184_complex;AqTMK_195_complex;AqTMK_253_complex;AqTMK_281_complex;AqTMK_290_complex
G10,GLY10A,A,10,GLY,9,-0.954,22,176,0.125,176,1.0,2.4358210114866807,3.2967297413282575,3.265129209371376,True,False,True,False,ConSurf mapping missing; distance frequency below threshold,AqTMK_16_complex;AqTMK_17_complex;AqTMK_33_complex;AqTMK_37_complex;AqTMK_43_complex;AqTMK_44_complex;AqTMK_45_complex;AqTMK_58_complex;AqTMK_76_complex;AqTMK_102_complex;AqTMK_110_complex;AqTMK_111_complex;AqTMK_119_complex;AqTMK_123_complex;AqTMK_124_complex;AqTMK_133_complex;AqTMK_173_complex;AqTMK_178_complex;AqTMK_184_complex;AqTMK_195_complex;AqTMK_208_complex;AqTMK_253_complex
R145,ARG145A,A,145,ARG,9,-0.911,17,176,0.09659090909090909,42,0.23863636363636365,2.271366549018454,10.195328649556082,8.374385400306988,True,False,False,False,ConSurf mapping missing; distance frequency below threshold; PLIP graph frequency below threshold,AqTMK_1_complex;AqTMK_6_complex;AqTMK_9_complex;AqTMK_13_complex;AqTMK_23_complex;AqTMK_35_complex;AqTMK_37_complex;AqTMK_39_complex;AqTMK_44_complex;AqTMK_46_complex;AqTMK_65_complex;AqTMK_77_complex;AqTMK_134_complex;AqTMK_140_complex;AqTMK_207_complex;AqTMK_228_complex;AqTMK_246_complex
R47,ARG47A,A,47,ARG,9,-1.093,7,176,0.03977272727272727,160,0.9090909090909091,2.2629796729091494,3.6127119484860355,3.6364458926642684,True,False,True,False,ConSurf mapping missing; distance frequency below threshold,AqTMK_22_complex;AqTMK_101_complex;AqTMK_103_complex;AqTMK_133_complex;AqTMK_236_complex;AqTMK_237_complex;AqTMK_288_complex
