structure_id,pdb_path,contact_definition,residue_nodes,required_residues,required_residue_source,missing_required_residues,screen
AqTMK_1_complex,/home/wms/AF2-test/AF2-CatGraph/results/AqTMK/02_template_guided_docking/complexes/AqTMK_1_complex.pdb,graph,D9; G10; S11; G12; K13; T14; T15; R47; R90; K143; R145,T15; K13; T14,auto_step06_key_residues,,Retained
AqTMK_2_complex,/home/wms/AF2-test/AF2-CatGraph/results/AqTMK/02_template_guided_docking/complexes/AqTMK_2_complex.pdb,graph,D9; G10; S11; G12; K13; T14; T15; R47; R90; K143; R145,T15; K13; T14,auto_step06_key_residues,,Retained
AqTMK_5_complex,/home/wms/AF2-test/AF2-CatGraph/results/AqTMK/02_template_guided_docking/complexes/AqTMK_5_complex.pdb,graph,D9; G10; S11; G12; K13; T14; T15; R47; R90; K143; R145,T15; K13; T14,auto_step06_key_residues,,Retained
AqTMK_6_complex,/home/wms/AF2-test/AF2-CatGraph/results/AqTMK/02_template_guided_docking/complexes/AqTMK_6_complex.pdb,graph,D9; G10; S11; G12; K13; T14; T15; R47; R90; K143; R145,T15; K13; T14,auto_step06_key_residues,,Retained
AqTMK_8_complex,/home/wms/AF2-test/AF2-CatGraph/results/AqTMK/02_template_guided_docking/complexes/AqTMK_8_complex.pdb,graph,D9; G10; S11; G12; K13; T14; T15; R47; R90; K143; R145,T15; K13; T14,auto_step06_key_residues,,Retained
AqTMK_9_complex,/home/wms/AF2-test/AF2-CatGraph/results/AqTMK/02_template_guided_docking/complexes/AqTMK_9_complex.pdb,graph,D9; G10; S11; G12; K13; T14; T15; R90; K143; R145,T15; K13; T14,auto_step06_key_residues,,Retained
AqTMK_10_complex,/home/wms/AF2-test/AF2-CatGraph/results/AqTMK/02_template_guided_docking/complexes/AqTMK_10_complex.pdb,graph,D9; G10; S11; G12; K13; T14; T15; R47; R90; K143; R145,T15; K13; T14,auto_step06_key_residues,,Retained
AqTMK_12_complex,/home/wms/AF2-test/AF2-CatGraph/results/AqTMK/02_template_guided_docking/complexes/AqTMK_12_complex.pdb,graph,D9; G10; S11; G12; K13; T14; T15; R47; R90; K143; R145,T15; K13; T14,auto_step06_key_residues,,Retained
AqTMK_13_complex,/home/wms/AF2-test/AF2-CatGraph/results/AqTMK/02_template_guided_docking/complexes/AqTMK_13_complex.pdb,graph,D9; G10; S11; G12; K13; T14; T15; R47; R90; K143; R145,T15; K13; T14,auto_step06_key_residues,,Retained
AqTMK_14_complex,/home/wms/AF2-test/AF2-CatGraph/results/AqTMK/02_template_guided_docking/complexes/AqTMK_14_complex.pdb,graph,D9; G10; S11; G12; K13; T14; T15; R47; R90; K143; R145,T15; K13; T14,auto_step06_key_residues,,Retained
AqTMK_15_complex,/home/wms/AF2-test/AF2-CatGraph/results/AqTMK/02_template_guided_docking/complexes/AqTMK_15_complex.pdb,graph,D9; G10; S11; G12; K13; T14; T15; R47; R90; K143; R145,T15; K13; T14,auto_step06_key_residues,,Retained
AqTMK_16_complex,/home/wms/AF2-test/AF2-CatGraph/results/AqTMK/02_template_guided_docking/complexes/AqTMK_16_complex.pdb,graph,D9; G10; S11; G12; K13; T14; T15; R47; R90; K143; R145,T15; K13; T14,auto_step06_key_residues,,Retained
AqTMK_17_complex,/home/wms/AF2-test/AF2-CatGraph/results/AqTMK/02_template_guided_docking/complexes/AqTMK_17_complex.pdb,graph,D9; G10; S11; G12; K13; T14; T15; R47; R90; K143; R145,T15; K13; T14,auto_step06_key_residues,,Retained
AqTMK_21_complex,/home/wms/AF2-test/AF2-CatGraph/results/AqTMK/02_template_guided_docking/complexes/AqTMK_21_complex.pdb,graph,D9; G10; S11; G12; K13; T14; T15; R47; R90; K143; R145,T15; K13; T14,auto_step06_key_residues,,Retained
AqTMK_22_complex,/home/wms/AF2-test/AF2-CatGraph/results/AqTMK/02_template_guided_docking/complexes/AqTMK_22_complex.pdb,graph,D9; G10; S11; G12; K13; T14; T15; R47; R90; K143; R145,T15; K13; T14,auto_step06_key_residues,,Retained
AqTMK_23_complex,/home/wms/AF2-test/AF2-CatGraph/results/AqTMK/02_template_guided_docking/complexes/AqTMK_23_complex.pdb,graph,D9; G10; S11; G12; K13; T14; T15; R47; R90; K143; R145,T15; K13; T14,auto_step06_key_residues,,Retained
AqTMK_26_complex,/home/wms/AF2-test/AF2-CatGraph/results/AqTMK/02_template_guided_docking/complexes/AqTMK_26_complex.pdb,graph,D9; G10; S11; G12; K13; T14; T15; R47; R90; K143; R145,T15; K13; T14,auto_step06_key_residues,,Retained
AqTMK_28_complex,/home/wms/AF2-test/AF2-CatGraph/results/AqTMK/02_template_guided_docking/complexes/AqTMK_28_complex.pdb,graph,D9; G10; S11; G12; K13; T14; T15; R35; R90; K143; R145,T15; K13; T14,auto_step06_key_residues,,Retained
AqTMK_30_complex,/home/wms/AF2-test/AF2-CatGraph/results/AqTMK/02_template_guided_docking/complexes/AqTMK_30_complex.pdb,graph,D9; G10; S11; G12; K13; T14; T15; R47; R90; K143; R145,T15; K13; T14,auto_step06_key_residues,,Retained
AqTMK_33_complex,/home/wms/AF2-test/AF2-CatGraph/results/AqTMK/02_template_guided_docking/complexes/AqTMK_33_complex.pdb,graph,D9; G10; S11; G12; K13; T14; T15; R47; R90,T15; K13; T14,auto_step06_key_residues,,Retained
AqTMK_35_complex,/home/wms/AF2-test/AF2-CatGraph/results/AqTMK/02_template_guided_docking/complexes/AqTMK_35_complex.pdb,graph,D9; G10; S11; G12; K13; T14; T15; R35; R47; R90; K143; R145,T15; K13; T14,auto_step06_key_residues,,Retained
AqTMK_37_complex,/home/wms/AF2-test/AF2-CatGraph/results/AqTMK/02_template_guided_docking/complexes/AqTMK_37_complex.pdb,graph,D9; G10; S11; G12; K13; T14; T15; R47; R90; K143; R145,T15; K13; T14,auto_step06_key_residues,,Retained
AqTMK_38_complex,/home/wms/AF2-test/AF2-CatGraph/results/AqTMK/02_template_guided_docking/complexes/AqTMK_38_complex.pdb,graph,D9; G10; S11; G12; K13; T14; T15; R35; R47; R90; K143; R145,T15; K13; T14,auto_step06_key_residues,,Retained
AqTMK_39_complex,/home/wms/AF2-test/AF2-CatGraph/results/AqTMK/02_template_guided_docking/complexes/AqTMK_39_complex.pdb,graph,D9; G10; S11; G12; K13; T14; T15; R35; R47; R90; K143; R145,T15; K13; T14,auto_step06_key_residues,,Retained
AqTMK_41_complex,/home/wms/AF2-test/AF2-CatGraph/results/AqTMK/02_template_guided_docking/complexes/AqTMK_41_complex.pdb,graph,D9; G10; S11; G12; K13; T14; T15; R90; K143; R145,T15; K13; T14,auto_step06_key_residues,,Retained
AqTMK_43_complex,/home/wms/AF2-test/AF2-CatGraph/results/AqTMK/02_template_guided_docking/complexes/AqTMK_43_complex.pdb,graph,D9; G10; S11; G12; K13; T14; T15; R47; R90,T15; K13; T14,auto_step06_key_residues,,Retained
AqTMK_44_complex,/home/wms/AF2-test/AF2-CatGraph/results/AqTMK/02_template_guided_docking/complexes/AqTMK_44_complex.pdb,graph,D9; G10; S11; G12; K13; T14; T15; R47; R90; K143; R145,T15; K13; T14,auto_step06_key_residues,,Retained
AqTMK_45_complex,/home/wms/AF2-test/AF2-CatGraph/results/AqTMK/02_template_guided_docking/complexes/AqTMK_45_complex.pdb,graph,D9; G10; S11; G12; K13; T14; T15; R47; R90,T15; K13; T14,auto_step06_key_residues,,Retained
AqTMK_46_complex,/home/wms/AF2-test/AF2-CatGraph/results/AqTMK/02_template_guided_docking/complexes/AqTMK_46_complex.pdb,graph,D9; G10; S11; G12; K13; T14; T15; R47; R90; K143; R145,T15; K13; T14,auto_step06_key_residues,,Retained
AqTMK_47_complex,/home/wms/AF2-test/AF2-CatGraph/results/AqTMK/02_template_guided_docking/complexes/AqTMK_47_complex.pdb,graph,D9; G10; S11; G12; K13; T14; T15; R47; R90,T15; K13; T14,auto_step06_key_residues,,Retained
AqTMK_48_complex,/home/wms/AF2-test/AF2-CatGraph/results/AqTMK/02_template_guided_docking/complexes/AqTMK_48_complex.pdb,graph,D9; G10; S11; G12; K13; T14; T15; R47; R90,T15; K13; T14,auto_step06_key_residues,,Retained
AqTMK_49_complex,/home/wms/AF2-test/AF2-CatGraph/results/AqTMK/02_template_guided_docking/complexes/AqTMK_49_complex.pdb,graph,D9; G10; S11; G12; K13; T14; T15; R47; R90,T15; K13; T14,auto_step06_key_residues,,Retained
AqTMK_50_complex,/home/wms/AF2-test/AF2-CatGraph/results/AqTMK/02_template_guided_docking/complexes/AqTMK_50_complex.pdb,graph,D9; G10; S11; G12; K13; T14; T15; R47; R90,T15; K13; T14,auto_step06_key_residues,,Retained
AqTMK_53_complex,/home/wms/AF2-test/AF2-CatGraph/results/AqTMK/02_template_guided_docking/complexes/AqTMK_53_complex.pdb,graph,D9; G10; S11; G12; K13; T14; T15; R47; R90,T15; K13; T14,auto_step06_key_residues,,Retained
AqTMK_54_complex,/home/wms/AF2-test/AF2-CatGraph/results/AqTMK/02_template_guided_docking/complexes/AqTMK_54_complex.pdb,graph,D9; G10; S11; G12; K13; T14; T15; R47; R90,T15; K13; T14,auto_step06_key_residues,,Retained
AqTMK_56_complex,/home/wms/AF2-test/AF2-CatGraph/results/AqTMK/02_template_guided_docking/complexes/AqTMK_56_complex.pdb,graph,D9; G10; S11; G12; K13; T14; T15; R47; R90,T15; K13; T14,auto_step06_key_residues,,Retained
AqTMK_57_complex,/home/wms/AF2-test/AF2-CatGraph/results/AqTMK/02_template_guided_docking/complexes/AqTMK_57_complex.pdb,graph,G10; S11; G12; K13; T14; T15; R47; R90,T15; K13; T14,auto_step06_key_residues,,Retained
AqTMK_58_complex,/home/wms/AF2-test/AF2-CatGraph/results/AqTMK/02_template_guided_docking/complexes/AqTMK_58_complex.pdb,graph,D9; G10; S11; G12; K13; T14; T15; R47; R90; K143; R145,T15; K13; T14,auto_step06_key_residues,,Retained
AqTMK_59_complex,/home/wms/AF2-test/AF2-CatGraph/results/AqTMK/02_template_guided_docking/complexes/AqTMK_59_complex.pdb,graph,D9; G10; S11; G12; K13; T14; T15; R47; R90,T15; K13; T14,auto_step06_key_residues,,Retained
AqTMK_60_complex,/home/wms/AF2-test/AF2-CatGraph/results/AqTMK/02_template_guided_docking/complexes/AqTMK_60_complex.pdb,graph,D9; G10; S11; G12; K13; T14; T15; R47; R90; K143; R145,T15; K13; T14,auto_step06_key_residues,,Retained
AqTMK_62_complex,/home/wms/AF2-test/AF2-CatGraph/results/AqTMK/02_template_guided_docking/complexes/AqTMK_62_complex.pdb,graph,D9; G10; S11; G12; K13; T14; T15; R47; R90,T15; K13; T14,auto_step06_key_residues,,Retained
AqTMK_63_complex,/home/wms/AF2-test/AF2-CatGraph/results/AqTMK/02_template_guided_docking/complexes/AqTMK_63_complex.pdb,graph,D9; G10; S11; G12; K13; T14; T15; R47; R90,T15; K13; T14,auto_step06_key_residues,,Retained
AqTMK_65_complex,/home/wms/AF2-test/AF2-CatGraph/results/AqTMK/02_template_guided_docking/complexes/AqTMK_65_complex.pdb,graph,D9; G10; S11; G12; K13; T14; T15; R35; R47; R90; K143; R145,T15; K13; T14,auto_step06_key_residues,,Retained
AqTMK_66_complex,/home/wms/AF2-test/AF2-CatGraph/results/AqTMK/02_template_guided_docking/complexes/AqTMK_66_complex.pdb,graph,D9; G10; S11; G12; K13; T14; T15; R47; R90,T15; K13; T14,auto_step06_key_residues,,Retained
AqTMK_68_complex,/home/wms/AF2-test/AF2-CatGraph/results/AqTMK/02_template_guided_docking/complexes/AqTMK_68_complex.pdb,graph,D9; G10; S11; G12; K13; T14; T15; R47; R90,T15; K13; T14,auto_step06_key_residues,,Retained
AqTMK_69_complex,/home/wms/AF2-test/AF2-CatGraph/results/AqTMK/02_template_guided_docking/complexes/AqTMK_69_complex.pdb,graph,D9; G10; S11; G12; K13; T14; T15; R47; R90; R145,T15; K13; T14,auto_step06_key_residues,,Retained
AqTMK_70_complex,/home/wms/AF2-test/AF2-CatGraph/results/AqTMK/02_template_guided_docking/complexes/AqTMK_70_complex.pdb,graph,D9; G10; S11; G12; K13; T14; T15; R47; R90,T15; K13; T14,auto_step06_key_residues,,Retained
AqTMK_72_complex,/home/wms/AF2-test/AF2-CatGraph/results/AqTMK/02_template_guided_docking/complexes/AqTMK_72_complex.pdb,graph,D9; G10; S11; G12; K13; T14; T15; R47; R90,T15; K13; T14,auto_step06_key_residues,,Retained
AqTMK_73_complex,/home/wms/AF2-test/AF2-CatGraph/results/AqTMK/02_template_guided_docking/complexes/AqTMK_73_complex.pdb,graph,D9; G10; S11; G12; K13; T14; T15; R47; R90,T15; K13; T14,auto_step06_key_residues,,Retained
AqTMK_76_complex,/home/wms/AF2-test/AF2-CatGraph/results/AqTMK/02_template_guided_docking/complexes/AqTMK_76_complex.pdb,graph,D9; G10; S11; G12; K13; T14; T15; R47; R90,T15; K13; T14,auto_step06_key_residues,,Retained
AqTMK_77_complex,/home/wms/AF2-test/AF2-CatGraph/results/AqTMK/02_template_guided_docking/complexes/AqTMK_77_complex.pdb,graph,D9; G10; S11; G12; K13; T14; T15; R35; R90; K143; R145,T15; K13; T14,auto_step06_key_residues,,Retained
AqTMK_79_complex,/home/wms/AF2-test/AF2-CatGraph/results/AqTMK/02_template_guided_docking/complexes/AqTMK_79_complex.pdb,graph,D9; G10; S11; G12; K13; T14; T15; R47; R90,T15; K13; T14,auto_step06_key_residues,,Retained
AqTMK_81_complex,/home/wms/AF2-test/AF2-CatGraph/results/AqTMK/02_template_guided_docking/complexes/AqTMK_81_complex.pdb,graph,D9; G10; S11; G12; K13; T14; T15; R47; R90,T15; K13; T14,auto_step06_key_residues,,Retained
AqTMK_82_complex,/home/wms/AF2-test/AF2-CatGraph/results/AqTMK/02_template_guided_docking/complexes/AqTMK_82_complex.pdb,graph,D9; G10; S11; G12; K13; T14; T15; R47; R90,T15; K13; T14,auto_step06_key_residues,,Retained
AqTMK_84_complex,/home/wms/AF2-test/AF2-CatGraph/results/AqTMK/02_template_guided_docking/complexes/AqTMK_84_complex.pdb,graph,D9; G10; S11; G12; K13; T14; T15; R47; R90,T15; K13; T14,auto_step06_key_residues,,Retained
AqTMK_85_complex,/home/wms/AF2-test/AF2-CatGraph/results/AqTMK/02_template_guided_docking/complexes/AqTMK_85_complex.pdb,graph,D9; G10; S11; G12; K13; T14; T15; R47; R90,T15; K13; T14,auto_step06_key_residues,,Retained
AqTMK_87_complex,/home/wms/AF2-test/AF2-CatGraph/results/AqTMK/02_template_guided_docking/complexes/AqTMK_87_complex.pdb,graph,D9; G10; S11; G12; K13; T14; T15; R47; R90,T15; K13; T14,auto_step06_key_residues,,Retained
AqTMK_88_complex,/home/wms/AF2-test/AF2-CatGraph/results/AqTMK/02_template_guided_docking/complexes/AqTMK_88_complex.pdb,graph,D9; G10; S11; G12; K13; T14; T15; R35; R47; R90; K143; R145,T15; K13; T14,auto_step06_key_residues,,Retained
AqTMK_89_complex,/home/wms/AF2-test/AF2-CatGraph/results/AqTMK/02_template_guided_docking/complexes/AqTMK_89_complex.pdb,graph,D9; G10; S11; G12; K13; T14; T15; R47; R90,T15; K13; T14,auto_step06_key_residues,,Retained
AqTMK_91_complex,/home/wms/AF2-test/AF2-CatGraph/results/AqTMK/02_template_guided_docking/complexes/AqTMK_91_complex.pdb,graph,D9; G10; S11; G12; K13; T14; T15; R47; R90,T15; K13; T14,auto_step06_key_residues,,Retained
AqTMK_92_complex,/home/wms/AF2-test/AF2-CatGraph/results/AqTMK/02_template_guided_docking/complexes/AqTMK_92_complex.pdb,graph,D9; G10; S11; G12; K13; T14; T15; R47; R90,T15; K13; T14,auto_step06_key_residues,,Retained
AqTMK_93_complex,/home/wms/AF2-test/AF2-CatGraph/results/AqTMK/02_template_guided_docking/complexes/AqTMK_93_complex.pdb,graph,D9; G10; S11; G12; K13; T14; T15; R47; R90,T15; K13; T14,auto_step06_key_residues,,Retained
AqTMK_94_complex,/home/wms/AF2-test/AF2-CatGraph/results/AqTMK/02_template_guided_docking/complexes/AqTMK_94_complex.pdb,graph,G10; S11; G12; K13; T14; T15; R47; R90,T15; K13; T14,auto_step06_key_residues,,Retained
AqTMK_95_complex,/home/wms/AF2-test/AF2-CatGraph/results/AqTMK/02_template_guided_docking/complexes/AqTMK_95_complex.pdb,graph,D9; G10; S11; G12; K13; T14; T15; R47; R90,T15; K13; T14,auto_step06_key_residues,,Retained
AqTMK_97_complex,/home/wms/AF2-test/AF2-CatGraph/results/AqTMK/02_template_guided_docking/complexes/AqTMK_97_complex.pdb,graph,D9; G10; S11; G12; K13; T14; T15; R47; R90; K143; R145,T15; K13; T14,auto_step06_key_residues,,Retained
AqTMK_98_complex,/home/wms/AF2-test/AF2-CatGraph/results/AqTMK/02_template_guided_docking/complexes/AqTMK_98_complex.pdb,graph,D9; G10; S11; G12; K13; T14; T15; R35; R47; R90,T15; K13; T14,auto_step06_key_residues,,Retained
AqTMK_99_complex,/home/wms/AF2-test/AF2-CatGraph/results/AqTMK/02_template_guided_docking/complexes/AqTMK_99_complex.pdb,graph,D9; G10; S11; G12; K13; T14; T15; R47; R90,T15; K13; T14,auto_step06_key_residues,,Retained
AqTMK_101_complex,/home/wms/AF2-test/AF2-CatGraph/results/AqTMK/02_template_guided_docking/complexes/AqTMK_101_complex.pdb,graph,D9; G10; S11; G12; K13; T14; T15; R47; R90,T15; K13; T14,auto_step06_key_residues,,Retained
AqTMK_102_complex,/home/wms/AF2-test/AF2-CatGraph/results/AqTMK/02_template_guided_docking/complexes/AqTMK_102_complex.pdb,graph,D9; G10; S11; G12; K13; T14; T15; R47; R90,T15; K13; T14,auto_step06_key_residues,,Retained
AqTMK_103_complex,/home/wms/AF2-test/AF2-CatGraph/results/AqTMK/02_template_guided_docking/complexes/AqTMK_103_complex.pdb,graph,D9; G10; S11; G12; K13; T14; T15; R47; R90,T15; K13; T14,auto_step06_key_residues,,Retained
AqTMK_104_complex,/home/wms/AF2-test/AF2-CatGraph/results/AqTMK/02_template_guided_docking/complexes/AqTMK_104_complex.pdb,graph,D9; G10; S11; G12; K13; T14; T15; R47; R90,T15; K13; T14,auto_step06_key_residues,,Retained
AqTMK_106_complex,/home/wms/AF2-test/AF2-CatGraph/results/AqTMK/02_template_guided_docking/complexes/AqTMK_106_complex.pdb,graph,D9; G10; S11; G12; K13; T14; T15; R47; R90,T15; K13; T14,auto_step06_key_residues,,Retained
AqTMK_108_complex,/home/wms/AF2-test/AF2-CatGraph/results/AqTMK/02_template_guided_docking/complexes/AqTMK_108_complex.pdb,graph,D9; G10; S11; G12; K13; T14; T15; R47; R90,T15; K13; T14,auto_step06_key_residues,,Retained
AqTMK_109_complex,/home/wms/AF2-test/AF2-CatGraph/results/AqTMK/02_template_guided_docking/complexes/AqTMK_109_complex.pdb,graph,D9; G10; S11; G12; K13; T14; T15; R47; R90,T15; K13; T14,auto_step06_key_residues,,Retained
AqTMK_110_complex,/home/wms/AF2-test/AF2-CatGraph/results/AqTMK/02_template_guided_docking/complexes/AqTMK_110_complex.pdb,graph,D9; G10; S11; G12; K13; T14; T15; R47; R90,T15; K13; T14,auto_step06_key_residues,,Retained
AqTMK_111_complex,/home/wms/AF2-test/AF2-CatGraph/results/AqTMK/02_template_guided_docking/complexes/AqTMK_111_complex.pdb,graph,D9; G10; S11; G12; K13; T14; T15; R47; R90; N144,T15; K13; T14,auto_step06_key_residues,,Retained
AqTMK_112_complex,/home/wms/AF2-test/AF2-CatGraph/results/AqTMK/02_template_guided_docking/complexes/AqTMK_112_complex.pdb,graph,D9; G10; S11; G12; K13; T14; T15; R47; R90,T15; K13; T14,auto_step06_key_residues,,Retained
AqTMK_114_complex,/home/wms/AF2-test/AF2-CatGraph/results/AqTMK/02_template_guided_docking/complexes/AqTMK_114_complex.pdb,graph,D9; G10; S11; G12; K13; T14; T15; R47; R90,T15; K13; T14,auto_step06_key_residues,,Retained
AqTMK_116_complex,/home/wms/AF2-test/AF2-CatGraph/results/AqTMK/02_template_guided_docking/complexes/AqTMK_116_complex.pdb,graph,D9; G10; S11; G12; K13; T14; T15; R47; R90,T15; K13; T14,auto_step06_key_residues,,Retained
AqTMK_117_complex,/home/wms/AF2-test/AF2-CatGraph/results/AqTMK/02_template_guided_docking/complexes/AqTMK_117_complex.pdb,graph,D9; G10; S11; G12; K13; T14; T15; R47; R90,T15; K13; T14,auto_step06_key_residues,,Retained
AqTMK_118_complex,/home/wms/AF2-test/AF2-CatGraph/results/AqTMK/02_template_guided_docking/complexes/AqTMK_118_complex.pdb,graph,D9; G10; S11; G12; K13; T14; T15; R47; R90,T15; K13; T14,auto_step06_key_residues,,Retained
AqTMK_119_complex,/home/wms/AF2-test/AF2-CatGraph/results/AqTMK/02_template_guided_docking/complexes/AqTMK_119_complex.pdb,graph,D9; G10; S11; G12; K13; T14; T15; R47; R90,T15; K13; T14,auto_step06_key_residues,,Retained
AqTMK_120_complex,/home/wms/AF2-test/AF2-CatGraph/results/AqTMK/02_template_guided_docking/complexes/AqTMK_120_complex.pdb,graph,D9; G10; S11; G12; K13; T14; T15; R47; R90,T15; K13; T14,auto_step06_key_residues,,Retained
AqTMK_121_complex,/home/wms/AF2-test/AF2-CatGraph/results/AqTMK/02_template_guided_docking/complexes/AqTMK_121_complex.pdb,graph,D9; G10; S11; G12; K13; T14; T15; R90,T15; K13; T14,auto_step06_key_residues,,Retained
AqTMK_122_complex,/home/wms/AF2-test/AF2-CatGraph/results/AqTMK/02_template_guided_docking/complexes/AqTMK_122_complex.pdb,graph,G10; S11; G12; K13; T14; T15; R47; R90,T15; K13; T14,auto_step06_key_residues,,Retained
AqTMK_123_complex,/home/wms/AF2-test/AF2-CatGraph/results/AqTMK/02_template_guided_docking/complexes/AqTMK_123_complex.pdb,graph,D9; G10; S11; G12; K13; T14; T15; R47; R90,T15; K13; T14,auto_step06_key_residues,,Retained
AqTMK_124_complex,/home/wms/AF2-test/AF2-CatGraph/results/AqTMK/02_template_guided_docking/complexes/AqTMK_124_complex.pdb,graph,D9; G10; S11; G12; K13; T14; T15; R47; R90,T15; K13; T14,auto_step06_key_residues,,Retained
AqTMK_128_complex,/home/wms/AF2-test/AF2-CatGraph/results/AqTMK/02_template_guided_docking/complexes/AqTMK_128_complex.pdb,graph,D9; G10; S11; G12; K13; T14; T15; R35; R47; R90,T15; K13; T14,auto_step06_key_residues,,Retained
AqTMK_131_complex,/home/wms/AF2-test/AF2-CatGraph/results/AqTMK/02_template_guided_docking/complexes/AqTMK_131_complex.pdb,graph,D9; G10; S11; G12; K13; T14; T15; R47; R90,T15; K13; T14,auto_step06_key_residues,,Retained
AqTMK_132_complex,/home/wms/AF2-test/AF2-CatGraph/results/AqTMK/02_template_guided_docking/complexes/AqTMK_132_complex.pdb,graph,G10; S11; G12; K13; T14; T15; R47; R90,T15; K13; T14,auto_step06_key_residues,,Retained
AqTMK_133_complex,/home/wms/AF2-test/AF2-CatGraph/results/AqTMK/02_template_guided_docking/complexes/AqTMK_133_complex.pdb,graph,D9; G10; S11; G12; K13; T14; T15; R47; R90,T15; K13; T14,auto_step06_key_residues,,Retained
AqTMK_134_complex,/home/wms/AF2-test/AF2-CatGraph/results/AqTMK/02_template_guided_docking/complexes/AqTMK_134_complex.pdb,graph,D9; G10; S11; G12; K13; T14; T15; R47; R90; K143; R145,T15; K13; T14,auto_step06_key_residues,,Retained
AqTMK_139_complex,/home/wms/AF2-test/AF2-CatGraph/results/AqTMK/02_template_guided_docking/complexes/AqTMK_139_complex.pdb,graph,D9; G10; S11; G12; K13; T14; T15; R35; R90,T15; K13; T14,auto_step06_key_residues,,Retained
AqTMK_140_complex,/home/wms/AF2-test/AF2-CatGraph/results/AqTMK/02_template_guided_docking/complexes/AqTMK_140_complex.pdb,graph,D9; G10; S11; G12; K13; T14; T15; R47; R90; K143; R145,T15; K13; T14,auto_step06_key_residues,,Retained
AqTMK_149_complex,/home/wms/AF2-test/AF2-CatGraph/results/AqTMK/02_template_guided_docking/complexes/AqTMK_149_complex.pdb,graph,D9; G10; S11; G12; K13; T14; T15; R47; R90,T15; K13; T14,auto_step06_key_residues,,Retained
AqTMK_153_complex,/home/wms/AF2-test/AF2-CatGraph/results/AqTMK/02_template_guided_docking/complexes/AqTMK_153_complex.pdb,graph,D9; G10; S11; G12; K13; T14; T15; R47; R90,T15; K13; T14,auto_step06_key_residues,,Retained
AqTMK_155_complex,/home/wms/AF2-test/AF2-CatGraph/results/AqTMK/02_template_guided_docking/complexes/AqTMK_155_complex.pdb,graph,D9; G10; S11; G12; K13; T14; T15; R47; R90,T15; K13; T14,auto_step06_key_residues,,Retained
AqTMK_156_complex,/home/wms/AF2-test/AF2-CatGraph/results/AqTMK/02_template_guided_docking/complexes/AqTMK_156_complex.pdb,graph,D9; G10; S11; G12; K13; T14; T15; R47; R90,T15; K13; T14,auto_step06_key_residues,,Retained
AqTMK_159_complex,/home/wms/AF2-test/AF2-CatGraph/results/AqTMK/02_template_guided_docking/complexes/AqTMK_159_complex.pdb,graph,D9; G10; S11; G12; K13; T14; T15; R47; R90,T15; K13; T14,auto_step06_key_residues,,Retained
AqTMK_163_complex,/home/wms/AF2-test/AF2-CatGraph/results/AqTMK/02_template_guided_docking/complexes/AqTMK_163_complex.pdb,graph,D9; G10; S11; G12; K13; T14; T15; R47; R90,T15; K13; T14,auto_step06_key_residues,,Retained
AqTMK_165_complex,/home/wms/AF2-test/AF2-CatGraph/results/AqTMK/02_template_guided_docking/complexes/AqTMK_165_complex.pdb,graph,D9; G10; S11; G12; K13; T14; T15; R47; R90,T15; K13; T14,auto_step06_key_residues,,Retained
AqTMK_167_complex,/home/wms/AF2-test/AF2-CatGraph/results/AqTMK/02_template_guided_docking/complexes/AqTMK_167_complex.pdb,graph,D9; G10; S11; G12; K13; T14; T15; R47; R90,T15; K13; T14,auto_step06_key_residues,,Retained
AqTMK_171_complex,/home/wms/AF2-test/AF2-CatGraph/results/AqTMK/02_template_guided_docking/complexes/AqTMK_171_complex.pdb,graph,D9; G10; S11; G12; K13; T14; T15; R47; R90,T15; K13; T14,auto_step06_key_residues,,Retained
AqTMK_172_complex,/home/wms/AF2-test/AF2-CatGraph/results/AqTMK/02_template_guided_docking/complexes/AqTMK_172_complex.pdb,graph,D9; G10; S11; G12; K13; T14; T15; R47; R90,T15; K13; T14,auto_step06_key_residues,,Retained
AqTMK_173_complex,/home/wms/AF2-test/AF2-CatGraph/results/AqTMK/02_template_guided_docking/complexes/AqTMK_173_complex.pdb,graph,D9; G10; S11; G12; K13; T14; T15; R35; R47; R90,T15; K13; T14,auto_step06_key_residues,,Retained
AqTMK_175_complex,/home/wms/AF2-test/AF2-CatGraph/results/AqTMK/02_template_guided_docking/complexes/AqTMK_175_complex.pdb,graph,D9; G10; S11; G12; K13; T14; T15; R35; R47; R90,T15; K13; T14,auto_step06_key_residues,,Retained
AqTMK_178_complex,/home/wms/AF2-test/AF2-CatGraph/results/AqTMK/02_template_guided_docking/complexes/AqTMK_178_complex.pdb,graph,D9; G10; S11; G12; K13; T14; T15; R47; R90,T15; K13; T14,auto_step06_key_residues,,Retained
AqTMK_179_complex,/home/wms/AF2-test/AF2-CatGraph/results/AqTMK/02_template_guided_docking/complexes/AqTMK_179_complex.pdb,graph,D9; G10; S11; G12; K13; T14; T15; R47; R90,T15; K13; T14,auto_step06_key_residues,,Retained
AqTMK_181_complex,/home/wms/AF2-test/AF2-CatGraph/results/AqTMK/02_template_guided_docking/complexes/AqTMK_181_complex.pdb,graph,D9; G10; S11; G12; K13; T14; T15; R47; R90,T15; K13; T14,auto_step06_key_residues,,Retained
AqTMK_184_complex,/home/wms/AF2-test/AF2-CatGraph/results/AqTMK/02_template_guided_docking/complexes/AqTMK_184_complex.pdb,graph,D9; G10; S11; G12; K13; T14; T15; R47; R90; R145,T15; K13; T14,auto_step06_key_residues,,Retained
AqTMK_185_complex,/home/wms/AF2-test/AF2-CatGraph/results/AqTMK/02_template_guided_docking/complexes/AqTMK_185_complex.pdb,graph,D9; G10; S11; G12; K13; T14; T15; R35; R47; R90,T15; K13; T14,auto_step06_key_residues,,Retained
AqTMK_186_complex,/home/wms/AF2-test/AF2-CatGraph/results/AqTMK/02_template_guided_docking/complexes/AqTMK_186_complex.pdb,graph,D9; G10; S11; G12; K13; T14; T15; R47; R90,T15; K13; T14,auto_step06_key_residues,,Retained
AqTMK_187_complex,/home/wms/AF2-test/AF2-CatGraph/results/AqTMK/02_template_guided_docking/complexes/AqTMK_187_complex.pdb,graph,D9; G10; S11; G12; K13; T14; T15; R47; R90,T15; K13; T14,auto_step06_key_residues,,Retained
AqTMK_188_complex,/home/wms/AF2-test/AF2-CatGraph/results/AqTMK/02_template_guided_docking/complexes/AqTMK_188_complex.pdb,graph,D9; G10; S11; G12; K13; T14; T15; R47; R90,T15; K13; T14,auto_step06_key_residues,,Retained
AqTMK_191_complex,/home/wms/AF2-test/AF2-CatGraph/results/AqTMK/02_template_guided_docking/complexes/AqTMK_191_complex.pdb,graph,D9; G10; S11; G12; K13; T14; T15; R90,T15; K13; T14,auto_step06_key_residues,,Retained
AqTMK_193_complex,/home/wms/AF2-test/AF2-CatGraph/results/AqTMK/02_template_guided_docking/complexes/AqTMK_193_complex.pdb,graph,G10; S11; G12; K13; T14; T15; R90,T15; K13; T14,auto_step06_key_residues,,Retained
AqTMK_195_complex,/home/wms/AF2-test/AF2-CatGraph/results/AqTMK/02_template_guided_docking/complexes/AqTMK_195_complex.pdb,graph,D9; G10; S11; G12; K13; T14; T15; R35; R90,T15; K13; T14,auto_step06_key_residues,,Retained
AqTMK_196_complex,/home/wms/AF2-test/AF2-CatGraph/results/AqTMK/02_template_guided_docking/complexes/AqTMK_196_complex.pdb,graph,D9; G10; S11; G12; K13; T14; T15; R35; R47; R90,T15; K13; T14,auto_step06_key_residues,,Retained
AqTMK_197_complex,/home/wms/AF2-test/AF2-CatGraph/results/AqTMK/02_template_guided_docking/complexes/AqTMK_197_complex.pdb,graph,D9; G10; S11; G12; K13; T14; T15; R35; R47; R90,T15; K13; T14,auto_step06_key_residues,,Retained
AqTMK_198_complex,/home/wms/AF2-test/AF2-CatGraph/results/AqTMK/02_template_guided_docking/complexes/AqTMK_198_complex.pdb,graph,D9; G10; S11; G12; K13; T14; T15; R47; R90,T15; K13; T14,auto_step06_key_residues,,Retained
AqTMK_200_complex,/home/wms/AF2-test/AF2-CatGraph/results/AqTMK/02_template_guided_docking/complexes/AqTMK_200_complex.pdb,graph,D9; G10; S11; G12; K13; T14; T15; R35; R47; R90,T15; K13; T14,auto_step06_key_residues,,Retained
AqTMK_201_complex,/home/wms/AF2-test/AF2-CatGraph/results/AqTMK/02_template_guided_docking/complexes/AqTMK_201_complex.pdb,graph,G10; S11; G12; K13; T14; T15; R47; R90,T15; K13; T14,auto_step06_key_residues,,Retained
AqTMK_207_complex,/home/wms/AF2-test/AF2-CatGraph/results/AqTMK/02_template_guided_docking/complexes/AqTMK_207_complex.pdb,graph,D9; G10; S11; G12; K13; T14; T15; R47; R90; R145,T15; K13; T14,auto_step06_key_residues,,Retained
AqTMK_208_complex,/home/wms/AF2-test/AF2-CatGraph/results/AqTMK/02_template_guided_docking/complexes/AqTMK_208_complex.pdb,graph,D9; G10; S11; G12; K13; T14; T15; R35; R47; R90,T15; K13; T14,auto_step06_key_residues,,Retained
AqTMK_211_complex,/home/wms/AF2-test/AF2-CatGraph/results/AqTMK/02_template_guided_docking/complexes/AqTMK_211_complex.pdb,graph,D9; G10; S11; G12; K13; T14; T15; R35; R47; R90,T15; K13; T14,auto_step06_key_residues,,Retained
AqTMK_214_complex,/home/wms/AF2-test/AF2-CatGraph/results/AqTMK/02_template_guided_docking/complexes/AqTMK_214_complex.pdb,graph,D9; G10; S11; G12; K13; T14; T15; R35; R47; R90,T15; K13; T14,auto_step06_key_residues,,Retained
AqTMK_217_complex,/home/wms/AF2-test/AF2-CatGraph/results/AqTMK/02_template_guided_docking/complexes/AqTMK_217_complex.pdb,graph,D9; G10; S11; G12; K13; T14; T15; R35; R47; R90; R145,T15; K13; T14,auto_step06_key_residues,,Retained
AqTMK_218_complex,/home/wms/AF2-test/AF2-CatGraph/results/AqTMK/02_template_guided_docking/complexes/AqTMK_218_complex.pdb,graph,D9; G10; S11; G12; K13; T14; T15; R47; R90,T15; K13; T14,auto_step06_key_residues,,Retained
AqTMK_219_complex,/home/wms/AF2-test/AF2-CatGraph/results/AqTMK/02_template_guided_docking/complexes/AqTMK_219_complex.pdb,graph,D9; G10; S11; G12; K13; T14; T15; R47; R90,T15; K13; T14,auto_step06_key_residues,,Retained
AqTMK_220_complex,/home/wms/AF2-test/AF2-CatGraph/results/AqTMK/02_template_guided_docking/complexes/AqTMK_220_complex.pdb,graph,D9; G10; S11; G12; K13; T14; T15; R35; R47; R90,T15; K13; T14,auto_step06_key_residues,,Retained
AqTMK_223_complex,/home/wms/AF2-test/AF2-CatGraph/results/AqTMK/02_template_guided_docking/complexes/AqTMK_223_complex.pdb,graph,D9; G10; S11; G12; K13; T14; T15; R35; R47; R90,T15; K13; T14,auto_step06_key_residues,,Retained
AqTMK_224_complex,/home/wms/AF2-test/AF2-CatGraph/results/AqTMK/02_template_guided_docking/complexes/AqTMK_224_complex.pdb,graph,D9; G10; S11; G12; K13; T14; T15; R47; R90,T15; K13; T14,auto_step06_key_residues,,Retained
AqTMK_228_complex,/home/wms/AF2-test/AF2-CatGraph/results/AqTMK/02_template_guided_docking/complexes/AqTMK_228_complex.pdb,graph,D9; G10; S11; G12; K13; T14; T15; R35; R47; R90; R145,T15; K13; T14,auto_step06_key_residues,,Retained
AqTMK_229_complex,/home/wms/AF2-test/AF2-CatGraph/results/AqTMK/02_template_guided_docking/complexes/AqTMK_229_complex.pdb,graph,D9; G10; S11; G12; K13; T14; T15; R35; R47; R90,T15; K13; T14,auto_step06_key_residues,,Retained
AqTMK_230_complex,/home/wms/AF2-test/AF2-CatGraph/results/AqTMK/02_template_guided_docking/complexes/AqTMK_230_complex.pdb,graph,D9; G10; S11; G12; K13; T14; T15; R35; R47; R90,T15; K13; T14,auto_step06_key_residues,,Retained
AqTMK_231_complex,/home/wms/AF2-test/AF2-CatGraph/results/AqTMK/02_template_guided_docking/complexes/AqTMK_231_complex.pdb,graph,D9; G10; S11; G12; K13; T14; T15; R47; R90; N144,T15; K13; T14,auto_step06_key_residues,,Retained
AqTMK_233_complex,/home/wms/AF2-test/AF2-CatGraph/results/AqTMK/02_template_guided_docking/complexes/AqTMK_233_complex.pdb,graph,D9; G10; S11; G12; K13; T14; T15; R47; R90,T15; K13; T14,auto_step06_key_residues,,Retained
AqTMK_234_complex,/home/wms/AF2-test/AF2-CatGraph/results/AqTMK/02_template_guided_docking/complexes/AqTMK_234_complex.pdb,graph,D9; G10; S11; G12; K13; T14; T15; R47; R90,T15; K13; T14,auto_step06_key_residues,,Retained
AqTMK_236_complex,/home/wms/AF2-test/AF2-CatGraph/results/AqTMK/02_template_guided_docking/complexes/AqTMK_236_complex.pdb,graph,D9; G10; S11; G12; K13; T14; T15; R47; R90,T15; K13; T14,auto_step06_key_residues,,Retained
AqTMK_237_complex,/home/wms/AF2-test/AF2-CatGraph/results/AqTMK/02_template_guided_docking/complexes/AqTMK_237_complex.pdb,graph,D9; G10; S11; G12; K13; T14; T15; R47; R90,T15; K13; T14,auto_step06_key_residues,,Retained
AqTMK_238_complex,/home/wms/AF2-test/AF2-CatGraph/results/AqTMK/02_template_guided_docking/complexes/AqTMK_238_complex.pdb,graph,D9; G10; S11; G12; K13; T14; T15; R35; R47; R90,T15; K13; T14,auto_step06_key_residues,,Retained
AqTMK_240_complex,/home/wms/AF2-test/AF2-CatGraph/results/AqTMK/02_template_guided_docking/complexes/AqTMK_240_complex.pdb,graph,D9; G10; S11; G12; K13; T14; T15; R35; R47; R90,T15; K13; T14,auto_step06_key_residues,,Retained
AqTMK_242_complex,/home/wms/AF2-test/AF2-CatGraph/results/AqTMK/02_template_guided_docking/complexes/AqTMK_242_complex.pdb,graph,D9; G10; S11; G12; K13; T14; T15; R35; R90,T15; K13; T14,auto_step06_key_residues,,Retained
AqTMK_244_complex,/home/wms/AF2-test/AF2-CatGraph/results/AqTMK/02_template_guided_docking/complexes/AqTMK_244_complex.pdb,graph,D9; G10; S11; G12; K13; T14; T15; R35; R47; R90,T15; K13; T14,auto_step06_key_residues,,Retained
AqTMK_245_complex,/home/wms/AF2-test/AF2-CatGraph/results/AqTMK/02_template_guided_docking/complexes/AqTMK_245_complex.pdb,graph,D9; G10; S11; G12; K13; T14; T15; R47; R90,T15; K13; T14,auto_step06_key_residues,,Retained
AqTMK_246_complex,/home/wms/AF2-test/AF2-CatGraph/results/AqTMK/02_template_guided_docking/complexes/AqTMK_246_complex.pdb,graph,D9; G10; S11; G12; K13; T14; T15; R47; R90; R145,T15; K13; T14,auto_step06_key_residues,,Retained
AqTMK_249_complex,/home/wms/AF2-test/AF2-CatGraph/results/AqTMK/02_template_guided_docking/complexes/AqTMK_249_complex.pdb,graph,D9; G10; S11; G12; K13; T14; T15; R47; R90,T15; K13; T14,auto_step06_key_residues,,Retained
AqTMK_253_complex,/home/wms/AF2-test/AF2-CatGraph/results/AqTMK/02_template_guided_docking/complexes/AqTMK_253_complex.pdb,graph,D9; G10; S11; G12; K13; T14; T15; R47; R90,T15; K13; T14,auto_step06_key_residues,,Retained
AqTMK_257_complex,/home/wms/AF2-test/AF2-CatGraph/results/AqTMK/02_template_guided_docking/complexes/AqTMK_257_complex.pdb,graph,D9; G10; S11; G12; K13; T14; T15; R35; R47; R90,T15; K13; T14,auto_step06_key_residues,,Retained
AqTMK_259_complex,/home/wms/AF2-test/AF2-CatGraph/results/AqTMK/02_template_guided_docking/complexes/AqTMK_259_complex.pdb,graph,D9; G10; S11; G12; K13; T14; T15; R35; R47; R90,T15; K13; T14,auto_step06_key_residues,,Retained
AqTMK_261_complex,/home/wms/AF2-test/AF2-CatGraph/results/AqTMK/02_template_guided_docking/complexes/AqTMK_261_complex.pdb,graph,D9; G10; S11; G12; K13; T14; T15; R35; R90,T15; K13; T14,auto_step06_key_residues,,Retained
AqTMK_262_complex,/home/wms/AF2-test/AF2-CatGraph/results/AqTMK/02_template_guided_docking/complexes/AqTMK_262_complex.pdb,graph,D9; G10; S11; G12; K13; T14; T15; R35; R47; R90,T15; K13; T14,auto_step06_key_residues,,Retained
AqTMK_263_complex,/home/wms/AF2-test/AF2-CatGraph/results/AqTMK/02_template_guided_docking/complexes/AqTMK_263_complex.pdb,graph,D9; G10; S11; G12; K13; T14; T15; R47; R90,T15; K13; T14,auto_step06_key_residues,,Retained
AqTMK_264_complex,/home/wms/AF2-test/AF2-CatGraph/results/AqTMK/02_template_guided_docking/complexes/AqTMK_264_complex.pdb,graph,D9; G10; S11; G12; K13; T14; T15; R47; R90,T15; K13; T14,auto_step06_key_residues,,Retained
AqTMK_267_complex,/home/wms/AF2-test/AF2-CatGraph/results/AqTMK/02_template_guided_docking/complexes/AqTMK_267_complex.pdb,graph,D9; G10; S11; G12; K13; T14; T15; R47; R90,T15; K13; T14,auto_step06_key_residues,,Retained
AqTMK_270_complex,/home/wms/AF2-test/AF2-CatGraph/results/AqTMK/02_template_guided_docking/complexes/AqTMK_270_complex.pdb,graph,D9; G10; S11; G12; K13; T14; T15; R35; R47; R90,T15; K13; T14,auto_step06_key_residues,,Retained
AqTMK_272_complex,/home/wms/AF2-test/AF2-CatGraph/results/AqTMK/02_template_guided_docking/complexes/AqTMK_272_complex.pdb,graph,D9; G10; S11; G12; K13; T14; T15; R47; R90,T15; K13; T14,auto_step06_key_residues,,Retained
AqTMK_273_complex,/home/wms/AF2-test/AF2-CatGraph/results/AqTMK/02_template_guided_docking/complexes/AqTMK_273_complex.pdb,graph,D9; G10; S11; G12; K13; T14; T15; R47; R90,T15; K13; T14,auto_step06_key_residues,,Retained
AqTMK_274_complex,/home/wms/AF2-test/AF2-CatGraph/results/AqTMK/02_template_guided_docking/complexes/AqTMK_274_complex.pdb,graph,D9; G10; S11; G12; K13; T14; T15; R47; R90,T15; K13; T14,auto_step06_key_residues,,Retained
AqTMK_275_complex,/home/wms/AF2-test/AF2-CatGraph/results/AqTMK/02_template_guided_docking/complexes/AqTMK_275_complex.pdb,graph,D9; G10; S11; G12; K13; T14; T15; R47; R90; R145,T15; K13; T14,auto_step06_key_residues,,Retained
AqTMK_276_complex,/home/wms/AF2-test/AF2-CatGraph/results/AqTMK/02_template_guided_docking/complexes/AqTMK_276_complex.pdb,graph,D9; G10; S11; G12; K13; T14; T15; R35; R47,T15; K13; T14,auto_step06_key_residues,,Retained
AqTMK_277_complex,/home/wms/AF2-test/AF2-CatGraph/results/AqTMK/02_template_guided_docking/complexes/AqTMK_277_complex.pdb,graph,D9; G10; S11; G12; K13; T14; T15; R35; R90,T15; K13; T14,auto_step06_key_residues,,Retained
AqTMK_279_complex,/home/wms/AF2-test/AF2-CatGraph/results/AqTMK/02_template_guided_docking/complexes/AqTMK_279_complex.pdb,graph,D9; G10; S11; G12; K13; T14; T15; R35; R90,T15; K13; T14,auto_step06_key_residues,,Retained
AqTMK_281_complex,/home/wms/AF2-test/AF2-CatGraph/results/AqTMK/02_template_guided_docking/complexes/AqTMK_281_complex.pdb,graph,D9; G10; S11; G12; K13; T14; T15; R35; R47; R90; K143,T15; K13; T14,auto_step06_key_residues,,Retained
AqTMK_284_complex,/home/wms/AF2-test/AF2-CatGraph/results/AqTMK/02_template_guided_docking/complexes/AqTMK_284_complex.pdb,graph,D9; G10; S11; G12; K13; T14; T15; R35; R47; R90,T15; K13; T14,auto_step06_key_residues,,Retained
AqTMK_285_complex,/home/wms/AF2-test/AF2-CatGraph/results/AqTMK/02_template_guided_docking/complexes/AqTMK_285_complex.pdb,graph,D9; G10; S11; G12; K13; T14; T15; R35; R47; R90,T15; K13; T14,auto_step06_key_residues,,Retained
AqTMK_286_complex,/home/wms/AF2-test/AF2-CatGraph/results/AqTMK/02_template_guided_docking/complexes/AqTMK_286_complex.pdb,graph,D9; G10; S11; G12; K13; T14; T15; R47; R90,T15; K13; T14,auto_step06_key_residues,,Retained
AqTMK_287_complex,/home/wms/AF2-test/AF2-CatGraph/results/AqTMK/02_template_guided_docking/complexes/AqTMK_287_complex.pdb,graph,D9; G10; S11; G12; K13; T14; T15; R47; R90; R145,T15; K13; T14,auto_step06_key_residues,,Retained
AqTMK_288_complex,/home/wms/AF2-test/AF2-CatGraph/results/AqTMK/02_template_guided_docking/complexes/AqTMK_288_complex.pdb,graph,D9; G10; S11; G12; K13; T14; T15; R47; R90,T15; K13; T14,auto_step06_key_residues,,Retained
AqTMK_290_complex,/home/wms/AF2-test/AF2-CatGraph/results/AqTMK/02_template_guided_docking/complexes/AqTMK_290_complex.pdb,graph,D9; G10; S11; G12; K13; T14; T15; R35; R90,T15; K13; T14,auto_step06_key_residues,,Retained
AqTMK_292_complex,/home/wms/AF2-test/AF2-CatGraph/results/AqTMK/02_template_guided_docking/complexes/AqTMK_292_complex.pdb,graph,D9; G10; S11; G12; K13; T14; T15; R47; R90,T15; K13; T14,auto_step06_key_residues,,Retained
AqTMK_295_complex,/home/wms/AF2-test/AF2-CatGraph/results/AqTMK/02_template_guided_docking/complexes/AqTMK_295_complex.pdb,graph,D9; G10; S11; G12; K13; T14; T15; R35; R47; R90,T15; K13; T14,auto_step06_key_residues,,Retained
AqTMK_299_complex,/home/wms/AF2-test/AF2-CatGraph/results/AqTMK/02_template_guided_docking/complexes/AqTMK_299_complex.pdb,graph,D9; G10; S11; G12; K13; T14; T15; R35; R90,T15; K13; T14,auto_step06_key_residues,,Retained
AqTMK_300_complex,/home/wms/AF2-test/AF2-CatGraph/results/AqTMK/02_template_guided_docking/complexes/AqTMK_300_complex.pdb,graph,D9; G10; S11; G12; K13; T14; T15; R35; R90,T15; K13; T14,auto_step06_key_residues,,Retained
AqTMK_309_complex,/home/wms/AF2-test/AF2-CatGraph/results/AqTMK/02_template_guided_docking/complexes/AqTMK_309_complex.pdb,graph,D9; G10; S11; G12; K13; T14; T15; R47; R90,T15; K13; T14,auto_step06_key_residues,,Retained
AqTMK_311_complex,/home/wms/AF2-test/AF2-CatGraph/results/AqTMK/02_template_guided_docking/complexes/AqTMK_311_complex.pdb,graph,D9; G10; S11; G12; K13; T14; T15; R35; R47; R90,T15; K13; T14,auto_step06_key_residues,,Retained
