merged_class,representative_structure_id,input_folder,input_source,topology_status,n_ligand_nodes,n_ligand_bond_edges,n_interaction_ligand_nodes,n_unattached_plip_ligand_nodes,unattached_plip_ligand_nodes,n_disconnected_ligand_entities,disconnected_ligand_entities,topology_message
class_1,AqTMK_1,/home/wms/AF2-test/AF2-CatGraph/results/AqTMK/05_plip_interaction_graphs/plip_outputs/AqTMK_1,step06_plip_folder,ok,21,18,12,0,,0,,All PLIP ligand endpoints are attached to their within-entity covalent topology.
class_2,AqTMK_35,/home/wms/AF2-test/AF2-CatGraph/results/AqTMK/05_plip_interaction_graphs/plip_outputs/AqTMK_35,step06_plip_folder,ok,21,18,14,0,,0,,All PLIP ligand endpoints are attached to their within-entity covalent topology.
class_3,AqTMK_65,/home/wms/AF2-test/AF2-CatGraph/results/AqTMK/05_plip_interaction_graphs/plip_outputs/AqTMK_65,step06_plip_folder,ok,21,18,11,0,,0,,All PLIP ligand endpoints are attached to their within-entity covalent topology.
class_4,AqTMK_8,/home/wms/AF2-test/AF2-CatGraph/results/AqTMK/05_plip_interaction_graphs/plip_outputs/AqTMK_8,step06_plip_folder,ok,21,18,12,0,,0,,All PLIP ligand endpoints are attached to their within-entity covalent topology.
class_5,AqTMK_10,/home/wms/AF2-test/AF2-CatGraph/results/AqTMK/05_plip_interaction_graphs/plip_outputs/AqTMK_10,step06_plip_folder,ok,21,18,12,0,,0,,All PLIP ligand endpoints are attached to their within-entity covalent topology.
class_6,AqTMK_16,/home/wms/AF2-test/AF2-CatGraph/results/AqTMK/05_plip_interaction_graphs/plip_outputs/AqTMK_16,step06_plip_folder,ok,21,18,11,0,,0,,All PLIP ligand endpoints are attached to their within-entity covalent topology.
class_7,AqTMK_39,/home/wms/AF2-test/AF2-CatGraph/results/AqTMK/05_plip_interaction_graphs/plip_outputs/AqTMK_39,step06_plip_folder,ok,21,18,11,0,,0,,All PLIP ligand endpoints are attached to their within-entity covalent topology.
class_8,AqTMK_41,/home/wms/AF2-test/AF2-CatGraph/results/AqTMK/05_plip_interaction_graphs/plip_outputs/AqTMK_41,step06_plip_folder,ok,21,18,12,0,,0,,All PLIP ligand endpoints are attached to their within-entity covalent topology.
class_9,AqTMK_44,/home/wms/AF2-test/AF2-CatGraph/results/AqTMK/05_plip_interaction_graphs/plip_outputs/AqTMK_44,step06_plip_folder,ok,21,18,11,0,,0,,All PLIP ligand endpoints are attached to their within-entity covalent topology.
class_10,AqTMK_58,/home/wms/AF2-test/AF2-CatGraph/results/AqTMK/05_plip_interaction_graphs/plip_outputs/AqTMK_58,step06_plip_folder,ok,21,18,12,0,,0,,All PLIP ligand endpoints are attached to their within-entity covalent topology.
class_11,AqTMK_88,/home/wms/AF2-test/AF2-CatGraph/results/AqTMK/05_plip_interaction_graphs/plip_outputs/AqTMK_88,step06_plip_folder,ok,21,18,11,0,,0,,All PLIP ligand endpoints are attached to their within-entity covalent topology.
class_12,AqTMK_37,/home/wms/AF2-test/AF2-CatGraph/results/AqTMK/05_plip_interaction_graphs/plip_outputs/AqTMK_37,step06_plip_folder,ok,21,18,10,0,,0,,All PLIP ligand endpoints are attached to their within-entity covalent topology.
class_13,AqTMK_228,/home/wms/AF2-test/AF2-CatGraph/results/AqTMK/05_plip_interaction_graphs/plip_outputs/AqTMK_228,step06_plip_folder,ok,21,18,12,0,,0,,All PLIP ligand endpoints are attached to their within-entity covalent topology.
class_14,AqTMK_2,/home/wms/AF2-test/AF2-CatGraph/results/AqTMK/05_plip_interaction_graphs/plip_outputs/AqTMK_2,step06_plip_folder,ok,21,18,11,0,,0,,All PLIP ligand endpoints are attached to their within-entity covalent topology.
class_15,AqTMK_9,/home/wms/AF2-test/AF2-CatGraph/results/AqTMK/05_plip_interaction_graphs/plip_outputs/AqTMK_9,step06_plip_folder,ok,21,18,12,0,,0,,All PLIP ligand endpoints are attached to their within-entity covalent topology.
class_16,AqTMK_15,/home/wms/AF2-test/AF2-CatGraph/results/AqTMK/05_plip_interaction_graphs/plip_outputs/AqTMK_15,step06_plip_folder,ok,21,18,13,0,,0,,All PLIP ligand endpoints are attached to their within-entity covalent topology.
class_17,AqTMK_17,/home/wms/AF2-test/AF2-CatGraph/results/AqTMK/05_plip_interaction_graphs/plip_outputs/AqTMK_17,step06_plip_folder,ok,21,18,12,0,,0,,All PLIP ligand endpoints are attached to their within-entity covalent topology.
class_18,AqTMK_28,/home/wms/AF2-test/AF2-CatGraph/results/AqTMK/05_plip_interaction_graphs/plip_outputs/AqTMK_28,step06_plip_folder,ok,21,18,11,0,,0,,All PLIP ligand endpoints are attached to their within-entity covalent topology.
class_19,AqTMK_38,/home/wms/AF2-test/AF2-CatGraph/results/AqTMK/05_plip_interaction_graphs/plip_outputs/AqTMK_38,step06_plip_folder,ok,21,18,11,0,,0,,All PLIP ligand endpoints are attached to their within-entity covalent topology.
class_20,AqTMK_77,/home/wms/AF2-test/AF2-CatGraph/results/AqTMK/05_plip_interaction_graphs/plip_outputs/AqTMK_77,step06_plip_folder,ok,21,18,12,0,,0,,All PLIP ligand endpoints are attached to their within-entity covalent topology.
class_21,AqTMK_5,/home/wms/AF2-test/AF2-CatGraph/results/AqTMK/05_plip_interaction_graphs/plip_outputs/AqTMK_5,step06_plip_folder,ok,21,18,11,0,,0,,All PLIP ligand endpoints are attached to their within-entity covalent topology.
class_22,AqTMK_23,/home/wms/AF2-test/AF2-CatGraph/results/AqTMK/05_plip_interaction_graphs/plip_outputs/AqTMK_23,step06_plip_folder,ok,21,18,10,0,,0,,All PLIP ligand endpoints are attached to their within-entity covalent topology.
class_23,AqTMK_214,/home/wms/AF2-test/AF2-CatGraph/results/AqTMK/05_plip_interaction_graphs/plip_outputs/AqTMK_214,step06_plip_folder,ok,21,18,10,0,,0,,All PLIP ligand endpoints are attached to their within-entity covalent topology.
class_24,AqTMK_128,/home/wms/AF2-test/AF2-CatGraph/results/AqTMK/05_plip_interaction_graphs/plip_outputs/AqTMK_128,step06_plip_folder,ok,21,18,9,0,,0,,All PLIP ligand endpoints are attached to their within-entity covalent topology.
class_25,AqTMK_207,/home/wms/AF2-test/AF2-CatGraph/results/AqTMK/05_plip_interaction_graphs/plip_outputs/AqTMK_207,step06_plip_folder,ok,21,18,10,0,,0,,All PLIP ligand endpoints are attached to their within-entity covalent topology.
class_26,AqTMK_217,/home/wms/AF2-test/AF2-CatGraph/results/AqTMK/05_plip_interaction_graphs/plip_outputs/AqTMK_217,step06_plip_folder,ok,21,18,12,0,,0,,All PLIP ligand endpoints are attached to their within-entity covalent topology.
class_27,AqTMK_246,/home/wms/AF2-test/AF2-CatGraph/results/AqTMK/05_plip_interaction_graphs/plip_outputs/AqTMK_246,step06_plip_folder,ok,21,18,11,0,,0,,All PLIP ligand endpoints are attached to their within-entity covalent topology.
class_28,AqTMK_261,/home/wms/AF2-test/AF2-CatGraph/results/AqTMK/05_plip_interaction_graphs/plip_outputs/AqTMK_261,step06_plip_folder,ok,21,18,10,0,,0,,All PLIP ligand endpoints are attached to their within-entity covalent topology.
class_29,AqTMK_281,/home/wms/AF2-test/AF2-CatGraph/results/AqTMK/05_plip_interaction_graphs/plip_outputs/AqTMK_281,step06_plip_folder,ok,21,18,12,0,,0,,All PLIP ligand endpoints are attached to their within-entity covalent topology.
class_30,AqTMK_69,/home/wms/AF2-test/AF2-CatGraph/results/AqTMK/05_plip_interaction_graphs/plip_outputs/AqTMK_69,step06_plip_folder,ok,21,18,11,0,,0,,All PLIP ligand endpoints are attached to their within-entity covalent topology.
class_31,AqTMK_87,/home/wms/AF2-test/AF2-CatGraph/results/AqTMK/05_plip_interaction_graphs/plip_outputs/AqTMK_87,step06_plip_folder,ok,21,18,10,0,,0,,All PLIP ligand endpoints are attached to their within-entity covalent topology.
class_32,AqTMK_95,/home/wms/AF2-test/AF2-CatGraph/results/AqTMK/05_plip_interaction_graphs/plip_outputs/AqTMK_95,step06_plip_folder,ok,21,18,10,0,,0,,All PLIP ligand endpoints are attached to their within-entity covalent topology.
class_33,AqTMK_111,/home/wms/AF2-test/AF2-CatGraph/results/AqTMK/05_plip_interaction_graphs/plip_outputs/AqTMK_111,step06_plip_folder,ok,21,18,10,0,,0,,All PLIP ligand endpoints are attached to their within-entity covalent topology.
class_34,AqTMK_139,/home/wms/AF2-test/AF2-CatGraph/results/AqTMK/05_plip_interaction_graphs/plip_outputs/AqTMK_139,step06_plip_folder,ok,21,18,9,0,,0,,All PLIP ligand endpoints are attached to their within-entity covalent topology.
class_35,AqTMK_156,/home/wms/AF2-test/AF2-CatGraph/results/AqTMK/05_plip_interaction_graphs/plip_outputs/AqTMK_156,step06_plip_folder,ok,21,18,9,0,,0,,All PLIP ligand endpoints are attached to their within-entity covalent topology.
class_36,AqTMK_197,/home/wms/AF2-test/AF2-CatGraph/results/AqTMK/05_plip_interaction_graphs/plip_outputs/AqTMK_197,step06_plip_folder,ok,21,18,11,0,,0,,All PLIP ligand endpoints are attached to their within-entity covalent topology.
class_37,AqTMK_173,/home/wms/AF2-test/AF2-CatGraph/results/AqTMK/05_plip_interaction_graphs/plip_outputs/AqTMK_173,step06_plip_folder,ok,21,18,9,0,,0,,All PLIP ligand endpoints are attached to their within-entity covalent topology.
class_38,AqTMK_208,/home/wms/AF2-test/AF2-CatGraph/results/AqTMK/05_plip_interaction_graphs/plip_outputs/AqTMK_208,step06_plip_folder,ok,21,18,9,0,,0,,All PLIP ligand endpoints are attached to their within-entity covalent topology.
class_39,AqTMK_223,/home/wms/AF2-test/AF2-CatGraph/results/AqTMK/05_plip_interaction_graphs/plip_outputs/AqTMK_223,step06_plip_folder,ok,21,18,11,0,,0,,All PLIP ligand endpoints are attached to their within-entity covalent topology.
class_40,AqTMK_230,/home/wms/AF2-test/AF2-CatGraph/results/AqTMK/05_plip_interaction_graphs/plip_outputs/AqTMK_230,step06_plip_folder,ok,21,18,10,0,,0,,All PLIP ligand endpoints are attached to their within-entity covalent topology.
class_41,AqTMK_231,/home/wms/AF2-test/AF2-CatGraph/results/AqTMK/05_plip_interaction_graphs/plip_outputs/AqTMK_231,step06_plip_folder,ok,21,18,12,0,,0,,All PLIP ligand endpoints are attached to their within-entity covalent topology.
class_42,AqTMK_240,/home/wms/AF2-test/AF2-CatGraph/results/AqTMK/05_plip_interaction_graphs/plip_outputs/AqTMK_240,step06_plip_folder,ok,21,18,10,0,,0,,All PLIP ligand endpoints are attached to their within-entity covalent topology.
class_43,AqTMK_284,/home/wms/AF2-test/AF2-CatGraph/results/AqTMK/05_plip_interaction_graphs/plip_outputs/AqTMK_284,step06_plip_folder,ok,21,18,10,0,,0,,All PLIP ligand endpoints are attached to their within-entity covalent topology.
class_44,AqTMK_47,/home/wms/AF2-test/AF2-CatGraph/results/AqTMK/05_plip_interaction_graphs/plip_outputs/AqTMK_47,step06_plip_folder,ok,21,18,9,0,,0,,All PLIP ligand endpoints are attached to their within-entity covalent topology.
class_45,AqTMK_98,/home/wms/AF2-test/AF2-CatGraph/results/AqTMK/05_plip_interaction_graphs/plip_outputs/AqTMK_98,step06_plip_folder,ok,21,18,9,0,,0,,All PLIP ligand endpoints are attached to their within-entity covalent topology.
class_46,AqTMK_149,/home/wms/AF2-test/AF2-CatGraph/results/AqTMK/05_plip_interaction_graphs/plip_outputs/AqTMK_149,step06_plip_folder,ok,21,18,9,0,,0,,All PLIP ligand endpoints are attached to their within-entity covalent topology.
class_47,AqTMK_155,/home/wms/AF2-test/AF2-CatGraph/results/AqTMK/05_plip_interaction_graphs/plip_outputs/AqTMK_155,step06_plip_folder,ok,21,18,9,0,,0,,All PLIP ligand endpoints are attached to their within-entity covalent topology.
class_48,AqTMK_45,/home/wms/AF2-test/AF2-CatGraph/results/AqTMK/05_plip_interaction_graphs/plip_outputs/AqTMK_45,step06_plip_folder,ok,21,18,10,0,,0,,All PLIP ligand endpoints are attached to their within-entity covalent topology.
class_49,AqTMK_191,/home/wms/AF2-test/AF2-CatGraph/results/AqTMK/05_plip_interaction_graphs/plip_outputs/AqTMK_191,step06_plip_folder,ok,21,18,10,0,,0,,All PLIP ligand endpoints are attached to their within-entity covalent topology.
class_50,AqTMK_219,/home/wms/AF2-test/AF2-CatGraph/results/AqTMK/05_plip_interaction_graphs/plip_outputs/AqTMK_219,step06_plip_folder,ok,21,18,11,0,,0,,All PLIP ligand endpoints are attached to their within-entity covalent topology.
class_51,AqTMK_242,/home/wms/AF2-test/AF2-CatGraph/results/AqTMK/05_plip_interaction_graphs/plip_outputs/AqTMK_242,step06_plip_folder,ok,21,18,11,0,,0,,All PLIP ligand endpoints are attached to their within-entity covalent topology.
class_52,AqTMK_275,/home/wms/AF2-test/AF2-CatGraph/results/AqTMK/05_plip_interaction_graphs/plip_outputs/AqTMK_275,step06_plip_folder,ok,21,18,11,0,,0,,All PLIP ligand endpoints are attached to their within-entity covalent topology.
class_53,AqTMK_279,/home/wms/AF2-test/AF2-CatGraph/results/AqTMK/05_plip_interaction_graphs/plip_outputs/AqTMK_279,step06_plip_folder,ok,21,18,11,0,,0,,All PLIP ligand endpoints are attached to their within-entity covalent topology.
class_54,AqTMK_195,/home/wms/AF2-test/AF2-CatGraph/results/AqTMK/05_plip_interaction_graphs/plip_outputs/AqTMK_195,step06_plip_folder,ok,21,18,9,0,,0,,All PLIP ligand endpoints are attached to their within-entity covalent topology.
class_55,AqTMK_277,/home/wms/AF2-test/AF2-CatGraph/results/AqTMK/05_plip_interaction_graphs/plip_outputs/AqTMK_277,step06_plip_folder,ok,21,18,10,0,,0,,All PLIP ligand endpoints are attached to their within-entity covalent topology.
class_56,AqTMK_33,/home/wms/AF2-test/AF2-CatGraph/results/AqTMK/05_plip_interaction_graphs/plip_outputs/AqTMK_33,step06_plip_folder,ok,21,18,9,0,,0,,All PLIP ligand endpoints are attached to their within-entity covalent topology.
class_57,AqTMK_57,/home/wms/AF2-test/AF2-CatGraph/results/AqTMK/05_plip_interaction_graphs/plip_outputs/AqTMK_57,step06_plip_folder,ok,21,18,9,0,,0,,All PLIP ligand endpoints are attached to their within-entity covalent topology.
class_58,AqTMK_110,/home/wms/AF2-test/AF2-CatGraph/results/AqTMK/05_plip_interaction_graphs/plip_outputs/AqTMK_110,step06_plip_folder,ok,21,18,8,0,,0,,All PLIP ligand endpoints are attached to their within-entity covalent topology.
class_59,AqTMK_178,/home/wms/AF2-test/AF2-CatGraph/results/AqTMK/05_plip_interaction_graphs/plip_outputs/AqTMK_178,step06_plip_folder,ok,21,18,7,0,,0,,All PLIP ligand endpoints are attached to their within-entity covalent topology.
class_60,AqTMK_184,/home/wms/AF2-test/AF2-CatGraph/results/AqTMK/05_plip_interaction_graphs/plip_outputs/AqTMK_184,step06_plip_folder,ok,21,18,8,0,,0,,All PLIP ligand endpoints are attached to their within-entity covalent topology.
class_61,AqTMK_211,/home/wms/AF2-test/AF2-CatGraph/results/AqTMK/05_plip_interaction_graphs/plip_outputs/AqTMK_211,step06_plip_folder,ok,21,18,10,0,,0,,All PLIP ligand endpoints are attached to their within-entity covalent topology.
class_62,AqTMK_238,/home/wms/AF2-test/AF2-CatGraph/results/AqTMK/05_plip_interaction_graphs/plip_outputs/AqTMK_238,step06_plip_folder,ok,21,18,10,0,,0,,All PLIP ligand endpoints are attached to their within-entity covalent topology.
class_63,AqTMK_276,/home/wms/AF2-test/AF2-CatGraph/results/AqTMK/05_plip_interaction_graphs/plip_outputs/AqTMK_276,step06_plip_folder,ok,21,18,9,0,,0,,All PLIP ligand endpoints are attached to their within-entity covalent topology.
class_64,AqTMK_43,/home/wms/AF2-test/AF2-CatGraph/results/AqTMK/05_plip_interaction_graphs/plip_outputs/AqTMK_43,step06_plip_folder,ok,21,18,9,0,,0,,All PLIP ligand endpoints are attached to their within-entity covalent topology.
class_65,AqTMK_153,/home/wms/AF2-test/AF2-CatGraph/results/AqTMK/05_plip_interaction_graphs/plip_outputs/AqTMK_153,step06_plip_folder,ok,21,18,9,0,,0,,All PLIP ligand endpoints are attached to their within-entity covalent topology.
class_66,AqTMK_193,/home/wms/AF2-test/AF2-CatGraph/results/AqTMK/05_plip_interaction_graphs/plip_outputs/AqTMK_193,step06_plip_folder,ok,21,18,9,0,,0,,All PLIP ligand endpoints are attached to their within-entity covalent topology.
class_67,AqTMK_121,/home/wms/AF2-test/AF2-CatGraph/results/AqTMK/05_plip_interaction_graphs/plip_outputs/AqTMK_121,step06_plip_folder,ok,21,18,8,0,,0,,All PLIP ligand endpoints are attached to their within-entity covalent topology.
