residue_key,residue_label,chain,resseq,icode,resname,consurf_grade,consurf_score,n_structures_total,distance_cutoff_angstrom,n_structures_with_distance,distance_contact_count,distance_contact_frequency,structure_ids_within_cutoff,min_distance_min,min_distance_median,min_distance_mean,graph_occurrence_count,graph_occurrence_frequency,graph_occurrence_structure_ids,conservation_pass,distance_frequency_pass,graph_frequency_pass,key_residue,selection_status
ASN317A,N317,A,317,,ASN,9,-0.661,218,3.0,218,218,1.0,GAC_1_complex;GAC_2_complex;GAC_3_complex;GAC_4_complex;GAC_5_complex;GAC_6_complex;GAC_7_complex;GAC_8_complex;GAC_9_complex;GAC_10_complex;GAC_11_complex;GAC_12_complex;GAC_13_complex;GAC_14_complex;GAC_15_complex;GAC_16_complex;GAC_17_complex;GAC_18_complex;GAC_19_complex;GAC_20_complex;GAC_21_complex;GAC_22_complex;GAC_23_complex;GAC_24_complex;GAC_25_complex;GAC_26_complex;GAC_27_complex;GAC_28_complex;GAC_29_complex;GAC_31_complex;GAC_32_complex;GAC_33_complex;GAC_34_complex;GAC_35_complex;GAC_36_complex;GAC_37_complex;GAC_38_complex;GAC_39_complex;GAC_40_complex;GAC_41_complex;GAC_42_complex;GAC_44_complex;GAC_45_complex;GAC_46_complex;GAC_47_complex;GAC_48_complex;GAC_49_complex;GAC_50_complex;GAC_51_complex;GAC_52_complex;GAC_53_complex;GAC_54_complex;GAC_55_complex;GAC_56_complex;GAC_57_complex;GAC_58_complex;GAC_59_complex;GAC_60_complex;GAC_61_complex;GAC_62_complex;GAC_63_complex;GAC_64_complex;GAC_65_complex;GAC_66_complex;GAC_67_complex;GAC_68_complex;GAC_69_complex;GAC_70_complex;GAC_71_complex;GAC_72_complex;GAC_73_complex;GAC_74_complex;GAC_75_complex;GAC_76_complex;GAC_77_complex;GAC_78_complex;GAC_79_complex;GAC_80_complex;GAC_81_complex;GAC_82_complex;GAC_84_complex;GAC_85_complex;GAC_86_complex;GAC_87_complex;GAC_88_complex;GAC_89_complex;GAC_91_complex;GAC_92_complex;GAC_93_complex;GAC_94_complex;GAC_95_complex;GAC_97_complex;GAC_98_complex;GAC_99_complex;GAC_100_complex;GAC_101_complex;GAC_102_complex;GAC_103_complex;GAC_104_complex;GAC_105_complex;GAC_106_complex;GAC_107_complex;GAC_108_complex;GAC_109_complex;GAC_110_complex;GAC_111_complex;GAC_112_complex;GAC_113_complex;GAC_114_complex;GAC_116_complex;GAC_117_complex;GAC_118_complex;GAC_119_complex;GAC_120_complex;GAC_121_complex;GAC_123_complex;GAC_124_complex;GAC_128_complex;GAC_129_complex;GAC_130_complex;GAC_131_complex;GAC_132_complex;GAC_133_complex;GAC_134_complex;GAC_135_complex;GAC_136_complex;GAC_137_complex;GAC_139_complex;GAC_141_complex;GAC_142_complex;GAC_144_complex;GAC_145_complex;GAC_146_complex;GAC_147_complex;GAC_148_complex;GAC_149_complex;GAC_150_complex;GAC_151_complex;GAC_152_complex;GAC_153_complex;GAC_154_complex;GAC_155_complex;GAC_156_complex;GAC_159_complex;GAC_162_complex;GAC_163_complex;GAC_164_complex;GAC_166_complex;GAC_167_complex;GAC_168_complex;GAC_169_complex;GAC_170_complex;GAC_171_complex;GAC_172_complex;GAC_174_complex;GAC_175_complex;GAC_178_complex;GAC_179_complex;GAC_181_complex;GAC_182_complex;GAC_183_complex;GAC_184_complex;GAC_186_complex;GAC_187_complex;GAC_189_complex;GAC_190_complex;GAC_191_complex;GAC_192_complex;GAC_193_complex;GAC_194_complex;GAC_195_complex;GAC_197_complex;GAC_199_complex;GAC_200_complex;GAC_201_complex;GAC_202_complex;GAC_204_complex;GAC_205_complex;GAC_206_complex;GAC_207_complex;GAC_208_complex;GAC_209_complex;GAC_210_complex;GAC_211_complex;GAC_212_complex;GAC_213_complex;GAC_214_complex;GAC_215_complex;GAC_217_complex;GAC_218_complex;GAC_219_complex;GAC_220_complex;GAC_221_complex;GAC_222_complex;GAC_223_complex;GAC_224_complex;GAC_225_complex;GAC_226_complex;GAC_227_complex;GAC_228_complex;GAC_229_complex;GAC_233_complex;GAC_234_complex;GAC_236_complex;GAC_237_complex;GAC_238_complex;GAC_239_complex;GAC_240_complex;GAC_242_complex;GAC_244_complex;GAC_246_complex;GAC_247_complex;GAC_252_complex;GAC_253_complex;GAC_254_complex;GAC_255_complex;GAC_258_complex;GAC_260_complex,2.0758309179699577,2.505336894447452,2.506559133914044,218,1.0,GAC_1;GAC_2;GAC_3;GAC_4;GAC_5;GAC_6;GAC_7;GAC_8;GAC_9;GAC_10;GAC_11;GAC_12;GAC_13;GAC_14;GAC_15;GAC_16;GAC_17;GAC_18;GAC_19;GAC_20;GAC_21;GAC_22;GAC_23;GAC_24;GAC_25;GAC_26;GAC_27;GAC_28;GAC_29;GAC_31;GAC_32;GAC_33;GAC_34;GAC_35;GAC_36;GAC_37;GAC_38;GAC_39;GAC_40;GAC_41;GAC_42;GAC_44;GAC_45;GAC_46;GAC_47;GAC_48;GAC_49;GAC_50;GAC_51;GAC_52;GAC_53;GAC_54;GAC_55;GAC_56;GAC_57;GAC_58;GAC_59;GAC_60;GAC_61;GAC_62;GAC_63;GAC_64;GAC_65;GAC_66;GAC_67;GAC_68;GAC_69;GAC_70;GAC_71;GAC_72;GAC_73;GAC_74;GAC_75;GAC_76;GAC_77;GAC_78;GAC_79;GAC_80;GAC_81;GAC_82;GAC_84;GAC_85;GAC_86;GAC_87;GAC_88;GAC_89;GAC_91;GAC_92;GAC_93;GAC_94;GAC_95;GAC_97;GAC_98;GAC_99;GAC_100;GAC_101;GAC_102;GAC_103;GAC_104;GAC_105;GAC_106;GAC_107;GAC_108;GAC_109;GAC_110;GAC_111;GAC_112;GAC_113;GAC_114;GAC_116;GAC_117;GAC_118;GAC_119;GAC_120;GAC_121;GAC_123;GAC_124;GAC_128;GAC_129;GAC_130;GAC_131;GAC_132;GAC_133;GAC_134;GAC_135;GAC_136;GAC_137;GAC_139;GAC_141;GAC_142;GAC_144;GAC_145;GAC_146;GAC_147;GAC_148;GAC_149;GAC_150;GAC_151;GAC_152;GAC_153;GAC_154;GAC_155;GAC_156;GAC_159;GAC_162;GAC_163;GAC_164;GAC_166;GAC_167;GAC_168;GAC_169;GAC_170;GAC_171;GAC_172;GAC_174;GAC_175;GAC_178;GAC_179;GAC_181;GAC_182;GAC_183;GAC_184;GAC_186;GAC_187;GAC_189;GAC_190;GAC_191;GAC_192;GAC_193;GAC_194;GAC_195;GAC_197;GAC_199;GAC_200;GAC_201;GAC_202;GAC_204;GAC_205;GAC_206;GAC_207;GAC_208;GAC_209;GAC_210;GAC_211;GAC_212;GAC_213;GAC_214;GAC_215;GAC_217;GAC_218;GAC_219;GAC_220;GAC_221;GAC_222;GAC_223;GAC_224;GAC_225;GAC_226;GAC_227;GAC_228;GAC_229;GAC_233;GAC_234;GAC_236;GAC_237;GAC_238;GAC_239;GAC_240;GAC_242;GAC_244;GAC_246;GAC_247;GAC_252;GAC_253;GAC_254;GAC_255;GAC_258;GAC_260,True,True,True,True,Selected key residue
SER215A,S215,A,215,,SER,9,-0.656,218,3.0,218,218,1.0,GAC_1_complex;GAC_2_complex;GAC_3_complex;GAC_4_complex;GAC_5_complex;GAC_6_complex;GAC_7_complex;GAC_8_complex;GAC_9_complex;GAC_10_complex;GAC_11_complex;GAC_12_complex;GAC_13_complex;GAC_14_complex;GAC_15_complex;GAC_16_complex;GAC_17_complex;GAC_18_complex;GAC_19_complex;GAC_20_complex;GAC_21_complex;GAC_22_complex;GAC_23_complex;GAC_24_complex;GAC_25_complex;GAC_26_complex;GAC_27_complex;GAC_28_complex;GAC_29_complex;GAC_31_complex;GAC_32_complex;GAC_33_complex;GAC_34_complex;GAC_35_complex;GAC_36_complex;GAC_37_complex;GAC_38_complex;GAC_39_complex;GAC_40_complex;GAC_41_complex;GAC_42_complex;GAC_44_complex;GAC_45_complex;GAC_46_complex;GAC_47_complex;GAC_48_complex;GAC_49_complex;GAC_50_complex;GAC_51_complex;GAC_52_complex;GAC_53_complex;GAC_54_complex;GAC_55_complex;GAC_56_complex;GAC_57_complex;GAC_58_complex;GAC_59_complex;GAC_60_complex;GAC_61_complex;GAC_62_complex;GAC_63_complex;GAC_64_complex;GAC_65_complex;GAC_66_complex;GAC_67_complex;GAC_68_complex;GAC_69_complex;GAC_70_complex;GAC_71_complex;GAC_72_complex;GAC_73_complex;GAC_74_complex;GAC_75_complex;GAC_76_complex;GAC_77_complex;GAC_78_complex;GAC_79_complex;GAC_80_complex;GAC_81_complex;GAC_82_complex;GAC_84_complex;GAC_85_complex;GAC_86_complex;GAC_87_complex;GAC_88_complex;GAC_89_complex;GAC_91_complex;GAC_92_complex;GAC_93_complex;GAC_94_complex;GAC_95_complex;GAC_97_complex;GAC_98_complex;GAC_99_complex;GAC_100_complex;GAC_101_complex;GAC_102_complex;GAC_103_complex;GAC_104_complex;GAC_105_complex;GAC_106_complex;GAC_107_complex;GAC_108_complex;GAC_109_complex;GAC_110_complex;GAC_111_complex;GAC_112_complex;GAC_113_complex;GAC_114_complex;GAC_116_complex;GAC_117_complex;GAC_118_complex;GAC_119_complex;GAC_120_complex;GAC_121_complex;GAC_123_complex;GAC_124_complex;GAC_128_complex;GAC_129_complex;GAC_130_complex;GAC_131_complex;GAC_132_complex;GAC_133_complex;GAC_134_complex;GAC_135_complex;GAC_136_complex;GAC_137_complex;GAC_139_complex;GAC_141_complex;GAC_142_complex;GAC_144_complex;GAC_145_complex;GAC_146_complex;GAC_147_complex;GAC_148_complex;GAC_149_complex;GAC_150_complex;GAC_151_complex;GAC_152_complex;GAC_153_complex;GAC_154_complex;GAC_155_complex;GAC_156_complex;GAC_159_complex;GAC_162_complex;GAC_163_complex;GAC_164_complex;GAC_166_complex;GAC_167_complex;GAC_168_complex;GAC_169_complex;GAC_170_complex;GAC_171_complex;GAC_172_complex;GAC_174_complex;GAC_175_complex;GAC_178_complex;GAC_179_complex;GAC_181_complex;GAC_182_complex;GAC_183_complex;GAC_184_complex;GAC_186_complex;GAC_187_complex;GAC_189_complex;GAC_190_complex;GAC_191_complex;GAC_192_complex;GAC_193_complex;GAC_194_complex;GAC_195_complex;GAC_197_complex;GAC_199_complex;GAC_200_complex;GAC_201_complex;GAC_202_complex;GAC_204_complex;GAC_205_complex;GAC_206_complex;GAC_207_complex;GAC_208_complex;GAC_209_complex;GAC_210_complex;GAC_211_complex;GAC_212_complex;GAC_213_complex;GAC_214_complex;GAC_215_complex;GAC_217_complex;GAC_218_complex;GAC_219_complex;GAC_220_complex;GAC_221_complex;GAC_222_complex;GAC_223_complex;GAC_224_complex;GAC_225_complex;GAC_226_complex;GAC_227_complex;GAC_228_complex;GAC_229_complex;GAC_233_complex;GAC_234_complex;GAC_236_complex;GAC_237_complex;GAC_238_complex;GAC_239_complex;GAC_240_complex;GAC_242_complex;GAC_244_complex;GAC_246_complex;GAC_247_complex;GAC_252_complex;GAC_253_complex;GAC_254_complex;GAC_255_complex;GAC_258_complex;GAC_260_complex,1.9966061203953083,2.2353527084091436,2.2346861936535456,216,0.9908256880733946,GAC_1;GAC_2;GAC_3;GAC_4;GAC_5;GAC_6;GAC_7;GAC_8;GAC_9;GAC_10;GAC_11;GAC_12;GAC_13;GAC_14;GAC_15;GAC_16;GAC_17;GAC_18;GAC_19;GAC_20;GAC_21;GAC_22;GAC_23;GAC_24;GAC_25;GAC_26;GAC_27;GAC_28;GAC_29;GAC_31;GAC_32;GAC_33;GAC_34;GAC_35;GAC_36;GAC_37;GAC_38;GAC_39;GAC_40;GAC_41;GAC_42;GAC_45;GAC_46;GAC_47;GAC_48;GAC_49;GAC_50;GAC_51;GAC_52;GAC_53;GAC_54;GAC_55;GAC_56;GAC_57;GAC_58;GAC_59;GAC_60;GAC_61;GAC_62;GAC_63;GAC_64;GAC_65;GAC_66;GAC_67;GAC_68;GAC_69;GAC_70;GAC_71;GAC_72;GAC_73;GAC_74;GAC_75;GAC_76;GAC_77;GAC_78;GAC_79;GAC_80;GAC_81;GAC_82;GAC_84;GAC_85;GAC_86;GAC_87;GAC_88;GAC_89;GAC_91;GAC_92;GAC_93;GAC_94;GAC_95;GAC_97;GAC_98;GAC_99;GAC_100;GAC_101;GAC_102;GAC_103;GAC_104;GAC_105;GAC_106;GAC_107;GAC_108;GAC_109;GAC_110;GAC_111;GAC_112;GAC_113;GAC_114;GAC_116;GAC_117;GAC_118;GAC_119;GAC_120;GAC_121;GAC_123;GAC_124;GAC_128;GAC_129;GAC_130;GAC_131;GAC_132;GAC_133;GAC_134;GAC_135;GAC_136;GAC_137;GAC_139;GAC_141;GAC_142;GAC_144;GAC_145;GAC_146;GAC_147;GAC_148;GAC_149;GAC_150;GAC_151;GAC_152;GAC_153;GAC_154;GAC_155;GAC_156;GAC_159;GAC_162;GAC_163;GAC_164;GAC_166;GAC_167;GAC_168;GAC_169;GAC_170;GAC_171;GAC_172;GAC_174;GAC_175;GAC_178;GAC_179;GAC_181;GAC_182;GAC_183;GAC_184;GAC_186;GAC_187;GAC_189;GAC_190;GAC_191;GAC_192;GAC_193;GAC_194;GAC_195;GAC_197;GAC_199;GAC_200;GAC_201;GAC_202;GAC_204;GAC_205;GAC_206;GAC_207;GAC_208;GAC_209;GAC_210;GAC_211;GAC_212;GAC_213;GAC_214;GAC_215;GAC_217;GAC_218;GAC_219;GAC_220;GAC_221;GAC_222;GAC_223;GAC_224;GAC_225;GAC_226;GAC_227;GAC_228;GAC_229;GAC_233;GAC_234;GAC_236;GAC_237;GAC_238;GAC_239;GAC_240;GAC_242;GAC_244;GAC_246;GAC_247;GAC_252;GAC_253;GAC_254;GAC_258;GAC_260,True,True,True,True,Selected key residue
GLU310A,E310,A,310,,GLU,9,-0.631,218,3.0,218,217,0.9954128440366973,GAC_1_complex;GAC_2_complex;GAC_3_complex;GAC_4_complex;GAC_5_complex;GAC_6_complex;GAC_7_complex;GAC_8_complex;GAC_9_complex;GAC_10_complex;GAC_11_complex;GAC_12_complex;GAC_13_complex;GAC_14_complex;GAC_15_complex;GAC_16_complex;GAC_17_complex;GAC_18_complex;GAC_19_complex;GAC_20_complex;GAC_21_complex;GAC_22_complex;GAC_23_complex;GAC_24_complex;GAC_25_complex;GAC_26_complex;GAC_27_complex;GAC_28_complex;GAC_29_complex;GAC_31_complex;GAC_32_complex;GAC_33_complex;GAC_34_complex;GAC_35_complex;GAC_36_complex;GAC_37_complex;GAC_38_complex;GAC_39_complex;GAC_40_complex;GAC_41_complex;GAC_42_complex;GAC_44_complex;GAC_45_complex;GAC_46_complex;GAC_47_complex;GAC_48_complex;GAC_49_complex;GAC_50_complex;GAC_51_complex;GAC_52_complex;GAC_53_complex;GAC_54_complex;GAC_55_complex;GAC_56_complex;GAC_57_complex;GAC_58_complex;GAC_59_complex;GAC_60_complex;GAC_61_complex;GAC_62_complex;GAC_63_complex;GAC_64_complex;GAC_65_complex;GAC_66_complex;GAC_67_complex;GAC_68_complex;GAC_69_complex;GAC_70_complex;GAC_71_complex;GAC_72_complex;GAC_73_complex;GAC_74_complex;GAC_75_complex;GAC_76_complex;GAC_77_complex;GAC_78_complex;GAC_79_complex;GAC_80_complex;GAC_81_complex;GAC_82_complex;GAC_84_complex;GAC_85_complex;GAC_86_complex;GAC_87_complex;GAC_88_complex;GAC_89_complex;GAC_91_complex;GAC_92_complex;GAC_93_complex;GAC_94_complex;GAC_95_complex;GAC_97_complex;GAC_98_complex;GAC_99_complex;GAC_100_complex;GAC_101_complex;GAC_102_complex;GAC_103_complex;GAC_104_complex;GAC_105_complex;GAC_106_complex;GAC_107_complex;GAC_108_complex;GAC_109_complex;GAC_110_complex;GAC_111_complex;GAC_112_complex;GAC_113_complex;GAC_114_complex;GAC_116_complex;GAC_117_complex;GAC_118_complex;GAC_119_complex;GAC_120_complex;GAC_121_complex;GAC_123_complex;GAC_124_complex;GAC_128_complex;GAC_129_complex;GAC_130_complex;GAC_131_complex;GAC_132_complex;GAC_133_complex;GAC_134_complex;GAC_135_complex;GAC_136_complex;GAC_137_complex;GAC_139_complex;GAC_141_complex;GAC_142_complex;GAC_144_complex;GAC_145_complex;GAC_146_complex;GAC_147_complex;GAC_148_complex;GAC_149_complex;GAC_150_complex;GAC_151_complex;GAC_152_complex;GAC_153_complex;GAC_154_complex;GAC_155_complex;GAC_156_complex;GAC_159_complex;GAC_162_complex;GAC_163_complex;GAC_164_complex;GAC_166_complex;GAC_167_complex;GAC_168_complex;GAC_170_complex;GAC_171_complex;GAC_172_complex;GAC_174_complex;GAC_175_complex;GAC_178_complex;GAC_179_complex;GAC_181_complex;GAC_182_complex;GAC_183_complex;GAC_184_complex;GAC_186_complex;GAC_187_complex;GAC_189_complex;GAC_190_complex;GAC_191_complex;GAC_192_complex;GAC_193_complex;GAC_194_complex;GAC_195_complex;GAC_197_complex;GAC_199_complex;GAC_200_complex;GAC_201_complex;GAC_202_complex;GAC_204_complex;GAC_205_complex;GAC_206_complex;GAC_207_complex;GAC_208_complex;GAC_209_complex;GAC_210_complex;GAC_211_complex;GAC_212_complex;GAC_213_complex;GAC_214_complex;GAC_215_complex;GAC_217_complex;GAC_218_complex;GAC_219_complex;GAC_220_complex;GAC_221_complex;GAC_222_complex;GAC_223_complex;GAC_224_complex;GAC_225_complex;GAC_226_complex;GAC_227_complex;GAC_228_complex;GAC_229_complex;GAC_233_complex;GAC_234_complex;GAC_236_complex;GAC_237_complex;GAC_238_complex;GAC_239_complex;GAC_240_complex;GAC_242_complex;GAC_244_complex;GAC_246_complex;GAC_247_complex;GAC_252_complex;GAC_253_complex;GAC_254_complex;GAC_255_complex;GAC_258_complex;GAC_260_complex,2.015260529063178,2.4433880387222224,2.4459537839832945,211,0.9678899082568807,GAC_1;GAC_2;GAC_3;GAC_4;GAC_5;GAC_6;GAC_7;GAC_8;GAC_9;GAC_10;GAC_11;GAC_12;GAC_13;GAC_14;GAC_15;GAC_16;GAC_17;GAC_18;GAC_19;GAC_20;GAC_21;GAC_22;GAC_24;GAC_25;GAC_26;GAC_27;GAC_28;GAC_29;GAC_31;GAC_32;GAC_33;GAC_34;GAC_35;GAC_36;GAC_37;GAC_38;GAC_39;GAC_40;GAC_41;GAC_42;GAC_44;GAC_45;GAC_46;GAC_47;GAC_48;GAC_49;GAC_50;GAC_51;GAC_52;GAC_53;GAC_54;GAC_55;GAC_56;GAC_57;GAC_58;GAC_59;GAC_60;GAC_61;GAC_62;GAC_63;GAC_64;GAC_65;GAC_66;GAC_67;GAC_68;GAC_69;GAC_70;GAC_71;GAC_72;GAC_73;GAC_74;GAC_75;GAC_76;GAC_77;GAC_78;GAC_79;GAC_80;GAC_81;GAC_82;GAC_84;GAC_85;GAC_86;GAC_87;GAC_88;GAC_89;GAC_91;GAC_92;GAC_93;GAC_94;GAC_95;GAC_97;GAC_98;GAC_99;GAC_100;GAC_101;GAC_102;GAC_103;GAC_104;GAC_105;GAC_106;GAC_108;GAC_109;GAC_110;GAC_111;GAC_112;GAC_113;GAC_114;GAC_116;GAC_117;GAC_118;GAC_119;GAC_120;GAC_121;GAC_123;GAC_124;GAC_128;GAC_129;GAC_130;GAC_131;GAC_132;GAC_133;GAC_134;GAC_135;GAC_136;GAC_137;GAC_139;GAC_141;GAC_142;GAC_144;GAC_145;GAC_146;GAC_147;GAC_148;GAC_149;GAC_150;GAC_151;GAC_152;GAC_153;GAC_154;GAC_155;GAC_156;GAC_159;GAC_162;GAC_163;GAC_164;GAC_166;GAC_167;GAC_168;GAC_170;GAC_171;GAC_172;GAC_174;GAC_175;GAC_178;GAC_179;GAC_181;GAC_182;GAC_183;GAC_184;GAC_186;GAC_187;GAC_189;GAC_190;GAC_191;GAC_192;GAC_193;GAC_194;GAC_195;GAC_197;GAC_199;GAC_200;GAC_201;GAC_202;GAC_204;GAC_205;GAC_206;GAC_207;GAC_208;GAC_209;GAC_210;GAC_211;GAC_212;GAC_214;GAC_215;GAC_217;GAC_218;GAC_219;GAC_220;GAC_221;GAC_222;GAC_223;GAC_224;GAC_225;GAC_226;GAC_227;GAC_228;GAC_229;GAC_233;GAC_234;GAC_236;GAC_237;GAC_238;GAC_239;GAC_242;GAC_244;GAC_246;GAC_247;GAC_253;GAC_254;GAC_258;GAC_260,True,True,True,True,Selected key residue
VAL413A,V413,A,413,,VAL,9,-0.609,218,3.0,218,213,0.9770642201834863,GAC_1_complex;GAC_2_complex;GAC_3_complex;GAC_4_complex;GAC_5_complex;GAC_6_complex;GAC_7_complex;GAC_8_complex;GAC_9_complex;GAC_10_complex;GAC_11_complex;GAC_12_complex;GAC_13_complex;GAC_14_complex;GAC_15_complex;GAC_16_complex;GAC_17_complex;GAC_18_complex;GAC_19_complex;GAC_20_complex;GAC_21_complex;GAC_22_complex;GAC_23_complex;GAC_24_complex;GAC_25_complex;GAC_26_complex;GAC_27_complex;GAC_28_complex;GAC_29_complex;GAC_31_complex;GAC_32_complex;GAC_33_complex;GAC_34_complex;GAC_35_complex;GAC_36_complex;GAC_37_complex;GAC_38_complex;GAC_39_complex;GAC_40_complex;GAC_41_complex;GAC_42_complex;GAC_44_complex;GAC_46_complex;GAC_47_complex;GAC_48_complex;GAC_49_complex;GAC_50_complex;GAC_51_complex;GAC_52_complex;GAC_54_complex;GAC_55_complex;GAC_56_complex;GAC_57_complex;GAC_58_complex;GAC_59_complex;GAC_60_complex;GAC_61_complex;GAC_62_complex;GAC_63_complex;GAC_64_complex;GAC_65_complex;GAC_66_complex;GAC_67_complex;GAC_68_complex;GAC_69_complex;GAC_70_complex;GAC_71_complex;GAC_72_complex;GAC_73_complex;GAC_74_complex;GAC_75_complex;GAC_76_complex;GAC_77_complex;GAC_78_complex;GAC_79_complex;GAC_80_complex;GAC_81_complex;GAC_82_complex;GAC_84_complex;GAC_85_complex;GAC_86_complex;GAC_87_complex;GAC_88_complex;GAC_89_complex;GAC_91_complex;GAC_92_complex;GAC_93_complex;GAC_94_complex;GAC_95_complex;GAC_97_complex;GAC_99_complex;GAC_100_complex;GAC_101_complex;GAC_102_complex;GAC_103_complex;GAC_104_complex;GAC_105_complex;GAC_106_complex;GAC_107_complex;GAC_108_complex;GAC_109_complex;GAC_110_complex;GAC_111_complex;GAC_112_complex;GAC_113_complex;GAC_114_complex;GAC_116_complex;GAC_117_complex;GAC_118_complex;GAC_119_complex;GAC_120_complex;GAC_121_complex;GAC_123_complex;GAC_124_complex;GAC_128_complex;GAC_129_complex;GAC_130_complex;GAC_131_complex;GAC_132_complex;GAC_133_complex;GAC_134_complex;GAC_135_complex;GAC_136_complex;GAC_137_complex;GAC_139_complex;GAC_141_complex;GAC_142_complex;GAC_144_complex;GAC_145_complex;GAC_146_complex;GAC_147_complex;GAC_148_complex;GAC_149_complex;GAC_150_complex;GAC_151_complex;GAC_152_complex;GAC_153_complex;GAC_154_complex;GAC_155_complex;GAC_156_complex;GAC_159_complex;GAC_162_complex;GAC_163_complex;GAC_164_complex;GAC_166_complex;GAC_167_complex;GAC_168_complex;GAC_169_complex;GAC_170_complex;GAC_171_complex;GAC_172_complex;GAC_174_complex;GAC_175_complex;GAC_178_complex;GAC_179_complex;GAC_181_complex;GAC_183_complex;GAC_184_complex;GAC_186_complex;GAC_187_complex;GAC_189_complex;GAC_190_complex;GAC_191_complex;GAC_192_complex;GAC_193_complex;GAC_194_complex;GAC_195_complex;GAC_197_complex;GAC_199_complex;GAC_200_complex;GAC_201_complex;GAC_202_complex;GAC_204_complex;GAC_205_complex;GAC_206_complex;GAC_207_complex;GAC_208_complex;GAC_209_complex;GAC_210_complex;GAC_211_complex;GAC_212_complex;GAC_213_complex;GAC_214_complex;GAC_215_complex;GAC_217_complex;GAC_218_complex;GAC_219_complex;GAC_220_complex;GAC_221_complex;GAC_222_complex;GAC_223_complex;GAC_224_complex;GAC_225_complex;GAC_226_complex;GAC_227_complex;GAC_228_complex;GAC_229_complex;GAC_233_complex;GAC_234_complex;GAC_236_complex;GAC_237_complex;GAC_238_complex;GAC_239_complex;GAC_240_complex;GAC_242_complex;GAC_244_complex;GAC_246_complex;GAC_247_complex;GAC_252_complex;GAC_253_complex;GAC_254_complex;GAC_258_complex;GAC_260_complex,2.0065766867976906,2.2593077722474937,2.282613650005584,217,0.9954128440366973,GAC_1;GAC_2;GAC_3;GAC_4;GAC_5;GAC_6;GAC_7;GAC_8;GAC_9;GAC_10;GAC_11;GAC_12;GAC_13;GAC_14;GAC_15;GAC_16;GAC_17;GAC_18;GAC_19;GAC_20;GAC_21;GAC_22;GAC_23;GAC_24;GAC_25;GAC_26;GAC_27;GAC_28;GAC_29;GAC_31;GAC_32;GAC_33;GAC_34;GAC_35;GAC_36;GAC_37;GAC_38;GAC_39;GAC_40;GAC_41;GAC_42;GAC_44;GAC_45;GAC_46;GAC_47;GAC_48;GAC_49;GAC_50;GAC_51;GAC_52;GAC_53;GAC_54;GAC_55;GAC_56;GAC_57;GAC_58;GAC_59;GAC_60;GAC_61;GAC_62;GAC_63;GAC_64;GAC_65;GAC_66;GAC_67;GAC_68;GAC_69;GAC_70;GAC_71;GAC_72;GAC_73;GAC_74;GAC_75;GAC_76;GAC_77;GAC_78;GAC_79;GAC_80;GAC_81;GAC_82;GAC_84;GAC_85;GAC_86;GAC_87;GAC_88;GAC_89;GAC_91;GAC_92;GAC_93;GAC_94;GAC_95;GAC_97;GAC_98;GAC_99;GAC_100;GAC_101;GAC_102;GAC_103;GAC_104;GAC_105;GAC_106;GAC_107;GAC_108;GAC_109;GAC_110;GAC_111;GAC_112;GAC_113;GAC_114;GAC_116;GAC_117;GAC_118;GAC_119;GAC_120;GAC_121;GAC_123;GAC_124;GAC_128;GAC_129;GAC_130;GAC_131;GAC_132;GAC_133;GAC_134;GAC_135;GAC_136;GAC_137;GAC_139;GAC_141;GAC_142;GAC_144;GAC_145;GAC_146;GAC_147;GAC_148;GAC_149;GAC_150;GAC_151;GAC_152;GAC_153;GAC_154;GAC_155;GAC_156;GAC_159;GAC_162;GAC_163;GAC_164;GAC_166;GAC_167;GAC_168;GAC_169;GAC_170;GAC_171;GAC_172;GAC_174;GAC_175;GAC_178;GAC_179;GAC_181;GAC_182;GAC_183;GAC_184;GAC_186;GAC_187;GAC_189;GAC_190;GAC_191;GAC_192;GAC_193;GAC_194;GAC_195;GAC_197;GAC_199;GAC_200;GAC_201;GAC_202;GAC_204;GAC_205;GAC_206;GAC_207;GAC_208;GAC_209;GAC_210;GAC_211;GAC_212;GAC_213;GAC_214;GAC_215;GAC_217;GAC_218;GAC_219;GAC_220;GAC_221;GAC_222;GAC_223;GAC_224;GAC_225;GAC_226;GAC_227;GAC_228;GAC_229;GAC_233;GAC_234;GAC_236;GAC_237;GAC_238;GAC_239;GAC_240;GAC_242;GAC_244;GAC_246;GAC_247;GAC_252;GAC_253;GAC_254;GAC_258;GAC_260,True,True,True,True,Selected key residue
TYR395A,Y395,A,395,,TYR,9,-0.627,218,3.0,218,207,0.9495412844036697,GAC_1_complex;GAC_2_complex;GAC_3_complex;GAC_4_complex;GAC_5_complex;GAC_6_complex;GAC_7_complex;GAC_8_complex;GAC_10_complex;GAC_11_complex;GAC_12_complex;GAC_13_complex;GAC_14_complex;GAC_15_complex;GAC_16_complex;GAC_17_complex;GAC_18_complex;GAC_19_complex;GAC_20_complex;GAC_21_complex;GAC_22_complex;GAC_23_complex;GAC_24_complex;GAC_25_complex;GAC_26_complex;GAC_27_complex;GAC_28_complex;GAC_29_complex;GAC_31_complex;GAC_33_complex;GAC_34_complex;GAC_35_complex;GAC_36_complex;GAC_37_complex;GAC_38_complex;GAC_39_complex;GAC_40_complex;GAC_41_complex;GAC_42_complex;GAC_45_complex;GAC_46_complex;GAC_47_complex;GAC_48_complex;GAC_49_complex;GAC_50_complex;GAC_51_complex;GAC_52_complex;GAC_53_complex;GAC_54_complex;GAC_55_complex;GAC_56_complex;GAC_57_complex;GAC_58_complex;GAC_59_complex;GAC_60_complex;GAC_61_complex;GAC_62_complex;GAC_63_complex;GAC_64_complex;GAC_65_complex;GAC_66_complex;GAC_67_complex;GAC_69_complex;GAC_70_complex;GAC_71_complex;GAC_72_complex;GAC_73_complex;GAC_74_complex;GAC_75_complex;GAC_76_complex;GAC_77_complex;GAC_78_complex;GAC_79_complex;GAC_80_complex;GAC_81_complex;GAC_84_complex;GAC_85_complex;GAC_87_complex;GAC_88_complex;GAC_89_complex;GAC_91_complex;GAC_92_complex;GAC_93_complex;GAC_94_complex;GAC_95_complex;GAC_97_complex;GAC_98_complex;GAC_99_complex;GAC_100_complex;GAC_101_complex;GAC_103_complex;GAC_104_complex;GAC_105_complex;GAC_106_complex;GAC_107_complex;GAC_108_complex;GAC_109_complex;GAC_110_complex;GAC_111_complex;GAC_112_complex;GAC_113_complex;GAC_114_complex;GAC_116_complex;GAC_117_complex;GAC_118_complex;GAC_119_complex;GAC_120_complex;GAC_121_complex;GAC_123_complex;GAC_124_complex;GAC_128_complex;GAC_129_complex;GAC_130_complex;GAC_131_complex;GAC_132_complex;GAC_133_complex;GAC_134_complex;GAC_135_complex;GAC_136_complex;GAC_137_complex;GAC_139_complex;GAC_141_complex;GAC_142_complex;GAC_144_complex;GAC_145_complex;GAC_147_complex;GAC_148_complex;GAC_149_complex;GAC_150_complex;GAC_151_complex;GAC_152_complex;GAC_153_complex;GAC_154_complex;GAC_155_complex;GAC_156_complex;GAC_159_complex;GAC_162_complex;GAC_163_complex;GAC_164_complex;GAC_166_complex;GAC_167_complex;GAC_168_complex;GAC_169_complex;GAC_170_complex;GAC_171_complex;GAC_172_complex;GAC_174_complex;GAC_175_complex;GAC_178_complex;GAC_179_complex;GAC_182_complex;GAC_183_complex;GAC_184_complex;GAC_186_complex;GAC_187_complex;GAC_189_complex;GAC_190_complex;GAC_191_complex;GAC_192_complex;GAC_193_complex;GAC_194_complex;GAC_195_complex;GAC_197_complex;GAC_199_complex;GAC_200_complex;GAC_201_complex;GAC_202_complex;GAC_204_complex;GAC_205_complex;GAC_206_complex;GAC_207_complex;GAC_208_complex;GAC_209_complex;GAC_210_complex;GAC_211_complex;GAC_212_complex;GAC_213_complex;GAC_214_complex;GAC_215_complex;GAC_217_complex;GAC_218_complex;GAC_219_complex;GAC_220_complex;GAC_221_complex;GAC_222_complex;GAC_223_complex;GAC_224_complex;GAC_225_complex;GAC_226_complex;GAC_227_complex;GAC_228_complex;GAC_233_complex;GAC_234_complex;GAC_236_complex;GAC_237_complex;GAC_238_complex;GAC_239_complex;GAC_242_complex;GAC_244_complex;GAC_246_complex;GAC_247_complex;GAC_252_complex;GAC_253_complex;GAC_254_complex;GAC_255_complex;GAC_258_complex;GAC_260_complex,2.000682383588159,2.3381825223645825,2.417996007049491,218,1.0,GAC_1;GAC_2;GAC_3;GAC_4;GAC_5;GAC_6;GAC_7;GAC_8;GAC_9;GAC_10;GAC_11;GAC_12;GAC_13;GAC_14;GAC_15;GAC_16;GAC_17;GAC_18;GAC_19;GAC_20;GAC_21;GAC_22;GAC_23;GAC_24;GAC_25;GAC_26;GAC_27;GAC_28;GAC_29;GAC_31;GAC_32;GAC_33;GAC_34;GAC_35;GAC_36;GAC_37;GAC_38;GAC_39;GAC_40;GAC_41;GAC_42;GAC_44;GAC_45;GAC_46;GAC_47;GAC_48;GAC_49;GAC_50;GAC_51;GAC_52;GAC_53;GAC_54;GAC_55;GAC_56;GAC_57;GAC_58;GAC_59;GAC_60;GAC_61;GAC_62;GAC_63;GAC_64;GAC_65;GAC_66;GAC_67;GAC_68;GAC_69;GAC_70;GAC_71;GAC_72;GAC_73;GAC_74;GAC_75;GAC_76;GAC_77;GAC_78;GAC_79;GAC_80;GAC_81;GAC_82;GAC_84;GAC_85;GAC_86;GAC_87;GAC_88;GAC_89;GAC_91;GAC_92;GAC_93;GAC_94;GAC_95;GAC_97;GAC_98;GAC_99;GAC_100;GAC_101;GAC_102;GAC_103;GAC_104;GAC_105;GAC_106;GAC_107;GAC_108;GAC_109;GAC_110;GAC_111;GAC_112;GAC_113;GAC_114;GAC_116;GAC_117;GAC_118;GAC_119;GAC_120;GAC_121;GAC_123;GAC_124;GAC_128;GAC_129;GAC_130;GAC_131;GAC_132;GAC_133;GAC_134;GAC_135;GAC_136;GAC_137;GAC_139;GAC_141;GAC_142;GAC_144;GAC_145;GAC_146;GAC_147;GAC_148;GAC_149;GAC_150;GAC_151;GAC_152;GAC_153;GAC_154;GAC_155;GAC_156;GAC_159;GAC_162;GAC_163;GAC_164;GAC_166;GAC_167;GAC_168;GAC_169;GAC_170;GAC_171;GAC_172;GAC_174;GAC_175;GAC_178;GAC_179;GAC_181;GAC_182;GAC_183;GAC_184;GAC_186;GAC_187;GAC_189;GAC_190;GAC_191;GAC_192;GAC_193;GAC_194;GAC_195;GAC_197;GAC_199;GAC_200;GAC_201;GAC_202;GAC_204;GAC_205;GAC_206;GAC_207;GAC_208;GAC_209;GAC_210;GAC_211;GAC_212;GAC_213;GAC_214;GAC_215;GAC_217;GAC_218;GAC_219;GAC_220;GAC_221;GAC_222;GAC_223;GAC_224;GAC_225;GAC_226;GAC_227;GAC_228;GAC_229;GAC_233;GAC_234;GAC_236;GAC_237;GAC_238;GAC_239;GAC_240;GAC_242;GAC_244;GAC_246;GAC_247;GAC_252;GAC_253;GAC_254;GAC_255;GAC_258;GAC_260,True,True,True,True,Selected key residue
TYR343A,Y343,A,343,,TYR,9,-0.581,218,3.0,218,193,0.8853211009174312,GAC_1_complex;GAC_2_complex;GAC_3_complex;GAC_4_complex;GAC_5_complex;GAC_6_complex;GAC_7_complex;GAC_8_complex;GAC_9_complex;GAC_10_complex;GAC_11_complex;GAC_13_complex;GAC_14_complex;GAC_15_complex;GAC_16_complex;GAC_18_complex;GAC_19_complex;GAC_20_complex;GAC_21_complex;GAC_23_complex;GAC_25_complex;GAC_26_complex;GAC_27_complex;GAC_28_complex;GAC_29_complex;GAC_31_complex;GAC_32_complex;GAC_33_complex;GAC_34_complex;GAC_35_complex;GAC_36_complex;GAC_37_complex;GAC_38_complex;GAC_39_complex;GAC_41_complex;GAC_42_complex;GAC_44_complex;GAC_45_complex;GAC_46_complex;GAC_47_complex;GAC_48_complex;GAC_49_complex;GAC_50_complex;GAC_51_complex;GAC_52_complex;GAC_53_complex;GAC_54_complex;GAC_55_complex;GAC_56_complex;GAC_57_complex;GAC_58_complex;GAC_60_complex;GAC_61_complex;GAC_62_complex;GAC_63_complex;GAC_64_complex;GAC_65_complex;GAC_66_complex;GAC_67_complex;GAC_68_complex;GAC_69_complex;GAC_70_complex;GAC_71_complex;GAC_73_complex;GAC_74_complex;GAC_75_complex;GAC_76_complex;GAC_77_complex;GAC_78_complex;GAC_79_complex;GAC_80_complex;GAC_81_complex;GAC_82_complex;GAC_84_complex;GAC_86_complex;GAC_87_complex;GAC_89_complex;GAC_91_complex;GAC_92_complex;GAC_93_complex;GAC_94_complex;GAC_95_complex;GAC_98_complex;GAC_99_complex;GAC_100_complex;GAC_101_complex;GAC_102_complex;GAC_103_complex;GAC_104_complex;GAC_105_complex;GAC_106_complex;GAC_107_complex;GAC_108_complex;GAC_109_complex;GAC_110_complex;GAC_111_complex;GAC_112_complex;GAC_116_complex;GAC_117_complex;GAC_119_complex;GAC_120_complex;GAC_121_complex;GAC_123_complex;GAC_124_complex;GAC_128_complex;GAC_129_complex;GAC_130_complex;GAC_131_complex;GAC_132_complex;GAC_133_complex;GAC_134_complex;GAC_135_complex;GAC_136_complex;GAC_137_complex;GAC_139_complex;GAC_141_complex;GAC_142_complex;GAC_144_complex;GAC_145_complex;GAC_147_complex;GAC_148_complex;GAC_149_complex;GAC_150_complex;GAC_152_complex;GAC_154_complex;GAC_155_complex;GAC_156_complex;GAC_159_complex;GAC_162_complex;GAC_163_complex;GAC_167_complex;GAC_168_complex;GAC_169_complex;GAC_171_complex;GAC_172_complex;GAC_174_complex;GAC_175_complex;GAC_179_complex;GAC_181_complex;GAC_182_complex;GAC_184_complex;GAC_186_complex;GAC_187_complex;GAC_189_complex;GAC_190_complex;GAC_191_complex;GAC_192_complex;GAC_193_complex;GAC_194_complex;GAC_197_complex;GAC_199_complex;GAC_200_complex;GAC_201_complex;GAC_202_complex;GAC_204_complex;GAC_206_complex;GAC_207_complex;GAC_208_complex;GAC_209_complex;GAC_210_complex;GAC_211_complex;GAC_212_complex;GAC_213_complex;GAC_214_complex;GAC_215_complex;GAC_217_complex;GAC_218_complex;GAC_219_complex;GAC_220_complex;GAC_221_complex;GAC_222_complex;GAC_223_complex;GAC_224_complex;GAC_225_complex;GAC_226_complex;GAC_227_complex;GAC_228_complex;GAC_229_complex;GAC_233_complex;GAC_234_complex;GAC_236_complex;GAC_238_complex;GAC_240_complex;GAC_242_complex;GAC_244_complex;GAC_246_complex;GAC_247_complex;GAC_252_complex;GAC_253_complex;GAC_254_complex;GAC_255_complex;GAC_258_complex;GAC_260_complex,2.0144331708944834,2.819222369193848,2.8324247238342446,216,0.9908256880733946,GAC_1;GAC_2;GAC_3;GAC_4;GAC_5;GAC_6;GAC_7;GAC_8;GAC_9;GAC_10;GAC_11;GAC_12;GAC_13;GAC_14;GAC_15;GAC_16;GAC_17;GAC_18;GAC_19;GAC_20;GAC_21;GAC_22;GAC_23;GAC_24;GAC_25;GAC_26;GAC_27;GAC_28;GAC_29;GAC_31;GAC_32;GAC_33;GAC_34;GAC_35;GAC_36;GAC_37;GAC_38;GAC_39;GAC_40;GAC_41;GAC_42;GAC_44;GAC_45;GAC_46;GAC_47;GAC_48;GAC_49;GAC_50;GAC_51;GAC_52;GAC_53;GAC_54;GAC_55;GAC_57;GAC_58;GAC_59;GAC_60;GAC_61;GAC_62;GAC_63;GAC_64;GAC_65;GAC_66;GAC_67;GAC_68;GAC_69;GAC_70;GAC_71;GAC_72;GAC_73;GAC_74;GAC_75;GAC_76;GAC_77;GAC_78;GAC_79;GAC_80;GAC_81;GAC_82;GAC_85;GAC_86;GAC_87;GAC_88;GAC_89;GAC_91;GAC_92;GAC_93;GAC_94;GAC_95;GAC_97;GAC_98;GAC_99;GAC_100;GAC_101;GAC_102;GAC_103;GAC_104;GAC_105;GAC_106;GAC_107;GAC_108;GAC_109;GAC_110;GAC_111;GAC_112;GAC_113;GAC_114;GAC_116;GAC_117;GAC_118;GAC_119;GAC_120;GAC_121;GAC_123;GAC_124;GAC_128;GAC_129;GAC_130;GAC_131;GAC_132;GAC_133;GAC_134;GAC_135;GAC_136;GAC_137;GAC_139;GAC_141;GAC_142;GAC_144;GAC_145;GAC_146;GAC_147;GAC_148;GAC_149;GAC_150;GAC_151;GAC_152;GAC_153;GAC_154;GAC_155;GAC_156;GAC_159;GAC_162;GAC_163;GAC_164;GAC_166;GAC_167;GAC_168;GAC_169;GAC_170;GAC_171;GAC_172;GAC_174;GAC_175;GAC_178;GAC_179;GAC_181;GAC_182;GAC_183;GAC_184;GAC_186;GAC_187;GAC_189;GAC_190;GAC_191;GAC_192;GAC_193;GAC_194;GAC_195;GAC_197;GAC_199;GAC_200;GAC_201;GAC_202;GAC_204;GAC_205;GAC_206;GAC_207;GAC_208;GAC_209;GAC_210;GAC_211;GAC_212;GAC_213;GAC_214;GAC_215;GAC_217;GAC_218;GAC_219;GAC_220;GAC_221;GAC_222;GAC_223;GAC_224;GAC_225;GAC_226;GAC_227;GAC_228;GAC_229;GAC_233;GAC_234;GAC_236;GAC_237;GAC_238;GAC_239;GAC_240;GAC_242;GAC_244;GAC_246;GAC_247;GAC_252;GAC_253;GAC_254;GAC_255;GAC_258;GAC_260,True,True,True,True,Selected key residue
ASN264A,N264,A,264,,ASN,9,-0.627,218,3.0,218,83,0.38073394495412843,GAC_1_complex;GAC_3_complex;GAC_7_complex;GAC_8_complex;GAC_9_complex;GAC_10_complex;GAC_11_complex;GAC_14_complex;GAC_15_complex;GAC_16_complex;GAC_17_complex;GAC_20_complex;GAC_22_complex;GAC_24_complex;GAC_26_complex;GAC_28_complex;GAC_33_complex;GAC_38_complex;GAC_39_complex;GAC_46_complex;GAC_47_complex;GAC_49_complex;GAC_50_complex;GAC_53_complex;GAC_60_complex;GAC_61_complex;GAC_62_complex;GAC_65_complex;GAC_70_complex;GAC_71_complex;GAC_76_complex;GAC_77_complex;GAC_78_complex;GAC_80_complex;GAC_81_complex;GAC_82_complex;GAC_88_complex;GAC_92_complex;GAC_93_complex;GAC_97_complex;GAC_98_complex;GAC_100_complex;GAC_105_complex;GAC_106_complex;GAC_107_complex;GAC_109_complex;GAC_111_complex;GAC_113_complex;GAC_116_complex;GAC_117_complex;GAC_123_complex;GAC_124_complex;GAC_132_complex;GAC_133_complex;GAC_135_complex;GAC_139_complex;GAC_146_complex;GAC_148_complex;GAC_153_complex;GAC_164_complex;GAC_166_complex;GAC_174_complex;GAC_175_complex;GAC_182_complex;GAC_186_complex;GAC_187_complex;GAC_189_complex;GAC_191_complex;GAC_201_complex;GAC_205_complex;GAC_207_complex;GAC_209_complex;GAC_210_complex;GAC_212_complex;GAC_215_complex;GAC_218_complex;GAC_219_complex;GAC_223_complex;GAC_224_complex;GAC_238_complex;GAC_240_complex;GAC_242_complex;GAC_255_complex,2.343059965088388,3.099200112394773,3.113705873891253,209,0.9587155963302753,GAC_1;GAC_2;GAC_3;GAC_4;GAC_5;GAC_6;GAC_7;GAC_8;GAC_9;GAC_10;GAC_11;GAC_12;GAC_13;GAC_14;GAC_15;GAC_16;GAC_17;GAC_18;GAC_19;GAC_20;GAC_21;GAC_22;GAC_23;GAC_24;GAC_25;GAC_26;GAC_27;GAC_28;GAC_29;GAC_31;GAC_32;GAC_33;GAC_34;GAC_35;GAC_36;GAC_37;GAC_38;GAC_39;GAC_40;GAC_41;GAC_42;GAC_44;GAC_45;GAC_46;GAC_47;GAC_48;GAC_49;GAC_50;GAC_51;GAC_52;GAC_53;GAC_54;GAC_55;GAC_56;GAC_57;GAC_58;GAC_59;GAC_60;GAC_61;GAC_62;GAC_63;GAC_64;GAC_65;GAC_66;GAC_67;GAC_68;GAC_69;GAC_70;GAC_71;GAC_72;GAC_73;GAC_74;GAC_75;GAC_76;GAC_77;GAC_78;GAC_79;GAC_80;GAC_81;GAC_82;GAC_84;GAC_85;GAC_86;GAC_87;GAC_88;GAC_89;GAC_91;GAC_92;GAC_93;GAC_94;GAC_95;GAC_97;GAC_98;GAC_99;GAC_100;GAC_101;GAC_102;GAC_103;GAC_104;GAC_105;GAC_106;GAC_107;GAC_108;GAC_109;GAC_110;GAC_111;GAC_112;GAC_113;GAC_114;GAC_116;GAC_117;GAC_118;GAC_119;GAC_120;GAC_121;GAC_123;GAC_124;GAC_128;GAC_129;GAC_130;GAC_131;GAC_132;GAC_133;GAC_134;GAC_135;GAC_136;GAC_137;GAC_139;GAC_144;GAC_145;GAC_146;GAC_147;GAC_148;GAC_149;GAC_150;GAC_151;GAC_152;GAC_153;GAC_154;GAC_155;GAC_156;GAC_159;GAC_163;GAC_164;GAC_166;GAC_167;GAC_168;GAC_169;GAC_170;GAC_171;GAC_172;GAC_174;GAC_175;GAC_178;GAC_179;GAC_181;GAC_182;GAC_183;GAC_184;GAC_186;GAC_187;GAC_189;GAC_190;GAC_191;GAC_192;GAC_193;GAC_195;GAC_197;GAC_199;GAC_200;GAC_201;GAC_205;GAC_206;GAC_207;GAC_208;GAC_209;GAC_210;GAC_211;GAC_212;GAC_213;GAC_214;GAC_215;GAC_217;GAC_218;GAC_219;GAC_220;GAC_221;GAC_222;GAC_223;GAC_224;GAC_225;GAC_227;GAC_228;GAC_233;GAC_234;GAC_236;GAC_237;GAC_238;GAC_239;GAC_240;GAC_242;GAC_244;GAC_246;GAC_247;GAC_252;GAC_253;GAC_254;GAC_258;GAC_260,True,False,True,False,ConSurf mapping missing; distance frequency below threshold
GLN214A,Q214,A,214,,GLN,9,-0.634,218,3.0,218,51,0.23394495412844038,GAC_4_complex;GAC_26_complex;GAC_27_complex;GAC_32_complex;GAC_38_complex;GAC_44_complex;GAC_48_complex;GAC_49_complex;GAC_50_complex;GAC_52_complex;GAC_55_complex;GAC_60_complex;GAC_63_complex;GAC_73_complex;GAC_78_complex;GAC_80_complex;GAC_82_complex;GAC_84_complex;GAC_89_complex;GAC_91_complex;GAC_100_complex;GAC_102_complex;GAC_103_complex;GAC_104_complex;GAC_106_complex;GAC_119_complex;GAC_120_complex;GAC_121_complex;GAC_130_complex;GAC_141_complex;GAC_145_complex;GAC_149_complex;GAC_155_complex;GAC_163_complex;GAC_168_complex;GAC_179_complex;GAC_197_complex;GAC_209_complex;GAC_211_complex;GAC_213_complex;GAC_217_complex;GAC_220_complex;GAC_228_complex;GAC_236_complex;GAC_237_complex;GAC_238_complex;GAC_246_complex;GAC_247_complex;GAC_253_complex;GAC_254_complex;GAC_258_complex,2.5914391754390076,3.0789526478326152,3.0685289188660025,18,0.08256880733944955,GAC_11;GAC_23;GAC_28;GAC_87;GAC_101;GAC_107;GAC_108;GAC_163;GAC_169;GAC_174;GAC_208;GAC_212;GAC_213;GAC_239;GAC_240;GAC_246;GAC_252;GAC_255,True,False,False,False,ConSurf mapping missing; distance frequency below threshold; PLIP graph frequency below threshold
TYR178A,Y178,A,178,,TYR,9,-0.625,218,3.0,218,1,0.0045871559633027525,GAC_85_complex,2.7913872895031977,3.627702627295224,3.6974536599629406,14,0.06422018348623854,GAC_1;GAC_3;GAC_6;GAC_14;GAC_17;GAC_22;GAC_36;GAC_38;GAC_103;GAC_112;GAC_117;GAC_139;GAC_195;GAC_237,True,False,False,False,ConSurf mapping missing; distance frequency below threshold; PLIP graph frequency below threshold
