global_node_index,node_key,ged_label
0,ATP:B:1:C8,C8
1,TMP:C:1:C9,C9
2,MG:B:203:MG,MG
3,ATP:B:1:O10,O10
4,ATP:B:1:O11,O11
5,TMP:C:1:O12,O12
6,TMP:C:1:O13,O13
7,TMP:C:1:O14,O14
8,TMP:C:1:O15,O15
9,ATP:B:1:O2,O2
10,ATP:B:1:O3,O3
11,ATP:B:1:O4,O4
12,ATP:B:1:O5,O5
13,ATP:B:1:O6,O6
14,ATP:B:1:O7,O7
15,ATP:B:1:O8,O8
16,ATP:B:1:O9,O9
17,ATP:B:1:P1,P1
18,ATP:B:1:P2,P2
19,ATP:B:1:P3,P3
20,TMP:C:1:P4,P4
21,ASP9A,1
22,GLY10A,2
23,SER11A,3
24,GLY12A,4
25,LYS13A,5
26,THR14A,6
27,THR15A,7
28,ARG35A,8
29,ARG47A,9
30,ARG90A,10
31,LYS143A,11
32,ASN144A,12
33,ARG145A,13
