Interaction,Structures with interaction,Step07-passed structures,Frequency,Category,Structure IDs
A217 | Hydrophobic contact | Aromatic ring unit,296,296,1.0,High-frequency,PTP1B_1;PTP1B_3;PTP1B_4;PTP1B_5;PTP1B_6;PTP1B_7;PTP1B_8;PTP1B_9;PTP1B_10;PTP1B_11;PTP1B_12;PTP1B_13;PTP1B_14;PTP1B_15;PTP1B_16;PTP1B_17;PTP1B_18;PTP1B_19;PTP1B_20;PTP1B_21;PTP1B_22;PTP1B_23;PTP1B_24;PTP1B_25;PTP1B_26;PTP1B_27;PTP1B_28;PTP1B_30;PTP1B_31;PTP1B_32;PTP1B_33;PTP1B_34;PTP1B_35;PTP1B_37;PTP1B_38;PTP1B_39;PTP1B_40;PTP1B_41;PTP1B_42;PTP1B_43;PTP1B_44;PTP1B_45;PTP1B_46;PTP1B_47;PTP1B_48;PTP1B_49;PTP1B_50;PTP1B_51;PTP1B_52;PTP1B_53;PTP1B_54;PTP1B_55;PTP1B_56;PTP1B_57;PTP1B_58;PTP1B_59;PTP1B_61;PTP1B_62;PTP1B_63;PTP1B_64;PTP1B_65;PTP1B_66;PTP1B_67;PTP1B_68;PTP1B_69;PTP1B_70;PTP1B_71;PTP1B_72;PTP1B_73;PTP1B_74;PTP1B_75;PTP1B_76;PTP1B_77;PTP1B_78;PTP1B_79;PTP1B_80;PTP1B_81;PTP1B_82;PTP1B_83;PTP1B_84;PTP1B_85;PTP1B_86;PTP1B_87;PTP1B_88;PTP1B_89;PTP1B_90;PTP1B_91;PTP1B_92;PTP1B_93;PTP1B_94;PTP1B_95;PTP1B_96;PTP1B_97;PTP1B_98;PTP1B_99;PTP1B_100;PTP1B_101;PTP1B_102;PTP1B_103;PTP1B_104;PTP1B_105;PTP1B_106;PTP1B_107;PTP1B_108;PTP1B_109;PTP1B_110;PTP1B_111;PTP1B_112;PTP1B_113;PTP1B_114;PTP1B_115;PTP1B_116;PTP1B_117;PTP1B_118;PTP1B_119;PTP1B_120;PTP1B_121;PTP1B_122;PTP1B_123;PTP1B_124;PTP1B_125;PTP1B_126;PTP1B_127;PTP1B_128;PTP1B_129;PTP1B_130;PTP1B_131;PTP1B_132;PTP1B_133;PTP1B_134;PTP1B_135;PTP1B_136;PTP1B_137;PTP1B_138;PTP1B_139;PTP1B_140;PTP1B_141;PTP1B_142;PTP1B_143;PTP1B_144;PTP1B_145;PTP1B_146;PTP1B_147;PTP1B_149;PTP1B_150;PTP1B_151;PTP1B_152;PTP1B_153;PTP1B_154;PTP1B_155;PTP1B_156;PTP1B_157;PTP1B_158;PTP1B_159;PTP1B_160;PTP1B_161;PTP1B_162;PTP1B_163;PTP1B_164;PTP1B_165;PTP1B_166;PTP1B_167;PTP1B_168;PTP1B_169;PTP1B_170;PTP1B_171;PTP1B_173;PTP1B_174;PTP1B_175;PTP1B_176;PTP1B_177;PTP1B_178;PTP1B_179;PTP1B_180;PTP1B_181;PTP1B_182;PTP1B_183;PTP1B_184;PTP1B_186;PTP1B_187;PTP1B_188;PTP1B_189;PTP1B_190;PTP1B_191;PTP1B_192;PTP1B_193;PTP1B_194;PTP1B_196;PTP1B_197;PTP1B_198;PTP1B_199;PTP1B_200;PTP1B_201;PTP1B_202;PTP1B_203;PTP1B_204;PTP1B_205;PTP1B_206;PTP1B_207;PTP1B_208;PTP1B_209;PTP1B_210;PTP1B_211;PTP1B_212;PTP1B_213;PTP1B_214;PTP1B_215;PTP1B_216;PTP1B_217;PTP1B_218;PTP1B_219;PTP1B_220;PTP1B_221;PTP1B_222;PTP1B_223;PTP1B_224;PTP1B_225;PTP1B_226;PTP1B_227;PTP1B_230;PTP1B_231;PTP1B_232;PTP1B_233;PTP1B_234;PTP1B_235;PTP1B_236;PTP1B_237;PTP1B_238;PTP1B_239;PTP1B_240;PTP1B_241;PTP1B_242;PTP1B_243;PTP1B_244;PTP1B_245;PTP1B_246;PTP1B_247;PTP1B_248;PTP1B_249;PTP1B_250;PTP1B_251;PTP1B_252;PTP1B_253;PTP1B_254;PTP1B_255;PTP1B_256;PTP1B_257;PTP1B_258;PTP1B_259;PTP1B_260;PTP1B_262;PTP1B_263;PTP1B_264;PTP1B_265;PTP1B_266;PTP1B_268;PTP1B_269;PTP1B_271;PTP1B_273;PTP1B_275;PTP1B_276;PTP1B_277;PTP1B_278;PTP1B_279;PTP1B_280;PTP1B_281;PTP1B_282;PTP1B_283;PTP1B_284;PTP1B_285;PTP1B_286;PTP1B_288;PTP1B_289;PTP1B_290;PTP1B_292;PTP1B_293;PTP1B_294;PTP1B_295;PTP1B_296;PTP1B_297;PTP1B_298;PTP1B_299;PTP1B_300;PTP1B_301;PTP1B_302;PTP1B_303;PTP1B_304;PTP1B_305;PTP1B_306;PTP1B_308;PTP1B_309;PTP1B_310;PTP1B_311;PTP1B_312;PTP1B_314;PTP1B_319
A217 | Polar contact | Phosphate unit,296,296,1.0,High-frequency,PTP1B_1;PTP1B_3;PTP1B_4;PTP1B_5;PTP1B_6;PTP1B_7;PTP1B_8;PTP1B_9;PTP1B_10;PTP1B_11;PTP1B_12;PTP1B_13;PTP1B_14;PTP1B_15;PTP1B_16;PTP1B_17;PTP1B_18;PTP1B_19;PTP1B_20;PTP1B_21;PTP1B_22;PTP1B_23;PTP1B_24;PTP1B_25;PTP1B_26;PTP1B_27;PTP1B_28;PTP1B_30;PTP1B_31;PTP1B_32;PTP1B_33;PTP1B_34;PTP1B_35;PTP1B_37;PTP1B_38;PTP1B_39;PTP1B_40;PTP1B_41;PTP1B_42;PTP1B_43;PTP1B_44;PTP1B_45;PTP1B_46;PTP1B_47;PTP1B_48;PTP1B_49;PTP1B_50;PTP1B_51;PTP1B_52;PTP1B_53;PTP1B_54;PTP1B_55;PTP1B_56;PTP1B_57;PTP1B_58;PTP1B_59;PTP1B_61;PTP1B_62;PTP1B_63;PTP1B_64;PTP1B_65;PTP1B_66;PTP1B_67;PTP1B_68;PTP1B_69;PTP1B_70;PTP1B_71;PTP1B_72;PTP1B_73;PTP1B_74;PTP1B_75;PTP1B_76;PTP1B_77;PTP1B_78;PTP1B_79;PTP1B_80;PTP1B_81;PTP1B_82;PTP1B_83;PTP1B_84;PTP1B_85;PTP1B_86;PTP1B_87;PTP1B_88;PTP1B_89;PTP1B_90;PTP1B_91;PTP1B_92;PTP1B_93;PTP1B_94;PTP1B_95;PTP1B_96;PTP1B_97;PTP1B_98;PTP1B_99;PTP1B_100;PTP1B_101;PTP1B_102;PTP1B_103;PTP1B_104;PTP1B_105;PTP1B_106;PTP1B_107;PTP1B_108;PTP1B_109;PTP1B_110;PTP1B_111;PTP1B_112;PTP1B_113;PTP1B_114;PTP1B_115;PTP1B_116;PTP1B_117;PTP1B_118;PTP1B_119;PTP1B_120;PTP1B_121;PTP1B_122;PTP1B_123;PTP1B_124;PTP1B_125;PTP1B_126;PTP1B_127;PTP1B_128;PTP1B_129;PTP1B_130;PTP1B_131;PTP1B_132;PTP1B_133;PTP1B_134;PTP1B_135;PTP1B_136;PTP1B_137;PTP1B_138;PTP1B_139;PTP1B_140;PTP1B_141;PTP1B_142;PTP1B_143;PTP1B_144;PTP1B_145;PTP1B_146;PTP1B_147;PTP1B_149;PTP1B_150;PTP1B_151;PTP1B_152;PTP1B_153;PTP1B_154;PTP1B_155;PTP1B_156;PTP1B_157;PTP1B_158;PTP1B_159;PTP1B_160;PTP1B_161;PTP1B_162;PTP1B_163;PTP1B_164;PTP1B_165;PTP1B_166;PTP1B_167;PTP1B_168;PTP1B_169;PTP1B_170;PTP1B_171;PTP1B_173;PTP1B_174;PTP1B_175;PTP1B_176;PTP1B_177;PTP1B_178;PTP1B_179;PTP1B_180;PTP1B_181;PTP1B_182;PTP1B_183;PTP1B_184;PTP1B_186;PTP1B_187;PTP1B_188;PTP1B_189;PTP1B_190;PTP1B_191;PTP1B_192;PTP1B_193;PTP1B_194;PTP1B_196;PTP1B_197;PTP1B_198;PTP1B_199;PTP1B_200;PTP1B_201;PTP1B_202;PTP1B_203;PTP1B_204;PTP1B_205;PTP1B_206;PTP1B_207;PTP1B_208;PTP1B_209;PTP1B_210;PTP1B_211;PTP1B_212;PTP1B_213;PTP1B_214;PTP1B_215;PTP1B_216;PTP1B_217;PTP1B_218;PTP1B_219;PTP1B_220;PTP1B_221;PTP1B_222;PTP1B_223;PTP1B_224;PTP1B_225;PTP1B_226;PTP1B_227;PTP1B_230;PTP1B_231;PTP1B_232;PTP1B_233;PTP1B_234;PTP1B_235;PTP1B_236;PTP1B_237;PTP1B_238;PTP1B_239;PTP1B_240;PTP1B_241;PTP1B_242;PTP1B_243;PTP1B_244;PTP1B_245;PTP1B_246;PTP1B_247;PTP1B_248;PTP1B_249;PTP1B_250;PTP1B_251;PTP1B_252;PTP1B_253;PTP1B_254;PTP1B_255;PTP1B_256;PTP1B_257;PTP1B_258;PTP1B_259;PTP1B_260;PTP1B_262;PTP1B_263;PTP1B_264;PTP1B_265;PTP1B_266;PTP1B_268;PTP1B_269;PTP1B_271;PTP1B_273;PTP1B_275;PTP1B_276;PTP1B_277;PTP1B_278;PTP1B_279;PTP1B_280;PTP1B_281;PTP1B_282;PTP1B_283;PTP1B_284;PTP1B_285;PTP1B_286;PTP1B_288;PTP1B_289;PTP1B_290;PTP1B_292;PTP1B_293;PTP1B_294;PTP1B_295;PTP1B_296;PTP1B_297;PTP1B_298;PTP1B_299;PTP1B_300;PTP1B_301;PTP1B_302;PTP1B_303;PTP1B_304;PTP1B_305;PTP1B_306;PTP1B_308;PTP1B_309;PTP1B_310;PTP1B_311;PTP1B_312;PTP1B_314;PTP1B_319
C215 | Polar contact | Phosphate unit,296,296,1.0,High-frequency,PTP1B_1;PTP1B_3;PTP1B_4;PTP1B_5;PTP1B_6;PTP1B_7;PTP1B_8;PTP1B_9;PTP1B_10;PTP1B_11;PTP1B_12;PTP1B_13;PTP1B_14;PTP1B_15;PTP1B_16;PTP1B_17;PTP1B_18;PTP1B_19;PTP1B_20;PTP1B_21;PTP1B_22;PTP1B_23;PTP1B_24;PTP1B_25;PTP1B_26;PTP1B_27;PTP1B_28;PTP1B_30;PTP1B_31;PTP1B_32;PTP1B_33;PTP1B_34;PTP1B_35;PTP1B_37;PTP1B_38;PTP1B_39;PTP1B_40;PTP1B_41;PTP1B_42;PTP1B_43;PTP1B_44;PTP1B_45;PTP1B_46;PTP1B_47;PTP1B_48;PTP1B_49;PTP1B_50;PTP1B_51;PTP1B_52;PTP1B_53;PTP1B_54;PTP1B_55;PTP1B_56;PTP1B_57;PTP1B_58;PTP1B_59;PTP1B_61;PTP1B_62;PTP1B_63;PTP1B_64;PTP1B_65;PTP1B_66;PTP1B_67;PTP1B_68;PTP1B_69;PTP1B_70;PTP1B_71;PTP1B_72;PTP1B_73;PTP1B_74;PTP1B_75;PTP1B_76;PTP1B_77;PTP1B_78;PTP1B_79;PTP1B_80;PTP1B_81;PTP1B_82;PTP1B_83;PTP1B_84;PTP1B_85;PTP1B_86;PTP1B_87;PTP1B_88;PTP1B_89;PTP1B_90;PTP1B_91;PTP1B_92;PTP1B_93;PTP1B_94;PTP1B_95;PTP1B_96;PTP1B_97;PTP1B_98;PTP1B_99;PTP1B_100;PTP1B_101;PTP1B_102;PTP1B_103;PTP1B_104;PTP1B_105;PTP1B_106;PTP1B_107;PTP1B_108;PTP1B_109;PTP1B_110;PTP1B_111;PTP1B_112;PTP1B_113;PTP1B_114;PTP1B_115;PTP1B_116;PTP1B_117;PTP1B_118;PTP1B_119;PTP1B_120;PTP1B_121;PTP1B_122;PTP1B_123;PTP1B_124;PTP1B_125;PTP1B_126;PTP1B_127;PTP1B_128;PTP1B_129;PTP1B_130;PTP1B_131;PTP1B_132;PTP1B_133;PTP1B_134;PTP1B_135;PTP1B_136;PTP1B_137;PTP1B_138;PTP1B_139;PTP1B_140;PTP1B_141;PTP1B_142;PTP1B_143;PTP1B_144;PTP1B_145;PTP1B_146;PTP1B_147;PTP1B_149;PTP1B_150;PTP1B_151;PTP1B_152;PTP1B_153;PTP1B_154;PTP1B_155;PTP1B_156;PTP1B_157;PTP1B_158;PTP1B_159;PTP1B_160;PTP1B_161;PTP1B_162;PTP1B_163;PTP1B_164;PTP1B_165;PTP1B_166;PTP1B_167;PTP1B_168;PTP1B_169;PTP1B_170;PTP1B_171;PTP1B_173;PTP1B_174;PTP1B_175;PTP1B_176;PTP1B_177;PTP1B_178;PTP1B_179;PTP1B_180;PTP1B_181;PTP1B_182;PTP1B_183;PTP1B_184;PTP1B_186;PTP1B_187;PTP1B_188;PTP1B_189;PTP1B_190;PTP1B_191;PTP1B_192;PTP1B_193;PTP1B_194;PTP1B_196;PTP1B_197;PTP1B_198;PTP1B_199;PTP1B_200;PTP1B_201;PTP1B_202;PTP1B_203;PTP1B_204;PTP1B_205;PTP1B_206;PTP1B_207;PTP1B_208;PTP1B_209;PTP1B_210;PTP1B_211;PTP1B_212;PTP1B_213;PTP1B_214;PTP1B_215;PTP1B_216;PTP1B_217;PTP1B_218;PTP1B_219;PTP1B_220;PTP1B_221;PTP1B_222;PTP1B_223;PTP1B_224;PTP1B_225;PTP1B_226;PTP1B_227;PTP1B_230;PTP1B_231;PTP1B_232;PTP1B_233;PTP1B_234;PTP1B_235;PTP1B_236;PTP1B_237;PTP1B_238;PTP1B_239;PTP1B_240;PTP1B_241;PTP1B_242;PTP1B_243;PTP1B_244;PTP1B_245;PTP1B_246;PTP1B_247;PTP1B_248;PTP1B_249;PTP1B_250;PTP1B_251;PTP1B_252;PTP1B_253;PTP1B_254;PTP1B_255;PTP1B_256;PTP1B_257;PTP1B_258;PTP1B_259;PTP1B_260;PTP1B_262;PTP1B_263;PTP1B_264;PTP1B_265;PTP1B_266;PTP1B_268;PTP1B_269;PTP1B_271;PTP1B_273;PTP1B_275;PTP1B_276;PTP1B_277;PTP1B_278;PTP1B_279;PTP1B_280;PTP1B_281;PTP1B_282;PTP1B_283;PTP1B_284;PTP1B_285;PTP1B_286;PTP1B_288;PTP1B_289;PTP1B_290;PTP1B_292;PTP1B_293;PTP1B_294;PTP1B_295;PTP1B_296;PTP1B_297;PTP1B_298;PTP1B_299;PTP1B_300;PTP1B_301;PTP1B_302;PTP1B_303;PTP1B_304;PTP1B_305;PTP1B_306;PTP1B_308;PTP1B_309;PTP1B_310;PTP1B_311;PTP1B_312;PTP1B_314;PTP1B_319
I219 | Polar contact | Phosphate unit,296,296,1.0,High-frequency,PTP1B_1;PTP1B_3;PTP1B_4;PTP1B_5;PTP1B_6;PTP1B_7;PTP1B_8;PTP1B_9;PTP1B_10;PTP1B_11;PTP1B_12;PTP1B_13;PTP1B_14;PTP1B_15;PTP1B_16;PTP1B_17;PTP1B_18;PTP1B_19;PTP1B_20;PTP1B_21;PTP1B_22;PTP1B_23;PTP1B_24;PTP1B_25;PTP1B_26;PTP1B_27;PTP1B_28;PTP1B_30;PTP1B_31;PTP1B_32;PTP1B_33;PTP1B_34;PTP1B_35;PTP1B_37;PTP1B_38;PTP1B_39;PTP1B_40;PTP1B_41;PTP1B_42;PTP1B_43;PTP1B_44;PTP1B_45;PTP1B_46;PTP1B_47;PTP1B_48;PTP1B_49;PTP1B_50;PTP1B_51;PTP1B_52;PTP1B_53;PTP1B_54;PTP1B_55;PTP1B_56;PTP1B_57;PTP1B_58;PTP1B_59;PTP1B_61;PTP1B_62;PTP1B_63;PTP1B_64;PTP1B_65;PTP1B_66;PTP1B_67;PTP1B_68;PTP1B_69;PTP1B_70;PTP1B_71;PTP1B_72;PTP1B_73;PTP1B_74;PTP1B_75;PTP1B_76;PTP1B_77;PTP1B_78;PTP1B_79;PTP1B_80;PTP1B_81;PTP1B_82;PTP1B_83;PTP1B_84;PTP1B_85;PTP1B_86;PTP1B_87;PTP1B_88;PTP1B_89;PTP1B_90;PTP1B_91;PTP1B_92;PTP1B_93;PTP1B_94;PTP1B_95;PTP1B_96;PTP1B_97;PTP1B_98;PTP1B_99;PTP1B_100;PTP1B_101;PTP1B_102;PTP1B_103;PTP1B_104;PTP1B_105;PTP1B_106;PTP1B_107;PTP1B_108;PTP1B_109;PTP1B_110;PTP1B_111;PTP1B_112;PTP1B_113;PTP1B_114;PTP1B_115;PTP1B_116;PTP1B_117;PTP1B_118;PTP1B_119;PTP1B_120;PTP1B_121;PTP1B_122;PTP1B_123;PTP1B_124;PTP1B_125;PTP1B_126;PTP1B_127;PTP1B_128;PTP1B_129;PTP1B_130;PTP1B_131;PTP1B_132;PTP1B_133;PTP1B_134;PTP1B_135;PTP1B_136;PTP1B_137;PTP1B_138;PTP1B_139;PTP1B_140;PTP1B_141;PTP1B_142;PTP1B_143;PTP1B_144;PTP1B_145;PTP1B_146;PTP1B_147;PTP1B_149;PTP1B_150;PTP1B_151;PTP1B_152;PTP1B_153;PTP1B_154;PTP1B_155;PTP1B_156;PTP1B_157;PTP1B_158;PTP1B_159;PTP1B_160;PTP1B_161;PTP1B_162;PTP1B_163;PTP1B_164;PTP1B_165;PTP1B_166;PTP1B_167;PTP1B_168;PTP1B_169;PTP1B_170;PTP1B_171;PTP1B_173;PTP1B_174;PTP1B_175;PTP1B_176;PTP1B_177;PTP1B_178;PTP1B_179;PTP1B_180;PTP1B_181;PTP1B_182;PTP1B_183;PTP1B_184;PTP1B_186;PTP1B_187;PTP1B_188;PTP1B_189;PTP1B_190;PTP1B_191;PTP1B_192;PTP1B_193;PTP1B_194;PTP1B_196;PTP1B_197;PTP1B_198;PTP1B_199;PTP1B_200;PTP1B_201;PTP1B_202;PTP1B_203;PTP1B_204;PTP1B_205;PTP1B_206;PTP1B_207;PTP1B_208;PTP1B_209;PTP1B_210;PTP1B_211;PTP1B_212;PTP1B_213;PTP1B_214;PTP1B_215;PTP1B_216;PTP1B_217;PTP1B_218;PTP1B_219;PTP1B_220;PTP1B_221;PTP1B_222;PTP1B_223;PTP1B_224;PTP1B_225;PTP1B_226;PTP1B_227;PTP1B_230;PTP1B_231;PTP1B_232;PTP1B_233;PTP1B_234;PTP1B_235;PTP1B_236;PTP1B_237;PTP1B_238;PTP1B_239;PTP1B_240;PTP1B_241;PTP1B_242;PTP1B_243;PTP1B_244;PTP1B_245;PTP1B_246;PTP1B_247;PTP1B_248;PTP1B_249;PTP1B_250;PTP1B_251;PTP1B_252;PTP1B_253;PTP1B_254;PTP1B_255;PTP1B_256;PTP1B_257;PTP1B_258;PTP1B_259;PTP1B_260;PTP1B_262;PTP1B_263;PTP1B_264;PTP1B_265;PTP1B_266;PTP1B_268;PTP1B_269;PTP1B_271;PTP1B_273;PTP1B_275;PTP1B_276;PTP1B_277;PTP1B_278;PTP1B_279;PTP1B_280;PTP1B_281;PTP1B_282;PTP1B_283;PTP1B_284;PTP1B_285;PTP1B_286;PTP1B_288;PTP1B_289;PTP1B_290;PTP1B_292;PTP1B_293;PTP1B_294;PTP1B_295;PTP1B_296;PTP1B_297;PTP1B_298;PTP1B_299;PTP1B_300;PTP1B_301;PTP1B_302;PTP1B_303;PTP1B_304;PTP1B_305;PTP1B_306;PTP1B_308;PTP1B_309;PTP1B_310;PTP1B_311;PTP1B_312;PTP1B_314;PTP1B_319
R221 | Polar contact | Phosphate unit,296,296,1.0,High-frequency,PTP1B_1;PTP1B_3;PTP1B_4;PTP1B_5;PTP1B_6;PTP1B_7;PTP1B_8;PTP1B_9;PTP1B_10;PTP1B_11;PTP1B_12;PTP1B_13;PTP1B_14;PTP1B_15;PTP1B_16;PTP1B_17;PTP1B_18;PTP1B_19;PTP1B_20;PTP1B_21;PTP1B_22;PTP1B_23;PTP1B_24;PTP1B_25;PTP1B_26;PTP1B_27;PTP1B_28;PTP1B_30;PTP1B_31;PTP1B_32;PTP1B_33;PTP1B_34;PTP1B_35;PTP1B_37;PTP1B_38;PTP1B_39;PTP1B_40;PTP1B_41;PTP1B_42;PTP1B_43;PTP1B_44;PTP1B_45;PTP1B_46;PTP1B_47;PTP1B_48;PTP1B_49;PTP1B_50;PTP1B_51;PTP1B_52;PTP1B_53;PTP1B_54;PTP1B_55;PTP1B_56;PTP1B_57;PTP1B_58;PTP1B_59;PTP1B_61;PTP1B_62;PTP1B_63;PTP1B_64;PTP1B_65;PTP1B_66;PTP1B_67;PTP1B_68;PTP1B_69;PTP1B_70;PTP1B_71;PTP1B_72;PTP1B_73;PTP1B_74;PTP1B_75;PTP1B_76;PTP1B_77;PTP1B_78;PTP1B_79;PTP1B_80;PTP1B_81;PTP1B_82;PTP1B_83;PTP1B_84;PTP1B_85;PTP1B_86;PTP1B_87;PTP1B_88;PTP1B_89;PTP1B_90;PTP1B_91;PTP1B_92;PTP1B_93;PTP1B_94;PTP1B_95;PTP1B_96;PTP1B_97;PTP1B_98;PTP1B_99;PTP1B_100;PTP1B_101;PTP1B_102;PTP1B_103;PTP1B_104;PTP1B_105;PTP1B_106;PTP1B_107;PTP1B_108;PTP1B_109;PTP1B_110;PTP1B_111;PTP1B_112;PTP1B_113;PTP1B_114;PTP1B_115;PTP1B_116;PTP1B_117;PTP1B_118;PTP1B_119;PTP1B_120;PTP1B_121;PTP1B_122;PTP1B_123;PTP1B_124;PTP1B_125;PTP1B_126;PTP1B_127;PTP1B_128;PTP1B_129;PTP1B_130;PTP1B_131;PTP1B_132;PTP1B_133;PTP1B_134;PTP1B_135;PTP1B_136;PTP1B_137;PTP1B_138;PTP1B_139;PTP1B_140;PTP1B_141;PTP1B_142;PTP1B_143;PTP1B_144;PTP1B_145;PTP1B_146;PTP1B_147;PTP1B_149;PTP1B_150;PTP1B_151;PTP1B_152;PTP1B_153;PTP1B_154;PTP1B_155;PTP1B_156;PTP1B_157;PTP1B_158;PTP1B_159;PTP1B_160;PTP1B_161;PTP1B_162;PTP1B_163;PTP1B_164;PTP1B_165;PTP1B_166;PTP1B_167;PTP1B_168;PTP1B_169;PTP1B_170;PTP1B_171;PTP1B_173;PTP1B_174;PTP1B_175;PTP1B_176;PTP1B_177;PTP1B_178;PTP1B_179;PTP1B_180;PTP1B_181;PTP1B_182;PTP1B_183;PTP1B_184;PTP1B_186;PTP1B_187;PTP1B_188;PTP1B_189;PTP1B_190;PTP1B_191;PTP1B_192;PTP1B_193;PTP1B_194;PTP1B_196;PTP1B_197;PTP1B_198;PTP1B_199;PTP1B_200;PTP1B_201;PTP1B_202;PTP1B_203;PTP1B_204;PTP1B_205;PTP1B_206;PTP1B_207;PTP1B_208;PTP1B_209;PTP1B_210;PTP1B_211;PTP1B_212;PTP1B_213;PTP1B_214;PTP1B_215;PTP1B_216;PTP1B_217;PTP1B_218;PTP1B_219;PTP1B_220;PTP1B_221;PTP1B_222;PTP1B_223;PTP1B_224;PTP1B_225;PTP1B_226;PTP1B_227;PTP1B_230;PTP1B_231;PTP1B_232;PTP1B_233;PTP1B_234;PTP1B_235;PTP1B_236;PTP1B_237;PTP1B_238;PTP1B_239;PTP1B_240;PTP1B_241;PTP1B_242;PTP1B_243;PTP1B_244;PTP1B_245;PTP1B_246;PTP1B_247;PTP1B_248;PTP1B_249;PTP1B_250;PTP1B_251;PTP1B_252;PTP1B_253;PTP1B_254;PTP1B_255;PTP1B_256;PTP1B_257;PTP1B_258;PTP1B_259;PTP1B_260;PTP1B_262;PTP1B_263;PTP1B_264;PTP1B_265;PTP1B_266;PTP1B_268;PTP1B_269;PTP1B_271;PTP1B_273;PTP1B_275;PTP1B_276;PTP1B_277;PTP1B_278;PTP1B_279;PTP1B_280;PTP1B_281;PTP1B_282;PTP1B_283;PTP1B_284;PTP1B_285;PTP1B_286;PTP1B_288;PTP1B_289;PTP1B_290;PTP1B_292;PTP1B_293;PTP1B_294;PTP1B_295;PTP1B_296;PTP1B_297;PTP1B_298;PTP1B_299;PTP1B_300;PTP1B_301;PTP1B_302;PTP1B_303;PTP1B_304;PTP1B_305;PTP1B_306;PTP1B_308;PTP1B_309;PTP1B_310;PTP1B_311;PTP1B_312;PTP1B_314;PTP1B_319
S216 | Polar contact | Phosphate unit,296,296,1.0,High-frequency,PTP1B_1;PTP1B_3;PTP1B_4;PTP1B_5;PTP1B_6;PTP1B_7;PTP1B_8;PTP1B_9;PTP1B_10;PTP1B_11;PTP1B_12;PTP1B_13;PTP1B_14;PTP1B_15;PTP1B_16;PTP1B_17;PTP1B_18;PTP1B_19;PTP1B_20;PTP1B_21;PTP1B_22;PTP1B_23;PTP1B_24;PTP1B_25;PTP1B_26;PTP1B_27;PTP1B_28;PTP1B_30;PTP1B_31;PTP1B_32;PTP1B_33;PTP1B_34;PTP1B_35;PTP1B_37;PTP1B_38;PTP1B_39;PTP1B_40;PTP1B_41;PTP1B_42;PTP1B_43;PTP1B_44;PTP1B_45;PTP1B_46;PTP1B_47;PTP1B_48;PTP1B_49;PTP1B_50;PTP1B_51;PTP1B_52;PTP1B_53;PTP1B_54;PTP1B_55;PTP1B_56;PTP1B_57;PTP1B_58;PTP1B_59;PTP1B_61;PTP1B_62;PTP1B_63;PTP1B_64;PTP1B_65;PTP1B_66;PTP1B_67;PTP1B_68;PTP1B_69;PTP1B_70;PTP1B_71;PTP1B_72;PTP1B_73;PTP1B_74;PTP1B_75;PTP1B_76;PTP1B_77;PTP1B_78;PTP1B_79;PTP1B_80;PTP1B_81;PTP1B_82;PTP1B_83;PTP1B_84;PTP1B_85;PTP1B_86;PTP1B_87;PTP1B_88;PTP1B_89;PTP1B_90;PTP1B_91;PTP1B_92;PTP1B_93;PTP1B_94;PTP1B_95;PTP1B_96;PTP1B_97;PTP1B_98;PTP1B_99;PTP1B_100;PTP1B_101;PTP1B_102;PTP1B_103;PTP1B_104;PTP1B_105;PTP1B_106;PTP1B_107;PTP1B_108;PTP1B_109;PTP1B_110;PTP1B_111;PTP1B_112;PTP1B_113;PTP1B_114;PTP1B_115;PTP1B_116;PTP1B_117;PTP1B_118;PTP1B_119;PTP1B_120;PTP1B_121;PTP1B_122;PTP1B_123;PTP1B_124;PTP1B_125;PTP1B_126;PTP1B_127;PTP1B_128;PTP1B_129;PTP1B_130;PTP1B_131;PTP1B_132;PTP1B_133;PTP1B_134;PTP1B_135;PTP1B_136;PTP1B_137;PTP1B_138;PTP1B_139;PTP1B_140;PTP1B_141;PTP1B_142;PTP1B_143;PTP1B_144;PTP1B_145;PTP1B_146;PTP1B_147;PTP1B_149;PTP1B_150;PTP1B_151;PTP1B_152;PTP1B_153;PTP1B_154;PTP1B_155;PTP1B_156;PTP1B_157;PTP1B_158;PTP1B_159;PTP1B_160;PTP1B_161;PTP1B_162;PTP1B_163;PTP1B_164;PTP1B_165;PTP1B_166;PTP1B_167;PTP1B_168;PTP1B_169;PTP1B_170;PTP1B_171;PTP1B_173;PTP1B_174;PTP1B_175;PTP1B_176;PTP1B_177;PTP1B_178;PTP1B_179;PTP1B_180;PTP1B_181;PTP1B_182;PTP1B_183;PTP1B_184;PTP1B_186;PTP1B_187;PTP1B_188;PTP1B_189;PTP1B_190;PTP1B_191;PTP1B_192;PTP1B_193;PTP1B_194;PTP1B_196;PTP1B_197;PTP1B_198;PTP1B_199;PTP1B_200;PTP1B_201;PTP1B_202;PTP1B_203;PTP1B_204;PTP1B_205;PTP1B_206;PTP1B_207;PTP1B_208;PTP1B_209;PTP1B_210;PTP1B_211;PTP1B_212;PTP1B_213;PTP1B_214;PTP1B_215;PTP1B_216;PTP1B_217;PTP1B_218;PTP1B_219;PTP1B_220;PTP1B_221;PTP1B_222;PTP1B_223;PTP1B_224;PTP1B_225;PTP1B_226;PTP1B_227;PTP1B_230;PTP1B_231;PTP1B_232;PTP1B_233;PTP1B_234;PTP1B_235;PTP1B_236;PTP1B_237;PTP1B_238;PTP1B_239;PTP1B_240;PTP1B_241;PTP1B_242;PTP1B_243;PTP1B_244;PTP1B_245;PTP1B_246;PTP1B_247;PTP1B_248;PTP1B_249;PTP1B_250;PTP1B_251;PTP1B_252;PTP1B_253;PTP1B_254;PTP1B_255;PTP1B_256;PTP1B_257;PTP1B_258;PTP1B_259;PTP1B_260;PTP1B_262;PTP1B_263;PTP1B_264;PTP1B_265;PTP1B_266;PTP1B_268;PTP1B_269;PTP1B_271;PTP1B_273;PTP1B_275;PTP1B_276;PTP1B_277;PTP1B_278;PTP1B_279;PTP1B_280;PTP1B_281;PTP1B_282;PTP1B_283;PTP1B_284;PTP1B_285;PTP1B_286;PTP1B_288;PTP1B_289;PTP1B_290;PTP1B_292;PTP1B_293;PTP1B_294;PTP1B_295;PTP1B_296;PTP1B_297;PTP1B_298;PTP1B_299;PTP1B_300;PTP1B_301;PTP1B_302;PTP1B_303;PTP1B_304;PTP1B_305;PTP1B_306;PTP1B_308;PTP1B_309;PTP1B_310;PTP1B_311;PTP1B_312;PTP1B_314;PTP1B_319
Y46 | Hydrophobic contact | Aliphatic carbon unit,296,296,1.0,High-frequency,PTP1B_1;PTP1B_3;PTP1B_4;PTP1B_5;PTP1B_6;PTP1B_7;PTP1B_8;PTP1B_9;PTP1B_10;PTP1B_11;PTP1B_12;PTP1B_13;PTP1B_14;PTP1B_15;PTP1B_16;PTP1B_17;PTP1B_18;PTP1B_19;PTP1B_20;PTP1B_21;PTP1B_22;PTP1B_23;PTP1B_24;PTP1B_25;PTP1B_26;PTP1B_27;PTP1B_28;PTP1B_30;PTP1B_31;PTP1B_32;PTP1B_33;PTP1B_34;PTP1B_35;PTP1B_37;PTP1B_38;PTP1B_39;PTP1B_40;PTP1B_41;PTP1B_42;PTP1B_43;PTP1B_44;PTP1B_45;PTP1B_46;PTP1B_47;PTP1B_48;PTP1B_49;PTP1B_50;PTP1B_51;PTP1B_52;PTP1B_53;PTP1B_54;PTP1B_55;PTP1B_56;PTP1B_57;PTP1B_58;PTP1B_59;PTP1B_61;PTP1B_62;PTP1B_63;PTP1B_64;PTP1B_65;PTP1B_66;PTP1B_67;PTP1B_68;PTP1B_69;PTP1B_70;PTP1B_71;PTP1B_72;PTP1B_73;PTP1B_74;PTP1B_75;PTP1B_76;PTP1B_77;PTP1B_78;PTP1B_79;PTP1B_80;PTP1B_81;PTP1B_82;PTP1B_83;PTP1B_84;PTP1B_85;PTP1B_86;PTP1B_87;PTP1B_88;PTP1B_89;PTP1B_90;PTP1B_91;PTP1B_92;PTP1B_93;PTP1B_94;PTP1B_95;PTP1B_96;PTP1B_97;PTP1B_98;PTP1B_99;PTP1B_100;PTP1B_101;PTP1B_102;PTP1B_103;PTP1B_104;PTP1B_105;PTP1B_106;PTP1B_107;PTP1B_108;PTP1B_109;PTP1B_110;PTP1B_111;PTP1B_112;PTP1B_113;PTP1B_114;PTP1B_115;PTP1B_116;PTP1B_117;PTP1B_118;PTP1B_119;PTP1B_120;PTP1B_121;PTP1B_122;PTP1B_123;PTP1B_124;PTP1B_125;PTP1B_126;PTP1B_127;PTP1B_128;PTP1B_129;PTP1B_130;PTP1B_131;PTP1B_132;PTP1B_133;PTP1B_134;PTP1B_135;PTP1B_136;PTP1B_137;PTP1B_138;PTP1B_139;PTP1B_140;PTP1B_141;PTP1B_142;PTP1B_143;PTP1B_144;PTP1B_145;PTP1B_146;PTP1B_147;PTP1B_149;PTP1B_150;PTP1B_151;PTP1B_152;PTP1B_153;PTP1B_154;PTP1B_155;PTP1B_156;PTP1B_157;PTP1B_158;PTP1B_159;PTP1B_160;PTP1B_161;PTP1B_162;PTP1B_163;PTP1B_164;PTP1B_165;PTP1B_166;PTP1B_167;PTP1B_168;PTP1B_169;PTP1B_170;PTP1B_171;PTP1B_173;PTP1B_174;PTP1B_175;PTP1B_176;PTP1B_177;PTP1B_178;PTP1B_179;PTP1B_180;PTP1B_181;PTP1B_182;PTP1B_183;PTP1B_184;PTP1B_186;PTP1B_187;PTP1B_188;PTP1B_189;PTP1B_190;PTP1B_191;PTP1B_192;PTP1B_193;PTP1B_194;PTP1B_196;PTP1B_197;PTP1B_198;PTP1B_199;PTP1B_200;PTP1B_201;PTP1B_202;PTP1B_203;PTP1B_204;PTP1B_205;PTP1B_206;PTP1B_207;PTP1B_208;PTP1B_209;PTP1B_210;PTP1B_211;PTP1B_212;PTP1B_213;PTP1B_214;PTP1B_215;PTP1B_216;PTP1B_217;PTP1B_218;PTP1B_219;PTP1B_220;PTP1B_221;PTP1B_222;PTP1B_223;PTP1B_224;PTP1B_225;PTP1B_226;PTP1B_227;PTP1B_230;PTP1B_231;PTP1B_232;PTP1B_233;PTP1B_234;PTP1B_235;PTP1B_236;PTP1B_237;PTP1B_238;PTP1B_239;PTP1B_240;PTP1B_241;PTP1B_242;PTP1B_243;PTP1B_244;PTP1B_245;PTP1B_246;PTP1B_247;PTP1B_248;PTP1B_249;PTP1B_250;PTP1B_251;PTP1B_252;PTP1B_253;PTP1B_254;PTP1B_255;PTP1B_256;PTP1B_257;PTP1B_258;PTP1B_259;PTP1B_260;PTP1B_262;PTP1B_263;PTP1B_264;PTP1B_265;PTP1B_266;PTP1B_268;PTP1B_269;PTP1B_271;PTP1B_273;PTP1B_275;PTP1B_276;PTP1B_277;PTP1B_278;PTP1B_279;PTP1B_280;PTP1B_281;PTP1B_282;PTP1B_283;PTP1B_284;PTP1B_285;PTP1B_286;PTP1B_288;PTP1B_289;PTP1B_290;PTP1B_292;PTP1B_293;PTP1B_294;PTP1B_295;PTP1B_296;PTP1B_297;PTP1B_298;PTP1B_299;PTP1B_300;PTP1B_301;PTP1B_302;PTP1B_303;PTP1B_304;PTP1B_305;PTP1B_306;PTP1B_308;PTP1B_309;PTP1B_310;PTP1B_311;PTP1B_312;PTP1B_314;PTP1B_319
G218 | Polar contact | Phosphate unit,294,296,0.9932432432432432,High-frequency,PTP1B_3;PTP1B_4;PTP1B_5;PTP1B_6;PTP1B_7;PTP1B_8;PTP1B_9;PTP1B_10;PTP1B_11;PTP1B_12;PTP1B_13;PTP1B_14;PTP1B_15;PTP1B_16;PTP1B_17;PTP1B_18;PTP1B_19;PTP1B_20;PTP1B_21;PTP1B_22;PTP1B_23;PTP1B_24;PTP1B_25;PTP1B_26;PTP1B_27;PTP1B_28;PTP1B_30;PTP1B_31;PTP1B_32;PTP1B_33;PTP1B_34;PTP1B_35;PTP1B_37;PTP1B_38;PTP1B_39;PTP1B_40;PTP1B_41;PTP1B_42;PTP1B_43;PTP1B_44;PTP1B_45;PTP1B_46;PTP1B_47;PTP1B_48;PTP1B_49;PTP1B_50;PTP1B_51;PTP1B_52;PTP1B_53;PTP1B_54;PTP1B_55;PTP1B_56;PTP1B_57;PTP1B_58;PTP1B_59;PTP1B_62;PTP1B_63;PTP1B_64;PTP1B_65;PTP1B_66;PTP1B_67;PTP1B_68;PTP1B_69;PTP1B_70;PTP1B_71;PTP1B_72;PTP1B_73;PTP1B_74;PTP1B_75;PTP1B_76;PTP1B_77;PTP1B_78;PTP1B_79;PTP1B_80;PTP1B_81;PTP1B_82;PTP1B_83;PTP1B_84;PTP1B_85;PTP1B_86;PTP1B_87;PTP1B_88;PTP1B_89;PTP1B_90;PTP1B_91;PTP1B_92;PTP1B_93;PTP1B_94;PTP1B_95;PTP1B_96;PTP1B_97;PTP1B_98;PTP1B_99;PTP1B_100;PTP1B_101;PTP1B_102;PTP1B_103;PTP1B_104;PTP1B_105;PTP1B_106;PTP1B_107;PTP1B_108;PTP1B_109;PTP1B_110;PTP1B_111;PTP1B_112;PTP1B_113;PTP1B_114;PTP1B_115;PTP1B_116;PTP1B_117;PTP1B_118;PTP1B_119;PTP1B_120;PTP1B_121;PTP1B_122;PTP1B_123;PTP1B_124;PTP1B_125;PTP1B_126;PTP1B_127;PTP1B_128;PTP1B_129;PTP1B_130;PTP1B_131;PTP1B_132;PTP1B_133;PTP1B_134;PTP1B_135;PTP1B_136;PTP1B_137;PTP1B_138;PTP1B_139;PTP1B_140;PTP1B_141;PTP1B_142;PTP1B_143;PTP1B_144;PTP1B_145;PTP1B_146;PTP1B_147;PTP1B_149;PTP1B_150;PTP1B_151;PTP1B_152;PTP1B_153;PTP1B_154;PTP1B_155;PTP1B_156;PTP1B_157;PTP1B_158;PTP1B_159;PTP1B_160;PTP1B_161;PTP1B_162;PTP1B_163;PTP1B_164;PTP1B_165;PTP1B_166;PTP1B_167;PTP1B_168;PTP1B_169;PTP1B_170;PTP1B_171;PTP1B_173;PTP1B_174;PTP1B_175;PTP1B_176;PTP1B_177;PTP1B_178;PTP1B_179;PTP1B_180;PTP1B_181;PTP1B_182;PTP1B_183;PTP1B_184;PTP1B_186;PTP1B_187;PTP1B_188;PTP1B_189;PTP1B_190;PTP1B_191;PTP1B_192;PTP1B_193;PTP1B_194;PTP1B_196;PTP1B_197;PTP1B_198;PTP1B_199;PTP1B_200;PTP1B_201;PTP1B_202;PTP1B_203;PTP1B_204;PTP1B_205;PTP1B_206;PTP1B_207;PTP1B_208;PTP1B_209;PTP1B_210;PTP1B_211;PTP1B_212;PTP1B_213;PTP1B_214;PTP1B_215;PTP1B_216;PTP1B_217;PTP1B_218;PTP1B_219;PTP1B_220;PTP1B_221;PTP1B_222;PTP1B_223;PTP1B_224;PTP1B_225;PTP1B_226;PTP1B_227;PTP1B_230;PTP1B_231;PTP1B_232;PTP1B_233;PTP1B_234;PTP1B_235;PTP1B_236;PTP1B_237;PTP1B_238;PTP1B_239;PTP1B_240;PTP1B_241;PTP1B_242;PTP1B_243;PTP1B_244;PTP1B_245;PTP1B_246;PTP1B_247;PTP1B_248;PTP1B_249;PTP1B_250;PTP1B_251;PTP1B_252;PTP1B_253;PTP1B_254;PTP1B_255;PTP1B_256;PTP1B_257;PTP1B_258;PTP1B_259;PTP1B_260;PTP1B_262;PTP1B_263;PTP1B_264;PTP1B_265;PTP1B_266;PTP1B_268;PTP1B_269;PTP1B_271;PTP1B_273;PTP1B_275;PTP1B_276;PTP1B_277;PTP1B_278;PTP1B_279;PTP1B_280;PTP1B_281;PTP1B_282;PTP1B_283;PTP1B_284;PTP1B_285;PTP1B_286;PTP1B_288;PTP1B_289;PTP1B_290;PTP1B_292;PTP1B_293;PTP1B_294;PTP1B_295;PTP1B_296;PTP1B_297;PTP1B_298;PTP1B_299;PTP1B_300;PTP1B_301;PTP1B_302;PTP1B_303;PTP1B_304;PTP1B_305;PTP1B_306;PTP1B_308;PTP1B_309;PTP1B_310;PTP1B_311;PTP1B_312;PTP1B_314;PTP1B_319
Y46 | Hydrophobic contact | Aromatic ring unit,293,296,0.9898648648648649,High-frequency,PTP1B_1;PTP1B_3;PTP1B_4;PTP1B_5;PTP1B_6;PTP1B_7;PTP1B_8;PTP1B_9;PTP1B_10;PTP1B_11;PTP1B_12;PTP1B_13;PTP1B_14;PTP1B_15;PTP1B_16;PTP1B_17;PTP1B_18;PTP1B_19;PTP1B_20;PTP1B_21;PTP1B_22;PTP1B_23;PTP1B_24;PTP1B_25;PTP1B_27;PTP1B_28;PTP1B_30;PTP1B_31;PTP1B_32;PTP1B_33;PTP1B_34;PTP1B_35;PTP1B_37;PTP1B_38;PTP1B_39;PTP1B_40;PTP1B_41;PTP1B_42;PTP1B_43;PTP1B_44;PTP1B_45;PTP1B_46;PTP1B_47;PTP1B_48;PTP1B_49;PTP1B_50;PTP1B_51;PTP1B_52;PTP1B_53;PTP1B_54;PTP1B_55;PTP1B_56;PTP1B_57;PTP1B_58;PTP1B_59;PTP1B_61;PTP1B_62;PTP1B_63;PTP1B_64;PTP1B_65;PTP1B_66;PTP1B_67;PTP1B_68;PTP1B_69;PTP1B_70;PTP1B_71;PTP1B_72;PTP1B_73;PTP1B_74;PTP1B_75;PTP1B_76;PTP1B_77;PTP1B_78;PTP1B_79;PTP1B_80;PTP1B_81;PTP1B_82;PTP1B_83;PTP1B_84;PTP1B_85;PTP1B_86;PTP1B_87;PTP1B_88;PTP1B_89;PTP1B_90;PTP1B_91;PTP1B_92;PTP1B_93;PTP1B_94;PTP1B_95;PTP1B_96;PTP1B_97;PTP1B_98;PTP1B_99;PTP1B_100;PTP1B_101;PTP1B_102;PTP1B_103;PTP1B_104;PTP1B_105;PTP1B_106;PTP1B_107;PTP1B_108;PTP1B_109;PTP1B_110;PTP1B_111;PTP1B_112;PTP1B_113;PTP1B_114;PTP1B_115;PTP1B_116;PTP1B_117;PTP1B_118;PTP1B_119;PTP1B_120;PTP1B_121;PTP1B_122;PTP1B_123;PTP1B_124;PTP1B_125;PTP1B_126;PTP1B_127;PTP1B_128;PTP1B_129;PTP1B_130;PTP1B_131;PTP1B_132;PTP1B_133;PTP1B_134;PTP1B_135;PTP1B_136;PTP1B_137;PTP1B_138;PTP1B_139;PTP1B_140;PTP1B_141;PTP1B_142;PTP1B_143;PTP1B_144;PTP1B_145;PTP1B_146;PTP1B_147;PTP1B_149;PTP1B_150;PTP1B_151;PTP1B_152;PTP1B_153;PTP1B_154;PTP1B_155;PTP1B_156;PTP1B_157;PTP1B_158;PTP1B_159;PTP1B_160;PTP1B_161;PTP1B_162;PTP1B_163;PTP1B_164;PTP1B_165;PTP1B_166;PTP1B_167;PTP1B_168;PTP1B_169;PTP1B_170;PTP1B_171;PTP1B_173;PTP1B_174;PTP1B_175;PTP1B_176;PTP1B_177;PTP1B_178;PTP1B_179;PTP1B_180;PTP1B_181;PTP1B_182;PTP1B_183;PTP1B_184;PTP1B_186;PTP1B_187;PTP1B_188;PTP1B_189;PTP1B_190;PTP1B_191;PTP1B_192;PTP1B_193;PTP1B_194;PTP1B_196;PTP1B_197;PTP1B_198;PTP1B_199;PTP1B_200;PTP1B_201;PTP1B_202;PTP1B_203;PTP1B_204;PTP1B_205;PTP1B_206;PTP1B_207;PTP1B_208;PTP1B_209;PTP1B_210;PTP1B_211;PTP1B_212;PTP1B_213;PTP1B_214;PTP1B_215;PTP1B_216;PTP1B_217;PTP1B_218;PTP1B_219;PTP1B_220;PTP1B_221;PTP1B_222;PTP1B_223;PTP1B_224;PTP1B_225;PTP1B_226;PTP1B_227;PTP1B_230;PTP1B_231;PTP1B_232;PTP1B_233;PTP1B_234;PTP1B_235;PTP1B_236;PTP1B_237;PTP1B_238;PTP1B_239;PTP1B_240;PTP1B_241;PTP1B_242;PTP1B_243;PTP1B_244;PTP1B_245;PTP1B_246;PTP1B_247;PTP1B_248;PTP1B_249;PTP1B_250;PTP1B_251;PTP1B_252;PTP1B_253;PTP1B_254;PTP1B_255;PTP1B_256;PTP1B_258;PTP1B_259;PTP1B_260;PTP1B_262;PTP1B_263;PTP1B_264;PTP1B_265;PTP1B_266;PTP1B_268;PTP1B_269;PTP1B_271;PTP1B_273;PTP1B_275;PTP1B_276;PTP1B_277;PTP1B_278;PTP1B_279;PTP1B_280;PTP1B_281;PTP1B_282;PTP1B_283;PTP1B_285;PTP1B_286;PTP1B_288;PTP1B_289;PTP1B_290;PTP1B_292;PTP1B_293;PTP1B_294;PTP1B_295;PTP1B_296;PTP1B_297;PTP1B_298;PTP1B_299;PTP1B_300;PTP1B_301;PTP1B_302;PTP1B_303;PTP1B_304;PTP1B_305;PTP1B_306;PTP1B_308;PTP1B_309;PTP1B_310;PTP1B_311;PTP1B_312;PTP1B_314;PTP1B_319
G220 | Polar contact | Phosphate unit,280,296,0.9459459459459459,High-frequency,PTP1B_1;PTP1B_3;PTP1B_4;PTP1B_5;PTP1B_6;PTP1B_7;PTP1B_8;PTP1B_9;PTP1B_10;PTP1B_11;PTP1B_12;PTP1B_13;PTP1B_14;PTP1B_15;PTP1B_16;PTP1B_17;PTP1B_18;PTP1B_19;PTP1B_20;PTP1B_21;PTP1B_22;PTP1B_23;PTP1B_24;PTP1B_25;PTP1B_26;PTP1B_27;PTP1B_28;PTP1B_30;PTP1B_31;PTP1B_32;PTP1B_33;PTP1B_34;PTP1B_35;PTP1B_37;PTP1B_38;PTP1B_39;PTP1B_40;PTP1B_41;PTP1B_42;PTP1B_43;PTP1B_44;PTP1B_45;PTP1B_46;PTP1B_47;PTP1B_48;PTP1B_49;PTP1B_50;PTP1B_51;PTP1B_52;PTP1B_53;PTP1B_54;PTP1B_55;PTP1B_56;PTP1B_57;PTP1B_58;PTP1B_59;PTP1B_61;PTP1B_62;PTP1B_63;PTP1B_64;PTP1B_65;PTP1B_66;PTP1B_67;PTP1B_68;PTP1B_69;PTP1B_70;PTP1B_71;PTP1B_72;PTP1B_73;PTP1B_74;PTP1B_75;PTP1B_76;PTP1B_77;PTP1B_78;PTP1B_79;PTP1B_80;PTP1B_81;PTP1B_82;PTP1B_83;PTP1B_84;PTP1B_85;PTP1B_86;PTP1B_87;PTP1B_88;PTP1B_89;PTP1B_90;PTP1B_91;PTP1B_92;PTP1B_93;PTP1B_94;PTP1B_95;PTP1B_96;PTP1B_97;PTP1B_98;PTP1B_99;PTP1B_100;PTP1B_101;PTP1B_102;PTP1B_103;PTP1B_104;PTP1B_106;PTP1B_107;PTP1B_108;PTP1B_109;PTP1B_110;PTP1B_111;PTP1B_112;PTP1B_113;PTP1B_114;PTP1B_115;PTP1B_116;PTP1B_117;PTP1B_118;PTP1B_119;PTP1B_120;PTP1B_121;PTP1B_122;PTP1B_123;PTP1B_124;PTP1B_125;PTP1B_126;PTP1B_127;PTP1B_128;PTP1B_129;PTP1B_130;PTP1B_131;PTP1B_132;PTP1B_133;PTP1B_134;PTP1B_135;PTP1B_136;PTP1B_137;PTP1B_138;PTP1B_139;PTP1B_140;PTP1B_141;PTP1B_142;PTP1B_143;PTP1B_144;PTP1B_145;PTP1B_146;PTP1B_147;PTP1B_149;PTP1B_150;PTP1B_151;PTP1B_152;PTP1B_153;PTP1B_154;PTP1B_155;PTP1B_156;PTP1B_157;PTP1B_158;PTP1B_159;PTP1B_160;PTP1B_161;PTP1B_162;PTP1B_163;PTP1B_164;PTP1B_165;PTP1B_166;PTP1B_167;PTP1B_168;PTP1B_169;PTP1B_170;PTP1B_171;PTP1B_174;PTP1B_175;PTP1B_176;PTP1B_177;PTP1B_178;PTP1B_179;PTP1B_180;PTP1B_181;PTP1B_182;PTP1B_183;PTP1B_184;PTP1B_186;PTP1B_187;PTP1B_188;PTP1B_189;PTP1B_190;PTP1B_191;PTP1B_192;PTP1B_193;PTP1B_194;PTP1B_196;PTP1B_197;PTP1B_198;PTP1B_199;PTP1B_200;PTP1B_201;PTP1B_202;PTP1B_203;PTP1B_204;PTP1B_205;PTP1B_206;PTP1B_207;PTP1B_208;PTP1B_209;PTP1B_210;PTP1B_211;PTP1B_212;PTP1B_213;PTP1B_214;PTP1B_215;PTP1B_216;PTP1B_217;PTP1B_218;PTP1B_219;PTP1B_220;PTP1B_222;PTP1B_223;PTP1B_224;PTP1B_225;PTP1B_226;PTP1B_227;PTP1B_230;PTP1B_231;PTP1B_232;PTP1B_233;PTP1B_234;PTP1B_236;PTP1B_237;PTP1B_238;PTP1B_239;PTP1B_240;PTP1B_241;PTP1B_242;PTP1B_243;PTP1B_244;PTP1B_245;PTP1B_246;PTP1B_247;PTP1B_248;PTP1B_249;PTP1B_250;PTP1B_251;PTP1B_252;PTP1B_253;PTP1B_254;PTP1B_255;PTP1B_256;PTP1B_257;PTP1B_258;PTP1B_259;PTP1B_262;PTP1B_263;PTP1B_265;PTP1B_266;PTP1B_269;PTP1B_273;PTP1B_275;PTP1B_276;PTP1B_277;PTP1B_278;PTP1B_279;PTP1B_281;PTP1B_282;PTP1B_284;PTP1B_285;PTP1B_286;PTP1B_288;PTP1B_289;PTP1B_290;PTP1B_292;PTP1B_293;PTP1B_295;PTP1B_296;PTP1B_297;PTP1B_298;PTP1B_300;PTP1B_301;PTP1B_303;PTP1B_305;PTP1B_308;PTP1B_309;PTP1B_310;PTP1B_311;PTP1B_312;PTP1B_314
D48 | Polar contact | N1 site,271,296,0.9155405405405406,High-frequency,PTP1B_1;PTP1B_3;PTP1B_4;PTP1B_5;PTP1B_6;PTP1B_7;PTP1B_8;PTP1B_9;PTP1B_10;PTP1B_11;PTP1B_12;PTP1B_13;PTP1B_14;PTP1B_15;PTP1B_16;PTP1B_17;PTP1B_18;PTP1B_19;PTP1B_20;PTP1B_21;PTP1B_22;PTP1B_23;PTP1B_24;PTP1B_25;PTP1B_27;PTP1B_28;PTP1B_30;PTP1B_31;PTP1B_32;PTP1B_33;PTP1B_34;PTP1B_35;PTP1B_37;PTP1B_38;PTP1B_39;PTP1B_40;PTP1B_41;PTP1B_42;PTP1B_43;PTP1B_44;PTP1B_45;PTP1B_46;PTP1B_47;PTP1B_49;PTP1B_50;PTP1B_51;PTP1B_52;PTP1B_53;PTP1B_54;PTP1B_55;PTP1B_56;PTP1B_57;PTP1B_58;PTP1B_59;PTP1B_61;PTP1B_62;PTP1B_63;PTP1B_64;PTP1B_65;PTP1B_66;PTP1B_67;PTP1B_68;PTP1B_69;PTP1B_70;PTP1B_71;PTP1B_72;PTP1B_73;PTP1B_74;PTP1B_76;PTP1B_77;PTP1B_78;PTP1B_79;PTP1B_80;PTP1B_81;PTP1B_82;PTP1B_83;PTP1B_85;PTP1B_86;PTP1B_87;PTP1B_88;PTP1B_89;PTP1B_90;PTP1B_91;PTP1B_92;PTP1B_93;PTP1B_94;PTP1B_95;PTP1B_96;PTP1B_97;PTP1B_98;PTP1B_99;PTP1B_100;PTP1B_101;PTP1B_102;PTP1B_103;PTP1B_105;PTP1B_106;PTP1B_107;PTP1B_108;PTP1B_109;PTP1B_110;PTP1B_111;PTP1B_112;PTP1B_114;PTP1B_115;PTP1B_116;PTP1B_117;PTP1B_118;PTP1B_120;PTP1B_121;PTP1B_122;PTP1B_123;PTP1B_124;PTP1B_125;PTP1B_126;PTP1B_127;PTP1B_129;PTP1B_130;PTP1B_131;PTP1B_132;PTP1B_133;PTP1B_134;PTP1B_135;PTP1B_136;PTP1B_137;PTP1B_138;PTP1B_139;PTP1B_140;PTP1B_141;PTP1B_142;PTP1B_143;PTP1B_144;PTP1B_145;PTP1B_146;PTP1B_147;PTP1B_150;PTP1B_152;PTP1B_153;PTP1B_155;PTP1B_156;PTP1B_157;PTP1B_158;PTP1B_159;PTP1B_160;PTP1B_161;PTP1B_162;PTP1B_163;PTP1B_164;PTP1B_166;PTP1B_167;PTP1B_168;PTP1B_169;PTP1B_171;PTP1B_173;PTP1B_174;PTP1B_176;PTP1B_177;PTP1B_178;PTP1B_180;PTP1B_181;PTP1B_182;PTP1B_183;PTP1B_184;PTP1B_186;PTP1B_187;PTP1B_188;PTP1B_189;PTP1B_190;PTP1B_191;PTP1B_192;PTP1B_193;PTP1B_194;PTP1B_196;PTP1B_197;PTP1B_198;PTP1B_199;PTP1B_200;PTP1B_201;PTP1B_202;PTP1B_203;PTP1B_204;PTP1B_205;PTP1B_206;PTP1B_207;PTP1B_208;PTP1B_209;PTP1B_210;PTP1B_211;PTP1B_212;PTP1B_213;PTP1B_214;PTP1B_215;PTP1B_217;PTP1B_218;PTP1B_219;PTP1B_221;PTP1B_222;PTP1B_223;PTP1B_226;PTP1B_227;PTP1B_230;PTP1B_231;PTP1B_232;PTP1B_234;PTP1B_235;PTP1B_236;PTP1B_237;PTP1B_238;PTP1B_239;PTP1B_241;PTP1B_242;PTP1B_243;PTP1B_244;PTP1B_246;PTP1B_247;PTP1B_248;PTP1B_249;PTP1B_250;PTP1B_251;PTP1B_252;PTP1B_253;PTP1B_255;PTP1B_257;PTP1B_258;PTP1B_259;PTP1B_260;PTP1B_262;PTP1B_263;PTP1B_264;PTP1B_265;PTP1B_266;PTP1B_268;PTP1B_269;PTP1B_271;PTP1B_273;PTP1B_275;PTP1B_276;PTP1B_277;PTP1B_278;PTP1B_279;PTP1B_280;PTP1B_281;PTP1B_283;PTP1B_284;PTP1B_285;PTP1B_286;PTP1B_288;PTP1B_289;PTP1B_290;PTP1B_292;PTP1B_293;PTP1B_294;PTP1B_295;PTP1B_296;PTP1B_297;PTP1B_298;PTP1B_299;PTP1B_300;PTP1B_301;PTP1B_302;PTP1B_303;PTP1B_304;PTP1B_305;PTP1B_306;PTP1B_308;PTP1B_309;PTP1B_310;PTP1B_311;PTP1B_312;PTP1B_314;PTP1B_319
I219 | Hydrophobic contact | Aromatic ring unit,202,296,0.6824324324324325,Other,PTP1B_1;PTP1B_3;PTP1B_4;PTP1B_6;PTP1B_7;PTP1B_8;PTP1B_9;PTP1B_10;PTP1B_11;PTP1B_12;PTP1B_13;PTP1B_14;PTP1B_15;PTP1B_16;PTP1B_17;PTP1B_18;PTP1B_19;PTP1B_20;PTP1B_21;PTP1B_22;PTP1B_24;PTP1B_25;PTP1B_26;PTP1B_27;PTP1B_28;PTP1B_30;PTP1B_31;PTP1B_32;PTP1B_33;PTP1B_34;PTP1B_37;PTP1B_38;PTP1B_39;PTP1B_40;PTP1B_41;PTP1B_42;PTP1B_43;PTP1B_44;PTP1B_45;PTP1B_46;PTP1B_47;PTP1B_48;PTP1B_49;PTP1B_50;PTP1B_51;PTP1B_52;PTP1B_54;PTP1B_56;PTP1B_57;PTP1B_58;PTP1B_59;PTP1B_61;PTP1B_62;PTP1B_63;PTP1B_64;PTP1B_65;PTP1B_66;PTP1B_67;PTP1B_68;PTP1B_69;PTP1B_71;PTP1B_72;PTP1B_73;PTP1B_74;PTP1B_75;PTP1B_76;PTP1B_77;PTP1B_78;PTP1B_79;PTP1B_80;PTP1B_81;PTP1B_83;PTP1B_84;PTP1B_85;PTP1B_86;PTP1B_87;PTP1B_88;PTP1B_91;PTP1B_92;PTP1B_93;PTP1B_94;PTP1B_95;PTP1B_96;PTP1B_98;PTP1B_100;PTP1B_102;PTP1B_103;PTP1B_104;PTP1B_106;PTP1B_107;PTP1B_108;PTP1B_109;PTP1B_110;PTP1B_111;PTP1B_113;PTP1B_115;PTP1B_116;PTP1B_117;PTP1B_118;PTP1B_120;PTP1B_121;PTP1B_122;PTP1B_123;PTP1B_124;PTP1B_127;PTP1B_128;PTP1B_129;PTP1B_131;PTP1B_132;PTP1B_135;PTP1B_136;PTP1B_137;PTP1B_139;PTP1B_140;PTP1B_141;PTP1B_142;PTP1B_144;PTP1B_145;PTP1B_146;PTP1B_147;PTP1B_149;PTP1B_150;PTP1B_151;PTP1B_152;PTP1B_153;PTP1B_154;PTP1B_155;PTP1B_157;PTP1B_159;PTP1B_160;PTP1B_161;PTP1B_162;PTP1B_163;PTP1B_164;PTP1B_167;PTP1B_168;PTP1B_170;PTP1B_171;PTP1B_173;PTP1B_174;PTP1B_175;PTP1B_176;PTP1B_177;PTP1B_181;PTP1B_182;PTP1B_183;PTP1B_184;PTP1B_186;PTP1B_187;PTP1B_188;PTP1B_190;PTP1B_191;PTP1B_192;PTP1B_193;PTP1B_200;PTP1B_202;PTP1B_205;PTP1B_206;PTP1B_207;PTP1B_210;PTP1B_211;PTP1B_213;PTP1B_214;PTP1B_215;PTP1B_216;PTP1B_220;PTP1B_222;PTP1B_223;PTP1B_224;PTP1B_225;PTP1B_226;PTP1B_227;PTP1B_230;PTP1B_231;PTP1B_232;PTP1B_234;PTP1B_236;PTP1B_238;PTP1B_240;PTP1B_242;PTP1B_244;PTP1B_249;PTP1B_252;PTP1B_253;PTP1B_255;PTP1B_262;PTP1B_263;PTP1B_265;PTP1B_268;PTP1B_269;PTP1B_271;PTP1B_273;PTP1B_281;PTP1B_282;PTP1B_283;PTP1B_288;PTP1B_290;PTP1B_292;PTP1B_294;PTP1B_299;PTP1B_304;PTP1B_314
Q262 | Polar contact | Phosphate unit,118,296,0.39864864864864863,Other,PTP1B_3;PTP1B_7;PTP1B_9;PTP1B_11;PTP1B_14;PTP1B_18;PTP1B_19;PTP1B_21;PTP1B_24;PTP1B_27;PTP1B_30;PTP1B_31;PTP1B_35;PTP1B_38;PTP1B_39;PTP1B_41;PTP1B_43;PTP1B_53;PTP1B_55;PTP1B_59;PTP1B_62;PTP1B_63;PTP1B_68;PTP1B_73;PTP1B_74;PTP1B_75;PTP1B_78;PTP1B_80;PTP1B_81;PTP1B_93;PTP1B_100;PTP1B_101;PTP1B_102;PTP1B_103;PTP1B_104;PTP1B_106;PTP1B_107;PTP1B_108;PTP1B_109;PTP1B_114;PTP1B_115;PTP1B_118;PTP1B_119;PTP1B_120;PTP1B_124;PTP1B_126;PTP1B_127;PTP1B_129;PTP1B_131;PTP1B_136;PTP1B_138;PTP1B_152;PTP1B_153;PTP1B_154;PTP1B_155;PTP1B_160;PTP1B_162;PTP1B_163;PTP1B_166;PTP1B_167;PTP1B_168;PTP1B_169;PTP1B_171;PTP1B_175;PTP1B_179;PTP1B_186;PTP1B_187;PTP1B_191;PTP1B_192;PTP1B_194;PTP1B_205;PTP1B_206;PTP1B_207;PTP1B_208;PTP1B_209;PTP1B_210;PTP1B_212;PTP1B_213;PTP1B_214;PTP1B_215;PTP1B_216;PTP1B_217;PTP1B_218;PTP1B_221;PTP1B_222;PTP1B_223;PTP1B_224;PTP1B_225;PTP1B_226;PTP1B_231;PTP1B_233;PTP1B_234;PTP1B_237;PTP1B_241;PTP1B_244;PTP1B_246;PTP1B_251;PTP1B_253;PTP1B_258;PTP1B_259;PTP1B_260;PTP1B_264;PTP1B_269;PTP1B_271;PTP1B_273;PTP1B_275;PTP1B_281;PTP1B_282;PTP1B_285;PTP1B_286;PTP1B_289;PTP1B_292;PTP1B_296;PTP1B_298;PTP1B_305;PTP1B_306;PTP1B_312;PTP1B_314
F182 | Hydrophobic contact | Aromatic ring unit,71,296,0.23986486486486486,Other,PTP1B_6;PTP1B_8;PTP1B_9;PTP1B_19;PTP1B_21;PTP1B_22;PTP1B_41;PTP1B_43;PTP1B_48;PTP1B_50;PTP1B_51;PTP1B_57;PTP1B_58;PTP1B_59;PTP1B_62;PTP1B_64;PTP1B_66;PTP1B_69;PTP1B_77;PTP1B_78;PTP1B_80;PTP1B_86;PTP1B_91;PTP1B_98;PTP1B_102;PTP1B_107;PTP1B_109;PTP1B_113;PTP1B_115;PTP1B_116;PTP1B_120;PTP1B_122;PTP1B_123;PTP1B_126;PTP1B_128;PTP1B_129;PTP1B_135;PTP1B_140;PTP1B_143;PTP1B_146;PTP1B_150;PTP1B_152;PTP1B_168;PTP1B_169;PTP1B_170;PTP1B_176;PTP1B_181;PTP1B_186;PTP1B_187;PTP1B_189;PTP1B_210;PTP1B_222;PTP1B_224;PTP1B_231;PTP1B_232;PTP1B_236;PTP1B_238;PTP1B_245;PTP1B_258;PTP1B_259;PTP1B_268;PTP1B_275;PTP1B_276;PTP1B_281;PTP1B_286;PTP1B_289;PTP1B_290;PTP1B_294;PTP1B_298;PTP1B_305;PTP1B_314
Q262 | Hydrophobic contact | Aromatic ring unit,35,296,0.11824324324324324,Other,PTP1B_9;PTP1B_19;PTP1B_27;PTP1B_30;PTP1B_37;PTP1B_38;PTP1B_39;PTP1B_41;PTP1B_53;PTP1B_63;PTP1B_80;PTP1B_81;PTP1B_103;PTP1B_109;PTP1B_120;PTP1B_124;PTP1B_129;PTP1B_131;PTP1B_136;PTP1B_153;PTP1B_157;PTP1B_162;PTP1B_166;PTP1B_167;PTP1B_168;PTP1B_186;PTP1B_189;PTP1B_214;PTP1B_215;PTP1B_216;PTP1B_217;PTP1B_223;PTP1B_226;PTP1B_249;PTP1B_251
Q262 | Polar contact | N1 site,10,296,0.033783783783783786,Low-frequency,PTP1B_134;PTP1B_156;PTP1B_181;PTP1B_220;PTP1B_240;PTP1B_248;PTP1B_262;PTP1B_284;PTP1B_290;PTP1B_301
F182 | π contact | Aromatic ring unit,8,296,0.02702702702702703,Low-frequency,PTP1B_16;PTP1B_28;PTP1B_35;PTP1B_55;PTP1B_72;PTP1B_73;PTP1B_88;PTP1B_208
D181 | Polar contact | Phosphate unit,4,296,0.013513513513513514,Low-frequency,PTP1B_44;PTP1B_73;PTP1B_152;PTP1B_208
R47 | Polar contact | N1 site,1,296,0.0033783783783783786,Low-frequency,PTP1B_256
V49 | Hydrophobic contact | Aromatic ring unit,1,296,0.0033783783783783786,Low-frequency,PTP1B_294
Y46 | π contact | Aromatic ring unit,1,296,0.0033783783783783786,Low-frequency,PTP1B_284
