merged_class,n_original_classes,original_classes,n_structures,structure_ids,canonical_signature_edge_count,canonical_signature,merged_class_display,original_classes_display,n_common_edges_required,n_common_edges_missing,missing_common_edges,n_rare_edges_present,rare_edges_present,is_catalytic_candidate
class_1,3,class_1;class_3;class_6,9,PTP1B_9;PTP1B_19;PTP1B_41;PTP1B_80;PTP1B_109;PTP1B_120;PTP1B_129;PTP1B_168;PTP1B_186,15,A217 | Hydrophobic contact | Aromatic ring unit;A217 | Polar contact | Phosphate unit;C215 | Polar contact | Phosphate unit;D48 | Polar contact | N1 site;F182 | Hydrophobic contact | Aromatic ring unit;G218 | Polar contact | Phosphate unit;G220 | Polar contact | Phosphate unit;I219 | Hydrophobic contact | Aromatic ring unit;I219 | Polar contact | Phosphate unit;Q262 | Hydrophobic contact | Aromatic ring unit;Q262 | Polar contact | Phosphate unit;R221 | Polar contact | Phosphate unit;S216 | Polar contact | Phosphate unit;Y46 | Hydrophobic contact | Aliphatic carbon unit;Y46 | Hydrophobic contact | Aromatic ring unit,Class 1,Class 1; Class 3; Class 6,11,0,,0,,False
class_2,6,class_2;class_8;class_14;class_16;class_20;class_30,14,PTP1B_21;PTP1B_43;PTP1B_59;PTP1B_62;PTP1B_78;PTP1B_102;PTP1B_107;PTP1B_115;PTP1B_187;PTP1B_210;PTP1B_222;PTP1B_231;PTP1B_281;PTP1B_314,14,A217 | Hydrophobic contact | Aromatic ring unit;A217 | Polar contact | Phosphate unit;C215 | Polar contact | Phosphate unit;D48 | Polar contact | N1 site;F182 | Hydrophobic contact | Aromatic ring unit;G218 | Polar contact | Phosphate unit;G220 | Polar contact | Phosphate unit;I219 | Hydrophobic contact | Aromatic ring unit;I219 | Polar contact | Phosphate unit;Q262 | Polar contact | Phosphate unit;R221 | Polar contact | Phosphate unit;S216 | Polar contact | Phosphate unit;Y46 | Hydrophobic contact | Aliphatic carbon unit;Y46 | Hydrophobic contact | Aromatic ring unit,Class 2,Class 2; Class 8; Class 14; Class 16; Class 20; Class 30,11,0,,0,,False
class_3,1,class_4,1,PTP1B_152,15,A217 | Hydrophobic contact | Aromatic ring unit;A217 | Polar contact | Phosphate unit;C215 | Polar contact | Phosphate unit;D181 | Polar contact | Phosphate unit;D48 | Polar contact | N1 site;F182 | Hydrophobic contact | Aromatic ring unit;G218 | Polar contact | Phosphate unit;G220 | Polar contact | Phosphate unit;I219 | Hydrophobic contact | Aromatic ring unit;I219 | Polar contact | Phosphate unit;Q262 | Polar contact | Phosphate unit;R221 | Polar contact | Phosphate unit;S216 | Polar contact | Phosphate unit;Y46 | Hydrophobic contact | Aliphatic carbon unit;Y46 | Hydrophobic contact | Aromatic ring unit,Class 3,Class 4,11,0,,1,D181 | Polar contact | Phosphate unit,True
class_4,7,class_5;class_17;class_19;class_27;class_29;class_40;class_57,31,PTP1B_3;PTP1B_7;PTP1B_11;PTP1B_14;PTP1B_18;PTP1B_24;PTP1B_31;PTP1B_68;PTP1B_74;PTP1B_93;PTP1B_100;PTP1B_106;PTP1B_108;PTP1B_118;PTP1B_127;PTP1B_155;PTP1B_160;PTP1B_163;PTP1B_171;PTP1B_191;PTP1B_192;PTP1B_205;PTP1B_206;PTP1B_207;PTP1B_213;PTP1B_234;PTP1B_244;PTP1B_253;PTP1B_269;PTP1B_273;PTP1B_292,13,A217 | Hydrophobic contact | Aromatic ring unit;A217 | Polar contact | Phosphate unit;C215 | Polar contact | Phosphate unit;D48 | Polar contact | N1 site;G218 | Polar contact | Phosphate unit;G220 | Polar contact | Phosphate unit;I219 | Hydrophobic contact | Aromatic ring unit;I219 | Polar contact | Phosphate unit;Q262 | Polar contact | Phosphate unit;R221 | Polar contact | Phosphate unit;S216 | Polar contact | Phosphate unit;Y46 | Hydrophobic contact | Aliphatic carbon unit;Y46 | Hydrophobic contact | Aromatic ring unit,Class 4,Class 5; Class 17; Class 19; Class 27; Class 29; Class 40; Class 57,11,0,,0,,False
class_5,3,class_7;class_11;class_23,17,PTP1B_27;PTP1B_30;PTP1B_38;PTP1B_39;PTP1B_63;PTP1B_81;PTP1B_103;PTP1B_124;PTP1B_131;PTP1B_136;PTP1B_153;PTP1B_162;PTP1B_167;PTP1B_214;PTP1B_215;PTP1B_223;PTP1B_226,14,A217 | Hydrophobic contact | Aromatic ring unit;A217 | Polar contact | Phosphate unit;C215 | Polar contact | Phosphate unit;D48 | Polar contact | N1 site;G218 | Polar contact | Phosphate unit;G220 | Polar contact | Phosphate unit;I219 | Hydrophobic contact | Aromatic ring unit;I219 | Polar contact | Phosphate unit;Q262 | Hydrophobic contact | Aromatic ring unit;Q262 | Polar contact | Phosphate unit;R221 | Polar contact | Phosphate unit;S216 | Polar contact | Phosphate unit;Y46 | Hydrophobic contact | Aliphatic carbon unit;Y46 | Hydrophobic contact | Aromatic ring unit,Class 5,Class 7; Class 11; Class 23,11,0,,0,,False
class_6,1,class_9,1,PTP1B_73,15,A217 | Hydrophobic contact | Aromatic ring unit;A217 | Polar contact | Phosphate unit;C215 | Polar contact | Phosphate unit;D181 | Polar contact | Phosphate unit;D48 | Polar contact | N1 site;F182 | π contact | Aromatic ring unit;G218 | Polar contact | Phosphate unit;G220 | Polar contact | Phosphate unit;I219 | Hydrophobic contact | Aromatic ring unit;I219 | Polar contact | Phosphate unit;Q262 | Polar contact | Phosphate unit;R221 | Polar contact | Phosphate unit;S216 | Polar contact | Phosphate unit;Y46 | Hydrophobic contact | Aliphatic carbon unit;Y46 | Hydrophobic contact | Aromatic ring unit,Class 6,Class 9,11,0,,2,D181 | Polar contact | Phosphate unit;F182 | π contact | Aromatic ring unit,True
class_7,5,class_10;class_15;class_33;class_34;class_51,9,PTP1B_126;PTP1B_169;PTP1B_258;PTP1B_259;PTP1B_275;PTP1B_286;PTP1B_289;PTP1B_298;PTP1B_305,13,A217 | Hydrophobic contact | Aromatic ring unit;A217 | Polar contact | Phosphate unit;C215 | Polar contact | Phosphate unit;D48 | Polar contact | N1 site;F182 | Hydrophobic contact | Aromatic ring unit;G218 | Polar contact | Phosphate unit;G220 | Polar contact | Phosphate unit;I219 | Polar contact | Phosphate unit;Q262 | Polar contact | Phosphate unit;R221 | Polar contact | Phosphate unit;S216 | Polar contact | Phosphate unit;Y46 | Hydrophobic contact | Aliphatic carbon unit;Y46 | Hydrophobic contact | Aromatic ring unit,Class 7,Class 10; Class 15; Class 33; Class 34; Class 51,11,0,,0,,False
class_8,1,class_12,2,PTP1B_181;PTP1B_290,14,A217 | Hydrophobic contact | Aromatic ring unit;A217 | Polar contact | Phosphate unit;C215 | Polar contact | Phosphate unit;D48 | Polar contact | N1 site;F182 | Hydrophobic contact | Aromatic ring unit;G218 | Polar contact | Phosphate unit;G220 | Polar contact | Phosphate unit;I219 | Hydrophobic contact | Aromatic ring unit;I219 | Polar contact | Phosphate unit;Q262 | Polar contact | N1 site;R221 | Polar contact | Phosphate unit;S216 | Polar contact | Phosphate unit;Y46 | Hydrophobic contact | Aliphatic carbon unit;Y46 | Hydrophobic contact | Aromatic ring unit,Class 8,Class 12,11,0,,1,Q262 | Polar contact | N1 site,True
class_9,1,class_13,1,PTP1B_208,14,A217 | Hydrophobic contact | Aromatic ring unit;A217 | Polar contact | Phosphate unit;C215 | Polar contact | Phosphate unit;D181 | Polar contact | Phosphate unit;D48 | Polar contact | N1 site;F182 | π contact | Aromatic ring unit;G218 | Polar contact | Phosphate unit;G220 | Polar contact | Phosphate unit;I219 | Polar contact | Phosphate unit;Q262 | Polar contact | Phosphate unit;R221 | Polar contact | Phosphate unit;S216 | Polar contact | Phosphate unit;Y46 | Hydrophobic contact | Aliphatic carbon unit;Y46 | Hydrophobic contact | Aromatic ring unit,Class 9,Class 13,11,0,,2,D181 | Polar contact | Phosphate unit;F182 | π contact | Aromatic ring unit,True
class_10,3,class_18;class_24;class_37,25,PTP1B_6;PTP1B_8;PTP1B_22;PTP1B_50;PTP1B_51;PTP1B_57;PTP1B_58;PTP1B_64;PTP1B_66;PTP1B_69;PTP1B_77;PTP1B_86;PTP1B_91;PTP1B_98;PTP1B_116;PTP1B_122;PTP1B_123;PTP1B_135;PTP1B_140;PTP1B_146;PTP1B_150;PTP1B_176;PTP1B_232;PTP1B_236;PTP1B_238,13,A217 | Hydrophobic contact | Aromatic ring unit;A217 | Polar contact | Phosphate unit;C215 | Polar contact | Phosphate unit;D48 | Polar contact | N1 site;F182 | Hydrophobic contact | Aromatic ring unit;G218 | Polar contact | Phosphate unit;G220 | Polar contact | Phosphate unit;I219 | Hydrophobic contact | Aromatic ring unit;I219 | Polar contact | Phosphate unit;R221 | Polar contact | Phosphate unit;S216 | Polar contact | Phosphate unit;Y46 | Hydrophobic contact | Aliphatic carbon unit;Y46 | Hydrophobic contact | Aromatic ring unit,Class 10,Class 18; Class 24; Class 37,11,0,,0,,False
class_11,3,class_21;class_39;class_45,4,PTP1B_16;PTP1B_28;PTP1B_72;PTP1B_88,13,A217 | Hydrophobic contact | Aromatic ring unit;A217 | Polar contact | Phosphate unit;C215 | Polar contact | Phosphate unit;D48 | Polar contact | N1 site;F182 | π contact | Aromatic ring unit;G218 | Polar contact | Phosphate unit;G220 | Polar contact | Phosphate unit;I219 | Hydrophobic contact | Aromatic ring unit;I219 | Polar contact | Phosphate unit;R221 | Polar contact | Phosphate unit;S216 | Polar contact | Phosphate unit;Y46 | Hydrophobic contact | Aliphatic carbon unit;Y46 | Hydrophobic contact | Aromatic ring unit,Class 11,Class 21; Class 39; Class 45,11,0,,1,F182 | π contact | Aromatic ring unit,True
class_12,1,class_22,3,PTP1B_37;PTP1B_157;PTP1B_249,13,A217 | Hydrophobic contact | Aromatic ring unit;A217 | Polar contact | Phosphate unit;C215 | Polar contact | Phosphate unit;D48 | Polar contact | N1 site;G218 | Polar contact | Phosphate unit;G220 | Polar contact | Phosphate unit;I219 | Hydrophobic contact | Aromatic ring unit;I219 | Polar contact | Phosphate unit;Q262 | Hydrophobic contact | Aromatic ring unit;R221 | Polar contact | Phosphate unit;S216 | Polar contact | Phosphate unit;Y46 | Hydrophobic contact | Aliphatic carbon unit;Y46 | Hydrophobic contact | Aromatic ring unit,Class 12,Class 22,11,0,,0,,False
class_13,3,class_25;class_31;class_59,4,PTP1B_53;PTP1B_166;PTP1B_217;PTP1B_251,13,A217 | Hydrophobic contact | Aromatic ring unit;A217 | Polar contact | Phosphate unit;C215 | Polar contact | Phosphate unit;D48 | Polar contact | N1 site;G218 | Polar contact | Phosphate unit;G220 | Polar contact | Phosphate unit;I219 | Polar contact | Phosphate unit;Q262 | Hydrophobic contact | Aromatic ring unit;Q262 | Polar contact | Phosphate unit;R221 | Polar contact | Phosphate unit;S216 | Polar contact | Phosphate unit;Y46 | Hydrophobic contact | Aliphatic carbon unit;Y46 | Hydrophobic contact | Aromatic ring unit,Class 13,Class 25; Class 31; Class 59,11,0,,0,,False
class_14,8,class_26;class_28;class_35;class_38;class_44;class_46;class_68;class_77,66,PTP1B_4;PTP1B_10;PTP1B_12;PTP1B_13;PTP1B_15;PTP1B_17;PTP1B_20;PTP1B_25;PTP1B_32;PTP1B_33;PTP1B_34;PTP1B_40;PTP1B_42;PTP1B_45;PTP1B_46;PTP1B_47;PTP1B_49;PTP1B_52;PTP1B_54;PTP1B_56;PTP1B_65;PTP1B_67;PTP1B_71;PTP1B_76;PTP1B_79;PTP1B_83;PTP1B_85;PTP1B_87;PTP1B_92;PTP1B_94;PTP1B_95;PTP1B_96;PTP1B_110;PTP1B_111;PTP1B_117;PTP1B_121;PTP1B_132;PTP1B_137;PTP1B_139;PTP1B_141;PTP1B_142;PTP1B_144;PTP1B_145;PTP1B_147;PTP1B_159;PTP1B_161;PTP1B_164;PTP1B_174;PTP1B_177;PTP1B_182;PTP1B_183;PTP1B_184;PTP1B_188;PTP1B_190;PTP1B_193;PTP1B_200;PTP1B_202;PTP1B_211;PTP1B_227;PTP1B_230;PTP1B_242;PTP1B_252;PTP1B_255;PTP1B_263;PTP1B_265;PTP1B_288,12,A217 | Hydrophobic contact | Aromatic ring unit;A217 | Polar contact | Phosphate unit;C215 | Polar contact | Phosphate unit;D48 | Polar contact | N1 site;G218 | Polar contact | Phosphate unit;G220 | Polar contact | Phosphate unit;I219 | Hydrophobic contact | Aromatic ring unit;I219 | Polar contact | Phosphate unit;R221 | Polar contact | Phosphate unit;S216 | Polar contact | Phosphate unit;Y46 | Hydrophobic contact | Aliphatic carbon unit;Y46 | Hydrophobic contact | Aromatic ring unit,Class 14,Class 26; Class 28; Class 35; Class 38; Class 44; Class 46; Class 68; Class 77,11,0,,0,,False
class_15,3,class_32;class_49;class_66,4,PTP1B_134;PTP1B_156;PTP1B_248;PTP1B_301,12,A217 | Hydrophobic contact | Aromatic ring unit;A217 | Polar contact | Phosphate unit;C215 | Polar contact | Phosphate unit;D48 | Polar contact | N1 site;G218 | Polar contact | Phosphate unit;G220 | Polar contact | Phosphate unit;I219 | Polar contact | Phosphate unit;Q262 | Polar contact | N1 site;R221 | Polar contact | Phosphate unit;S216 | Polar contact | Phosphate unit;Y46 | Hydrophobic contact | Aliphatic carbon unit;Y46 | Hydrophobic contact | Aromatic ring unit,Class 15,Class 32; Class 49; Class 66,11,0,,1,Q262 | Polar contact | N1 site,True
class_16,9,class_36;class_69;class_72;class_78;class_79;class_86;class_87;class_89;class_96,40,PTP1B_5;PTP1B_23;PTP1B_70;PTP1B_82;PTP1B_89;PTP1B_90;PTP1B_97;PTP1B_99;PTP1B_112;PTP1B_125;PTP1B_130;PTP1B_133;PTP1B_158;PTP1B_178;PTP1B_180;PTP1B_196;PTP1B_197;PTP1B_198;PTP1B_199;PTP1B_201;PTP1B_203;PTP1B_204;PTP1B_219;PTP1B_239;PTP1B_243;PTP1B_247;PTP1B_250;PTP1B_266;PTP1B_277;PTP1B_278;PTP1B_279;PTP1B_293;PTP1B_295;PTP1B_297;PTP1B_300;PTP1B_303;PTP1B_308;PTP1B_309;PTP1B_310;PTP1B_311,11,A217 | Hydrophobic contact | Aromatic ring unit;A217 | Polar contact | Phosphate unit;C215 | Polar contact | Phosphate unit;D48 | Polar contact | N1 site;G218 | Polar contact | Phosphate unit;G220 | Polar contact | Phosphate unit;I219 | Polar contact | Phosphate unit;R221 | Polar contact | Phosphate unit;S216 | Polar contact | Phosphate unit;Y46 | Hydrophobic contact | Aliphatic carbon unit;Y46 | Hydrophobic contact | Aromatic ring unit,Class 16,Class 36; Class 69; Class 72; Class 78; Class 79; Class 86; Class 87; Class 89; Class 96,11,0,,0,,False
class_17,2,class_41;class_43,2,PTP1B_35;PTP1B_55,13,A217 | Hydrophobic contact | Aromatic ring unit;A217 | Polar contact | Phosphate unit;C215 | Polar contact | Phosphate unit;D48 | Polar contact | N1 site;F182 | π contact | Aromatic ring unit;G218 | Polar contact | Phosphate unit;G220 | Polar contact | Phosphate unit;I219 | Polar contact | Phosphate unit;Q262 | Polar contact | Phosphate unit;R221 | Polar contact | Phosphate unit;S216 | Polar contact | Phosphate unit;Y46 | Hydrophobic contact | Aliphatic carbon unit;Y46 | Hydrophobic contact | Aromatic ring unit,Class 17,Class 41; Class 43,11,0,,1,F182 | π contact | Aromatic ring unit,True
class_18,1,class_42,1,PTP1B_44,13,A217 | Hydrophobic contact | Aromatic ring unit;A217 | Polar contact | Phosphate unit;C215 | Polar contact | Phosphate unit;D181 | Polar contact | Phosphate unit;D48 | Polar contact | N1 site;G218 | Polar contact | Phosphate unit;G220 | Polar contact | Phosphate unit;I219 | Hydrophobic contact | Aromatic ring unit;I219 | Polar contact | Phosphate unit;R221 | Polar contact | Phosphate unit;S216 | Polar contact | Phosphate unit;Y46 | Hydrophobic contact | Aliphatic carbon unit;Y46 | Hydrophobic contact | Aromatic ring unit,Class 18,Class 42,11,0,,1,D181 | Polar contact | Phosphate unit,True
class_19,4,class_47;class_48;class_58;class_74,13,PTP1B_101;PTP1B_114;PTP1B_138;PTP1B_194;PTP1B_209;PTP1B_212;PTP1B_218;PTP1B_237;PTP1B_241;PTP1B_246;PTP1B_285;PTP1B_296;PTP1B_312,12,A217 | Hydrophobic contact | Aromatic ring unit;A217 | Polar contact | Phosphate unit;C215 | Polar contact | Phosphate unit;D48 | Polar contact | N1 site;G218 | Polar contact | Phosphate unit;G220 | Polar contact | Phosphate unit;I219 | Polar contact | Phosphate unit;Q262 | Polar contact | Phosphate unit;R221 | Polar contact | Phosphate unit;S216 | Polar contact | Phosphate unit;Y46 | Hydrophobic contact | Aliphatic carbon unit;Y46 | Hydrophobic contact | Aromatic ring unit,Class 19,Class 47; Class 48; Class 58; Class 74,11,0,,0,,False
class_20,2,class_50;class_63,2,PTP1B_143;PTP1B_276,12,A217 | Hydrophobic contact | Aromatic ring unit;A217 | Polar contact | Phosphate unit;C215 | Polar contact | Phosphate unit;D48 | Polar contact | N1 site;F182 | Hydrophobic contact | Aromatic ring unit;G218 | Polar contact | Phosphate unit;G220 | Polar contact | Phosphate unit;I219 | Polar contact | Phosphate unit;R221 | Polar contact | Phosphate unit;S216 | Polar contact | Phosphate unit;Y46 | Hydrophobic contact | Aliphatic carbon unit;Y46 | Hydrophobic contact | Aromatic ring unit,Class 20,Class 50; Class 63,11,0,,0,,False
class_21,3,class_52;class_56;class_71,6,PTP1B_75;PTP1B_104;PTP1B_154;PTP1B_175;PTP1B_225;PTP1B_282,12,A217 | Hydrophobic contact | Aromatic ring unit;A217 | Polar contact | Phosphate unit;C215 | Polar contact | Phosphate unit;G218 | Polar contact | Phosphate unit;G220 | Polar contact | Phosphate unit;I219 | Hydrophobic contact | Aromatic ring unit;I219 | Polar contact | Phosphate unit;Q262 | Polar contact | Phosphate unit;R221 | Polar contact | Phosphate unit;S216 | Polar contact | Phosphate unit;Y46 | Hydrophobic contact | Aliphatic carbon unit;Y46 | Hydrophobic contact | Aromatic ring unit,Class 21,Class 52; Class 56; Class 71,11,1,D48 | Polar contact | N1 site,0,,False
class_22,1,class_53,1,PTP1B_189,13,A217 | Hydrophobic contact | Aromatic ring unit;A217 | Polar contact | Phosphate unit;C215 | Polar contact | Phosphate unit;D48 | Polar contact | N1 site;F182 | Hydrophobic contact | Aromatic ring unit;G218 | Polar contact | Phosphate unit;G220 | Polar contact | Phosphate unit;I219 | Polar contact | Phosphate unit;Q262 | Hydrophobic contact | Aromatic ring unit;R221 | Polar contact | Phosphate unit;S216 | Polar contact | Phosphate unit;Y46 | Hydrophobic contact | Aliphatic carbon unit;Y46 | Hydrophobic contact | Aromatic ring unit,Class 22,Class 53,11,0,,0,,False
class_23,1,class_54,1,PTP1B_216,13,A217 | Hydrophobic contact | Aromatic ring unit;A217 | Polar contact | Phosphate unit;C215 | Polar contact | Phosphate unit;G218 | Polar contact | Phosphate unit;G220 | Polar contact | Phosphate unit;I219 | Hydrophobic contact | Aromatic ring unit;I219 | Polar contact | Phosphate unit;Q262 | Hydrophobic contact | Aromatic ring unit;Q262 | Polar contact | Phosphate unit;R221 | Polar contact | Phosphate unit;S216 | Polar contact | Phosphate unit;Y46 | Hydrophobic contact | Aliphatic carbon unit;Y46 | Hydrophobic contact | Aromatic ring unit,Class 23,Class 54,11,1,D48 | Polar contact | N1 site,0,,False
class_24,1,class_55,1,PTP1B_224,13,A217 | Hydrophobic contact | Aromatic ring unit;A217 | Polar contact | Phosphate unit;C215 | Polar contact | Phosphate unit;F182 | Hydrophobic contact | Aromatic ring unit;G218 | Polar contact | Phosphate unit;G220 | Polar contact | Phosphate unit;I219 | Hydrophobic contact | Aromatic ring unit;I219 | Polar contact | Phosphate unit;Q262 | Polar contact | Phosphate unit;R221 | Polar contact | Phosphate unit;S216 | Polar contact | Phosphate unit;Y46 | Hydrophobic contact | Aliphatic carbon unit;Y46 | Hydrophobic contact | Aromatic ring unit,Class 24,Class 55,11,1,D48 | Polar contact | N1 site,0,,False
class_25,1,class_60,1,PTP1B_262,13,A217 | Hydrophobic contact | Aromatic ring unit;A217 | Polar contact | Phosphate unit;C215 | Polar contact | Phosphate unit;D48 | Polar contact | N1 site;G218 | Polar contact | Phosphate unit;G220 | Polar contact | Phosphate unit;I219 | Hydrophobic contact | Aromatic ring unit;I219 | Polar contact | Phosphate unit;Q262 | Polar contact | N1 site;R221 | Polar contact | Phosphate unit;S216 | Polar contact | Phosphate unit;Y46 | Hydrophobic contact | Aliphatic carbon unit;Y46 | Hydrophobic contact | Aromatic ring unit,Class 25,Class 60,11,0,,1,Q262 | Polar contact | N1 site,True
class_26,1,class_61,1,PTP1B_268,12,A217 | Hydrophobic contact | Aromatic ring unit;A217 | Polar contact | Phosphate unit;C215 | Polar contact | Phosphate unit;D48 | Polar contact | N1 site;F182 | Hydrophobic contact | Aromatic ring unit;G218 | Polar contact | Phosphate unit;I219 | Hydrophobic contact | Aromatic ring unit;I219 | Polar contact | Phosphate unit;R221 | Polar contact | Phosphate unit;S216 | Polar contact | Phosphate unit;Y46 | Hydrophobic contact | Aliphatic carbon unit;Y46 | Hydrophobic contact | Aromatic ring unit,Class 26,Class 61,11,1,G220 | Polar contact | Phosphate unit,0,,False
class_27,1,class_62,1,PTP1B_271,12,A217 | Hydrophobic contact | Aromatic ring unit;A217 | Polar contact | Phosphate unit;C215 | Polar contact | Phosphate unit;D48 | Polar contact | N1 site;G218 | Polar contact | Phosphate unit;I219 | Hydrophobic contact | Aromatic ring unit;I219 | Polar contact | Phosphate unit;Q262 | Polar contact | Phosphate unit;R221 | Polar contact | Phosphate unit;S216 | Polar contact | Phosphate unit;Y46 | Hydrophobic contact | Aliphatic carbon unit;Y46 | Hydrophobic contact | Aromatic ring unit,Class 27,Class 62,11,1,G220 | Polar contact | Phosphate unit,0,,False
class_28,1,class_64,1,PTP1B_294,13,A217 | Hydrophobic contact | Aromatic ring unit;A217 | Polar contact | Phosphate unit;C215 | Polar contact | Phosphate unit;D48 | Polar contact | N1 site;F182 | Hydrophobic contact | Aromatic ring unit;G218 | Polar contact | Phosphate unit;I219 | Hydrophobic contact | Aromatic ring unit;I219 | Polar contact | Phosphate unit;R221 | Polar contact | Phosphate unit;S216 | Polar contact | Phosphate unit;V49 | Hydrophobic contact | Aromatic ring unit;Y46 | Hydrophobic contact | Aliphatic carbon unit;Y46 | Hydrophobic contact | Aromatic ring unit,Class 28,Class 64,11,1,G220 | Polar contact | Phosphate unit,1,V49 | Hydrophobic contact | Aromatic ring unit,False
class_29,2,class_65;class_76,4,PTP1B_173;PTP1B_283;PTP1B_299;PTP1B_304,11,A217 | Hydrophobic contact | Aromatic ring unit;A217 | Polar contact | Phosphate unit;C215 | Polar contact | Phosphate unit;D48 | Polar contact | N1 site;G218 | Polar contact | Phosphate unit;I219 | Hydrophobic contact | Aromatic ring unit;I219 | Polar contact | Phosphate unit;R221 | Polar contact | Phosphate unit;S216 | Polar contact | Phosphate unit;Y46 | Hydrophobic contact | Aliphatic carbon unit;Y46 | Hydrophobic contact | Aromatic ring unit,Class 29,Class 65; Class 76,11,1,G220 | Polar contact | Phosphate unit,0,,False
class_30,1,class_67,2,PTP1B_1;PTP1B_61,11,A217 | Hydrophobic contact | Aromatic ring unit;A217 | Polar contact | Phosphate unit;C215 | Polar contact | Phosphate unit;D48 | Polar contact | N1 site;G220 | Polar contact | Phosphate unit;I219 | Hydrophobic contact | Aromatic ring unit;I219 | Polar contact | Phosphate unit;R221 | Polar contact | Phosphate unit;S216 | Polar contact | Phosphate unit;Y46 | Hydrophobic contact | Aliphatic carbon unit;Y46 | Hydrophobic contact | Aromatic ring unit,Class 30,Class 67,11,1,G218 | Polar contact | Phosphate unit,0,,False
class_31,1,class_70,4,PTP1B_48;PTP1B_113;PTP1B_128;PTP1B_170,12,A217 | Hydrophobic contact | Aromatic ring unit;A217 | Polar contact | Phosphate unit;C215 | Polar contact | Phosphate unit;F182 | Hydrophobic contact | Aromatic ring unit;G218 | Polar contact | Phosphate unit;G220 | Polar contact | Phosphate unit;I219 | Hydrophobic contact | Aromatic ring unit;I219 | Polar contact | Phosphate unit;R221 | Polar contact | Phosphate unit;S216 | Polar contact | Phosphate unit;Y46 | Hydrophobic contact | Aliphatic carbon unit;Y46 | Hydrophobic contact | Aromatic ring unit,Class 31,Class 70,11,1,D48 | Polar contact | N1 site,0,,False
class_32,4,class_73;class_93;class_95;class_97,5,PTP1B_105;PTP1B_235;PTP1B_280;PTP1B_302;PTP1B_319,10,A217 | Hydrophobic contact | Aromatic ring unit;A217 | Polar contact | Phosphate unit;C215 | Polar contact | Phosphate unit;D48 | Polar contact | N1 site;G218 | Polar contact | Phosphate unit;I219 | Polar contact | Phosphate unit;R221 | Polar contact | Phosphate unit;S216 | Polar contact | Phosphate unit;Y46 | Hydrophobic contact | Aliphatic carbon unit;Y46 | Hydrophobic contact | Aromatic ring unit,Class 32,Class 73; Class 93; Class 95; Class 97,11,1,G220 | Polar contact | Phosphate unit,0,,False
class_33,3,class_75;class_88;class_91,3,PTP1B_84;PTP1B_149;PTP1B_151,11,A217 | Hydrophobic contact | Aromatic ring unit;A217 | Polar contact | Phosphate unit;C215 | Polar contact | Phosphate unit;G218 | Polar contact | Phosphate unit;G220 | Polar contact | Phosphate unit;I219 | Hydrophobic contact | Aromatic ring unit;I219 | Polar contact | Phosphate unit;R221 | Polar contact | Phosphate unit;S216 | Polar contact | Phosphate unit;Y46 | Hydrophobic contact | Aliphatic carbon unit;Y46 | Hydrophobic contact | Aromatic ring unit,Class 33,Class 75; Class 88; Class 91,11,1,D48 | Polar contact | N1 site,0,,False
class_34,1,class_80,2,PTP1B_220;PTP1B_240,12,A217 | Hydrophobic contact | Aromatic ring unit;A217 | Polar contact | Phosphate unit;C215 | Polar contact | Phosphate unit;G218 | Polar contact | Phosphate unit;G220 | Polar contact | Phosphate unit;I219 | Hydrophobic contact | Aromatic ring unit;I219 | Polar contact | Phosphate unit;Q262 | Polar contact | N1 site;R221 | Polar contact | Phosphate unit;S216 | Polar contact | Phosphate unit;Y46 | Hydrophobic contact | Aliphatic carbon unit;Y46 | Hydrophobic contact | Aromatic ring unit,Class 34,Class 80,11,1,D48 | Polar contact | N1 site,1,Q262 | Polar contact | N1 site,False
class_35,3,class_81;class_83;class_84,4,PTP1B_221;PTP1B_260;PTP1B_264;PTP1B_306,11,A217 | Hydrophobic contact | Aromatic ring unit;A217 | Polar contact | Phosphate unit;C215 | Polar contact | Phosphate unit;D48 | Polar contact | N1 site;G218 | Polar contact | Phosphate unit;I219 | Polar contact | Phosphate unit;Q262 | Polar contact | Phosphate unit;R221 | Polar contact | Phosphate unit;S216 | Polar contact | Phosphate unit;Y46 | Hydrophobic contact | Aliphatic carbon unit;Y46 | Hydrophobic contact | Aromatic ring unit,Class 35,Class 81; Class 83; Class 84,11,1,G220 | Polar contact | Phosphate unit,0,,False
class_36,1,class_82,1,PTP1B_245,11,A217 | Hydrophobic contact | Aromatic ring unit;A217 | Polar contact | Phosphate unit;C215 | Polar contact | Phosphate unit;F182 | Hydrophobic contact | Aromatic ring unit;G218 | Polar contact | Phosphate unit;G220 | Polar contact | Phosphate unit;I219 | Polar contact | Phosphate unit;R221 | Polar contact | Phosphate unit;S216 | Polar contact | Phosphate unit;Y46 | Hydrophobic contact | Aliphatic carbon unit;Y46 | Hydrophobic contact | Aromatic ring unit,Class 36,Class 82,11,1,D48 | Polar contact | N1 site,0,,False
class_37,1,class_85,1,PTP1B_284,12,A217 | Hydrophobic contact | Aromatic ring unit;A217 | Polar contact | Phosphate unit;C215 | Polar contact | Phosphate unit;D48 | Polar contact | N1 site;G218 | Polar contact | Phosphate unit;G220 | Polar contact | Phosphate unit;I219 | Polar contact | Phosphate unit;Q262 | Polar contact | N1 site;R221 | Polar contact | Phosphate unit;S216 | Polar contact | Phosphate unit;Y46 | Hydrophobic contact | Aliphatic carbon unit;Y46 | π contact | Aromatic ring unit,Class 37,Class 85,11,1,Y46 | Hydrophobic contact | Aromatic ring unit,2,Q262 | Polar contact | N1 site;Y46 | π contact | Aromatic ring unit,False
class_38,2,class_90;class_92,3,PTP1B_119;PTP1B_179;PTP1B_233,11,A217 | Hydrophobic contact | Aromatic ring unit;A217 | Polar contact | Phosphate unit;C215 | Polar contact | Phosphate unit;G218 | Polar contact | Phosphate unit;G220 | Polar contact | Phosphate unit;I219 | Polar contact | Phosphate unit;Q262 | Polar contact | Phosphate unit;R221 | Polar contact | Phosphate unit;S216 | Polar contact | Phosphate unit;Y46 | Hydrophobic contact | Aliphatic carbon unit;Y46 | Hydrophobic contact | Aromatic ring unit,Class 38,Class 90; Class 92,11,1,D48 | Polar contact | N1 site,0,,False
class_39,1,class_94,1,PTP1B_256,11,A217 | Hydrophobic contact | Aromatic ring unit;A217 | Polar contact | Phosphate unit;C215 | Polar contact | Phosphate unit;G218 | Polar contact | Phosphate unit;G220 | Polar contact | Phosphate unit;I219 | Polar contact | Phosphate unit;R221 | Polar contact | Phosphate unit;R47 | Polar contact | N1 site;S216 | Polar contact | Phosphate unit;Y46 | Hydrophobic contact | Aliphatic carbon unit;Y46 | Hydrophobic contact | Aromatic ring unit,Class 39,Class 94,11,1,D48 | Polar contact | N1 site,1,R47 | Polar contact | N1 site,False
class_40,1,class_98,1,PTP1B_26,10,A217 | Hydrophobic contact | Aromatic ring unit;A217 | Polar contact | Phosphate unit;C215 | Polar contact | Phosphate unit;G218 | Polar contact | Phosphate unit;G220 | Polar contact | Phosphate unit;I219 | Hydrophobic contact | Aromatic ring unit;I219 | Polar contact | Phosphate unit;R221 | Polar contact | Phosphate unit;S216 | Polar contact | Phosphate unit;Y46 | Hydrophobic contact | Aliphatic carbon unit,Class 40,Class 98,11,2,D48 | Polar contact | N1 site;Y46 | Hydrophobic contact | Aromatic ring unit,0,,False
class_41,1,class_99,2,PTP1B_165;PTP1B_254,10,A217 | Hydrophobic contact | Aromatic ring unit;A217 | Polar contact | Phosphate unit;C215 | Polar contact | Phosphate unit;G218 | Polar contact | Phosphate unit;G220 | Polar contact | Phosphate unit;I219 | Polar contact | Phosphate unit;R221 | Polar contact | Phosphate unit;S216 | Polar contact | Phosphate unit;Y46 | Hydrophobic contact | Aliphatic carbon unit;Y46 | Hydrophobic contact | Aromatic ring unit,Class 41,Class 99,11,1,D48 | Polar contact | N1 site,0,,False
class_42,1,class_100,1,PTP1B_257,10,A217 | Hydrophobic contact | Aromatic ring unit;A217 | Polar contact | Phosphate unit;C215 | Polar contact | Phosphate unit;D48 | Polar contact | N1 site;G218 | Polar contact | Phosphate unit;G220 | Polar contact | Phosphate unit;I219 | Polar contact | Phosphate unit;R221 | Polar contact | Phosphate unit;S216 | Polar contact | Phosphate unit;Y46 | Hydrophobic contact | Aliphatic carbon unit,Class 42,Class 100,11,1,Y46 | Hydrophobic contact | Aromatic ring unit,0,,False
